Input #0, mov,mp4,m4a,3gp,3g2,mj2, from '/Users/shivamgupta/Downloads/UnivaBio/UnivaBio/outputs/demo-final/output/looplight-narrated-demo.mp4':
  Metadata:
    major_brand     : isom
    minor_version   : 512
    compatible_brands: isomiso2avc1mp41
    encoder         : Lavf61.7.100
  Duration: 00:02:38.60, start: 0.000000, bitrate: 391 kb/s
  Stream #0:0[0x1](und): Video: h264 (High) (avc1 / 0x31637661), yuvj420p(pc, bt470bg/unknown/unknown, progressive), 1920x1080 [SAR 1:1 DAR 16:9], 192 kb/s, 30 fps, 30 tbr, 15360 tbn (default)
      Metadata:
        handler_name    : VideoHandler
        vendor_id       : [0][0][0][0]
        encoder         : Lavc61.19.100 libx264
  Stream #0:1[0x2](und): Audio: aac (LC) (mp4a / 0x6134706D), 48000 Hz, mono, fltp, 190 kb/s (default)
      Metadata:
        handler_name    : SoundHandler
        vendor_id       : [0][0][0][0]
Stream mapping:
  Stream #0:0 -> #0:0 (h264 (native) -> wrapped_avframe (native))
  Stream #0:1 -> #0:1 (aac (native) -> pcm_s16le (native))
Press [q] to stop, [?] for help
[Parsed_ebur128_0 @ 0x146a064a0] t: 0.0999792  TARGET:-23 LUFS    M:-120.7 S:-120.7     I: -70.0 LUFS       LRA:   0.0 LU  FTPK: -117.5 dBFS  TPK: -117.5 dBFS
[Parsed_ebur128_0 @ 0x146a064a0] t: 0.199979   TARGET:-23 LUFS    M:-120.7 S:-120.7     I: -70.0 LUFS       LRA:   0.0 LU  FTPK:  -1.5 dBFS  TPK:  -1.5 dBFS
[Parsed_ebur128_0 @ 0x146a064a0] t: 0.299979   TARGET:-23 LUFS    M:-120.7 S:-120.7     I: -70.0 LUFS       LRA:   0.0 LU  FTPK:  -3.5 dBFS  TPK:  -1.5 dBFS
[Parsed_ebur128_0 @ 0x146a064a0] t: 0.399979   TARGET:-23 LUFS    M: -14.0 S:-120.7     I: -14.0 LUFS       LRA:   0.0 LU  FTPK:  -2.4 dBFS  TPK:  -1.5 dBFS
[Parsed_ebur128_0 @ 0x146a064a0] t: 0.499979   TARGET:-23 LUFS    M: -12.5 S:-120.7     I: -13.2 LUFS       LRA:   0.0 LU  FTPK:  -2.1 dBFS  TPK:  -1.5 dBFS
[Parsed_ebur128_0 @ 0x146a064a0] t: 0.599979   TARGET:-23 LUFS    M: -12.8 S:-120.7     I: -13.1 LUFS       LRA:   0.0 LU  FTPK:  -7.2 dBFS  TPK:  -1.5 dBFS
[Parsed_ebur128_0 @ 0x146a064a0] t: 0.699979   TARGET:-23 LUFS    M: -14.1 S:-120.7     I: -13.3 LUFS       LRA:   0.0 LU  FTPK: -35.1 dBFS  TPK:  -1.5 dBFS
Output #0, null, to 'pipe:':
  Metadata:
    major_brand     : isom
    minor_version   : 512
    compatible_brands: isomiso2avc1mp41
    encoder         : Lavf61.7.100
  Stream #0:0(und): Video: wrapped_avframe, yuvj420p(pc, bt470bg/unknown/unknown, progressive), 1920x1080 [SAR 1:1 DAR 16:9], q=2-31, 200 kb/s, 30 fps, 30 tbn (default)
      Metadata:
        handler_name    : VideoHandler
        vendor_id       : [0][0][0][0]
        encoder         : Lavc61.19.100 wrapped_avframe
  Stream #0:1(und): Audio: pcm_s16le, 48000 Hz, mono, s16, 768 kb/s (default)
      Metadata:
        handler_name    : SoundHandler
        vendor_id       : [0][0][0][0]
        encoder         : Lavc61.19.100 pcm_s16le
[Parsed_ebur128_0 @ 0x146a064a0] t: 0.799979   TARGET:-23 LUFS    M: -17.4 S:-120.7     I: -13.9 LUFS       LRA:   0.0 LU  FTPK:  -8.0 dBFS  TPK:  -1.5 dBFS
[Parsed_ebur128_0 @ 0x146a064a0] t: 0.899979   TARGET:-23 LUFS    M: -19.8 S:-120.7     I: -14.5 LUFS       LRA:   0.0 LU  FTPK:  -4.7 dBFS  TPK:  -1.5 dBFS
[Parsed_ebur128_0 @ 0x146a064a0] t: 0.999979   TARGET:-23 LUFS    M: -20.1 S:-120.7     I: -14.9 LUFS       LRA:   0.0 LU  FTPK: -11.9 dBFS  TPK:  -1.5 dBFS
[Parsed_ebur128_0 @ 0x146a064a0] t: 1.099979   TARGET:-23 LUFS    M: -17.2 S:-120.7     I: -15.2 LUFS       LRA:   0.0 LU  FTPK:  -1.5 dBFS  TPK:  -1.5 dBFS
[Parsed_ebur128_0 @ 0x146a064a0] t: 1.199979   TARGET:-23 LUFS    M: -14.9 S:-120.7     I: -15.1 LUFS       LRA:   0.0 LU  FTPK:  -3.9 dBFS  TPK:  -1.5 dBFS
[Parsed_ebur128_0 @ 0x146a064a0] t: 1.299979   TARGET:-23 LUFS    M: -15.2 S:-120.7     I: -15.1 LUFS       LRA:   0.0 LU  FTPK:  -6.2 dBFS  TPK:  -1.5 dBFS
[Parsed_ebur128_0 @ 0x146a064a0] t: 1.399979   TARGET:-23 LUFS    M: -14.1 S:-120.7     I: -15.0 LUFS       LRA:   0.0 LU  FTPK:  -3.3 dBFS  TPK:  -1.5 dBFS
[Parsed_ebur128_0 @ 0x146a064a0] t: 1.499979   TARGET:-23 LUFS    M: -14.1 S:-120.7     I: -14.9 LUFS       LRA:   0.0 LU  FTPK:  -4.5 dBFS  TPK:  -1.5 dBFS
[Parsed_ebur128_0 @ 0x146a064a0] t: 1.599979   TARGET:-23 LUFS    M: -14.4 S:-120.7     I: -14.9 LUFS       LRA:   0.0 LU  FTPK:  -1.5 dBFS  TPK:  -1.5 dBFS
[Parsed_ebur128_0 @ 0x146a064a0] t: 1.699979   TARGET:-23 LUFS    M: -15.1 S:-120.7     I: -14.9 LUFS       LRA:   0.0 LU  FTPK: -16.4 dBFS  TPK:  -1.5 dBFS
[Parsed_ebur128_0 @ 0x146a064a0] t: 1.799979   TARGET:-23 LUFS    M: -16.3 S:-120.7     I: -15.0 LUFS       LRA:   0.0 LU  FTPK:  -5.9 dBFS  TPK:  -1.5 dBFS
[Parsed_ebur128_0 @ 0x146a064a0] t: 1.899979   TARGET:-23 LUFS    M: -18.2 S:-120.7     I: -15.1 LUFS       LRA:   0.0 LU  FTPK: -10.6 dBFS  TPK:  -1.5 dBFS
[Parsed_ebur128_0 @ 0x146a064a0] t: 1.999979   TARGET:-23 LUFS    M: -24.4 S:-120.7     I: -15.4 LUFS       LRA:   0.0 LU  FTPK: -30.0 dBFS  TPK:  -1.5 dBFS
[Parsed_ebur128_0 @ 0x146a064a0] t: 2.099979   TARGET:-23 LUFS    M: -25.2 S:-120.7     I: -15.6 LUFS       LRA:   0.0 LU  FTPK: -42.5 dBFS  TPK:  -1.5 dBFS
[Parsed_ebur128_0 @ 0x146a064a0] t: 2.199979   TARGET:-23 LUFS    M: -29.9 S:-120.7     I: -15.6 LUFS       LRA:   0.0 LU  FTPK: -44.1 dBFS  TPK:  -1.5 dBFS
[Parsed_ebur128_0 @ 0x146a064a0] t: 2.299979   TARGET:-23 LUFS    M: -41.4 S:-120.7     I: -15.6 LUFS       LRA:   0.0 LU  FTPK: -25.0 dBFS  TPK:  -1.5 dBFS
[Parsed_ebur128_0 @ 0x146a064a0] t: 2.399979   TARGET:-23 LUFS    M: -18.9 S:-120.7     I: -15.7 LUFS       LRA:   0.0 LU  FTPK:  -1.5 dBFS  TPK:  -1.5 dBFS
[Parsed_ebur128_0 @ 0x146a064a0] t: 2.499979   TARGET:-23 LUFS    M: -16.6 S:-120.7     I: -15.8 LUFS       LRA:   0.0 LU  FTPK:  -1.5 dBFS  TPK:  -1.5 dBFS
[Parsed_ebur128_0 @ 0x146a064a0] t: 2.599979   TARGET:-23 LUFS    M: -14.7 S:-120.7     I: -15.7 LUFS       LRA:   0.0 LU  FTPK:  -2.7 dBFS  TPK:  -1.5 dBFS
[Parsed_ebur128_0 @ 0x146a064a0] t: 2.699979   TARGET:-23 LUFS    M: -13.6 S:-120.7     I: -15.6 LUFS       LRA:   0.0 LU  FTPK:  -2.7 dBFS  TPK:  -1.5 dBFS
[Parsed_ebur128_0 @ 0x146a064a0] t: 2.799979   TARGET:-23 LUFS    M: -14.7 S:-120.7     I: -15.5 LUFS       LRA:   0.0 LU  FTPK:  -6.5 dBFS  TPK:  -1.5 dBFS
[Parsed_ebur128_0 @ 0x146a064a0] t: 2.899979   TARGET:-23 LUFS    M: -14.7 S:-120.7     I: -15.5 LUFS       LRA:   0.0 LU  FTPK:  -1.5 dBFS  TPK:  -1.5 dBFS
[Parsed_ebur128_0 @ 0x146a064a0] t: 2.999979   TARGET:-23 LUFS    M: -14.2 S: -15.7     I: -15.4 LUFS       LRA:  20.0 LU  FTPK:  -1.8 dBFS  TPK:  -1.5 dBFS
[Parsed_ebur128_0 @ 0x146a064a0] t: 3.099979   TARGET:-23 LUFS    M: -14.3 S: -15.5     I: -15.4 LUFS       LRA:  20.1 LU  FTPK:  -2.7 dBFS  TPK:  -1.5 dBFS
[Parsed_ebur128_0 @ 0x146a064a0] t: 3.199979   TARGET:-23 LUFS    M: -14.5 S: -15.6     I: -15.4 LUFS       LRA:  20.1 LU  FTPK:  -9.0 dBFS  TPK:  -1.5 dBFS
[Parsed_ebur128_0 @ 0x146a064a0] t: 3.299979   TARGET:-23 LUFS    M: -15.8 S: -15.9     I: -15.4 LUFS       LRA:  20.2 LU  FTPK: -36.1 dBFS  TPK:  -1.5 dBFS
[Parsed_ebur128_0 @ 0x146a064a0] t: 3.399979   TARGET:-23 LUFS    M: -20.0 S: -16.4     I: -15.5 LUFS       LRA:   0.9 LU  FTPK: -41.9 dBFS  TPK:  -1.5 dBFS
[Parsed_ebur128_0 @ 0x146a064a0] t: 3.499979   TARGET:-23 LUFS    M: -28.6 S: -16.8     I: -15.5 LUFS       LRA:   1.3 LU  FTPK: -43.4 dBFS  TPK:  -1.5 dBFS
[Parsed_ebur128_0 @ 0x146a064a0] t: 3.599979   TARGET:-23 LUFS    M: -39.5 S: -16.8     I: -15.5 LUFS       LRA:   1.3 LU  FTPK: -19.3 dBFS  TPK:  -1.5 dBFS
[Parsed_ebur128_0 @ 0x146a064a0] t: 3.699979   TARGET:-23 LUFS    M: -21.7 S: -16.7     I: -15.6 LUFS       LRA:   1.3 LU  FTPK:  -1.5 dBFS  TPK:  -1.5 dBFS
[Parsed_ebur128_0 @ 0x146a064a0] t: 3.799979   TARGET:-23 LUFS    M: -18.7 S: -16.5     I: -15.7 LUFS       LRA:   1.3 LU  FTPK:  -3.6 dBFS  TPK:  -1.5 dBFS
[Parsed_ebur128_0 @ 0x146a064a0] t: 3.899979   TARGET:-23 LUFS    M: -17.0 S: -16.5     I: -15.7 LUFS       LRA:   1.3 LU  FTPK:  -2.8 dBFS  TPK:  -1.5 dBFS
[Parsed_ebur128_0 @ 0x146a064a0] t: 3.999979   TARGET:-23 LUFS    M: -15.4 S: -16.3     I: -15.7 LUFS       LRA:   1.3 LU  FTPK:  -2.2 dBFS  TPK:  -1.5 dBFS
[Parsed_ebur128_0 @ 0x146a064a0] t: 4.099979   TARGET:-23 LUFS    M: -14.4 S: -16.2     I: -15.6 LUFS       LRA:   1.3 LU  FTPK:  -1.5 dBFS  TPK:  -1.5 dBFS
[Parsed_ebur128_0 @ 0x146a064a0] t: 4.199979   TARGET:-23 LUFS    M: -14.9 S: -16.5     I: -15.6 LUFS       LRA:   1.3 LU  FTPK:  -7.2 dBFS  TPK:  -1.5 dBFS
[Parsed_ebur128_0 @ 0x146a064a0] t: 4.299979   TARGET:-23 LUFS    M: -14.8 S: -16.5     I: -15.6 LUFS       LRA:   1.3 LU  FTPK:  -1.5 dBFS  TPK:  -1.5 dBFS
[Parsed_ebur128_0 @ 0x146a064a0] t: 4.399979   TARGET:-23 LUFS    M: -15.3 S: -16.6     I: -15.6 LUFS       LRA:   1.2 LU  FTPK:  -1.7 dBFS  TPK:  -1.5 dBFS
[Parsed_ebur128_0 @ 0x146a064a0] t: 4.499979   TARGET:-23 LUFS    M: -17.9 S: -16.8     I: -15.6 LUFS       LRA:   1.2 LU  FTPK: -10.4 dBFS  TPK:  -1.5 dBFS
[Parsed_ebur128_0 @ 0x146a064a0] t: 4.599979   TARGET:-23 LUFS    M: -17.8 S: -17.1     I: -15.7 LUFS       LRA:   1.3 LU  FTPK:  -6.9 dBFS  TPK:  -1.5 dBFS
[Parsed_ebur128_0 @ 0x146a064a0] t: 4.699979   TARGET:-23 LUFS    M: -20.1 S: -17.1     I: -15.7 LUFS       LRA:   1.5 LU  FTPK: -12.4 dBFS  TPK:  -1.5 dBFS
[Parsed_ebur128_0 @ 0x146a064a0] t: 4.799979   TARGET:-23 LUFS    M: -22.4 S: -17.1     I: -15.8 LUFS       LRA:   1.5 LU  FTPK: -13.6 dBFS  TPK:  -1.5 dBFS
[Parsed_ebur128_0 @ 0x146a064a0] t: 4.899979   TARGET:-23 LUFS    M: -23.1 S: -17.1     I: -15.9 LUFS       LRA:   1.5 LU  FTPK: -19.8 dBFS  TPK:  -1.5 dBFS
[Parsed_ebur128_0 @ 0x146a064a0] t: 4.999979   TARGET:-23 LUFS    M: -26.7 S: -17.1     I: -15.9 LUFS       LRA:   1.5 LU  FTPK: -72.0 dBFS  TPK:  -1.5 dBFS
[Parsed_ebur128_0 @ 0x146a064a0] t: 5.099979   TARGET:-23 LUFS    M: -27.7 S: -17.1     I: -15.9 LUFS       LRA:   1.5 LU  FTPK: -75.7 dBFS  TPK:  -1.5 dBFS
[Parsed_ebur128_0 @ 0x146a064a0] t: 5.199979   TARGET:-23 LUFS    M: -40.4 S: -17.1     I: -15.9 LUFS       LRA:   1.5 LU  FTPK: -75.5 dBFS  TPK:  -1.5 dBFS
[Parsed_ebur128_0 @ 0x146a064a0] t: 5.299979   TARGET:-23 LUFS    M: -31.1 S: -17.1     I: -15.9 LUFS       LRA:   1.5 LU  FTPK:  -9.5 dBFS  TPK:  -1.5 dBFS
[Parsed_ebur128_0 @ 0x146a064a0] t: 5.399979   TARGET:-23 LUFS    M: -17.6 S: -17.0     I: -15.9 LUFS       LRA:   1.5 LU  FTPK:  -1.5 dBFS  TPK:  -1.5 dBFS
[Parsed_ebur128_0 @ 0x146a064a0] t: 5.499979   TARGET:-23 LUFS    M: -17.4 S: -17.2     I: -16.0 LUFS       LRA:   1.5 LU  FTPK:  -8.2 dBFS  TPK:  -1.5 dBFS
[Parsed_ebur128_0 @ 0x146a064a0] t: 5.599979   TARGET:-23 LUFS    M: -17.4 S: -17.6     I: -16.1 LUFS       LRA:   1.5 LU  FTPK: -39.9 dBFS  TPK:  -1.5 dBFS
[Parsed_ebur128_0 @ 0x146a064a0] t: 5.699979   TARGET:-23 LUFS    M: -17.6 S: -17.9     I: -16.1 LUFS       LRA:   1.6 LU  FTPK: -44.4 dBFS  TPK:  -1.5 dBFS
[Parsed_ebur128_0 @ 0x146a064a0] t: 5.799979   TARGET:-23 LUFS    M: -28.4 S: -18.0     I: -16.1 LUFS       LRA:   2.0 LU  FTPK: -11.7 dBFS  TPK:  -1.5 dBFS
[Parsed_ebur128_0 @ 0x146a064a0] t: 5.899979   TARGET:-23 LUFS    M: -19.7 S: -18.0     I: -16.2 LUFS       LRA:   2.3 LU  FTPK:  -1.5 dBFS  TPK:  -1.5 dBFS
[Parsed_ebur128_0 @ 0x146a064a0] t: 5.999979   TARGET:-23 LUFS    M: -15.9 S: -18.0     I: -16.2 LUFS       LRA:   2.3 LU  FTPK:  -1.5 dBFS  TPK:  -1.5 dBFS
[Parsed_ebur128_0 @ 0x146a064a0] t: 6.099979   TARGET:-23 LUFS    M: -13.8 S: -17.8     I: -16.1 LUFS       LRA:   2.3 LU  FTPK:  -2.7 dBFS  TPK:  -1.5 dBFS
[Parsed_ebur128_0 @ 0x146a064a0] t: 6.199979   TARGET:-23 LUFS    M: -12.6 S: -17.3     I: -15.9 LUFS       LRA:   2.3 LU  FTPK:  -1.5 dBFS  TPK:  -1.5 dBFS
[Parsed_ebur128_0 @ 0x146a064a0] t: 6.299979   TARGET:-23 LUFS    M: -12.5 S: -17.0     I: -15.8 LUFS       LRA:   2.3 LU  FTPK:  -1.5 dBFS  TPK:  -1.5 dBFS
[Parsed_ebur128_0 @ 0x146a064a0] t: 6.399979   TARGET:-23 LUFS    M: -12.9 S: -16.7     I: -15.7 LUFS       LRA:   2.2 LU  FTPK:  -2.0 dBFS  TPK:  -1.5 dBFS
[Parsed_ebur128_0 @ 0x146a064a0] t: 6.499979   TARGET:-23 LUFS    M: -14.5 S: -16.7     I: -15.7 LUFS       LRA:   2.2 LU  FTPK:  -6.8 dBFS  TPK:  -1.5 dBFS
[Parsed_ebur128_0 @ 0x146a064a0] t: 6.599979   TARGET:-23 LUFS    M: -15.5 S: -16.5     I: -15.7 LUFS       LRA:   2.2 LU  FTPK:  -3.1 dBFS  TPK:  -1.5 dBFS
[Parsed_ebur128_0 @ 0x146a064a0] t: 6.699979   TARGET:-23 LUFS    M: -16.4 S: -16.6     I: -15.7 LUFS       LRA:   2.2 LU  FTPK:  -7.3 dBFS  TPK:  -1.5 dBFS
[Parsed_ebur128_0 @ 0x146a064a0] t: 6.799979   TARGET:-23 LUFS    M: -16.2 S: -16.5     I: -15.7 LUFS       LRA:   2.2 LU  FTPK:  -1.5 dBFS  TPK:  -1.5 dBFS
[Parsed_ebur128_0 @ 0x146a064a0] t: 6.899979   TARGET:-23 LUFS    M: -14.7 S: -16.3     I: -15.7 LUFS       LRA:   2.2 LU  FTPK:  -1.5 dBFS  TPK:  -1.5 dBFS
[Parsed_ebur128_0 @ 0x146a064a0] t: 6.999979   TARGET:-23 LUFS    M: -15.2 S: -16.5     I: -15.7 LUFS       LRA:   2.2 LU  FTPK:  -1.5 dBFS  TPK:  -1.5 dBFS
[Parsed_ebur128_0 @ 0x146a064a0] t: 7.099979   TARGET:-23 LUFS    M: -14.8 S: -16.7     I: -15.7 LUFS       LRA:   2.2 LU  FTPK:  -3.1 dBFS  TPK:  -1.5 dBFS
[Parsed_ebur128_0 @ 0x146a064a0] t: 7.199979   TARGET:-23 LUFS    M: -16.2 S: -16.7     I: -15.7 LUFS       LRA:   2.2 LU  FTPK:  -7.6 dBFS  TPK:  -1.5 dBFS
[Parsed_ebur128_0 @ 0x146a064a0] t: 7.299979   TARGET:-23 LUFS    M: -18.8 S: -16.9     I: -15.7 LUFS       LRA:   2.2 LU  FTPK: -19.9 dBFS  TPK:  -1.5 dBFS
[Parsed_ebur128_0 @ 0x146a064a0] t: 7.399979   TARGET:-23 LUFS    M: -19.9 S: -17.0     I: -15.8 LUFS       LRA:   2.1 LU  FTPK: -31.4 dBFS  TPK:  -1.5 dBFS
[Parsed_ebur128_0 @ 0x146a064a0] t: 7.499979   TARGET:-23 LUFS    M: -26.5 S: -17.1     I: -15.8 LUFS       LRA:   2.1 LU  FTPK: -43.2 dBFS  TPK:  -1.5 dBFS
[Parsed_ebur128_0 @ 0x146a064a0] t: 7.599979   TARGET:-23 LUFS    M: -37.9 S: -17.1     I: -15.8 LUFS       LRA:   2.1 LU  FTPK: -44.5 dBFS  TPK:  -1.5 dBFS
[Parsed_ebur128_0 @ 0x146a064a0] t: 7.699979   TARGET:-23 LUFS    M: -49.5 S: -17.2     I: -15.8 LUFS       LRA:   2.1 LU  FTPK: -45.4 dBFS  TPK:  -1.5 dBFS
[Parsed_ebur128_0 @ 0x146a064a0] t: 7.799979   TARGET:-23 LUFS    M: -53.9 S: -17.2     I: -15.8 LUFS       LRA:   2.1 LU  FTPK: -43.5 dBFS  TPK:  -1.5 dBFS
[Parsed_ebur128_0 @ 0x146a064a0] t: 7.899979   TARGET:-23 LUFS    M: -54.9 S: -17.2     I: -15.8 LUFS       LRA:   2.1 LU  FTPK: -46.2 dBFS  TPK:  -1.5 dBFS
[Parsed_ebur128_0 @ 0x146a064a0] t: 7.999979   TARGET:-23 LUFS    M: -29.0 S: -17.2     I: -15.9 LUFS       LRA:   1.9 LU  FTPK:  -4.0 dBFS  TPK:  -1.5 dBFS
[Parsed_ebur128_0 @ 0x146a064a0] t: 8.099979   TARGET:-23 LUFS    M: -15.9 S: -16.5     I: -15.8 LUFS       LRA:   1.9 LU  FTPK:  -1.7 dBFS  TPK:  -1.5 dBFS
[Parsed_ebur128_0 @ 0x146a064a0] t: 8.199979   TARGET:-23 LUFS    M: -12.3 S: -15.7     I: -15.8 LUFS       LRA:   2.0 LU  FTPK:  -1.5 dBFS  TPK:  -1.5 dBFS
[Parsed_ebur128_0 @ 0x146a064a0] t: 8.299979   TARGET:-23 LUFS    M: -11.0 S: -15.3     I: -15.6 LUFS       LRA:   2.1 LU  FTPK:  -1.7 dBFS  TPK:  -1.5 dBFS
[Parsed_ebur128_0 @ 0x146a064a0] t: 8.399979   TARGET:-23 LUFS    M: -10.4 S: -15.4     I: -15.4 LUFS       LRA:   2.0 LU  FTPK:  -2.2 dBFS  TPK:  -1.5 dBFS
[Parsed_ebur128_0 @ 0x146a064a0] t: 8.499979   TARGET:-23 LUFS    M: -11.5 S: -15.3     I: -15.3 LUFS       LRA:   2.1 LU  FTPK:  -8.7 dBFS  TPK:  -1.5 dBFS
[Parsed_ebur128_0 @ 0x146a064a0] t: 8.599979   TARGET:-23 LUFS    M: -12.9 S: -15.0     I: -15.3 LUFS       LRA:   2.2 LU  FTPK:  -1.5 dBFS  TPK:  -1.5 dBFS
[Parsed_ebur128_0 @ 0x146a064a0] t: 8.699979   TARGET:-23 LUFS    M: -12.9 S: -14.7     I: -15.2 LUFS       LRA:   2.3 LU  FTPK:  -1.5 dBFS  TPK:  -1.5 dBFS
[Parsed_ebur128_0 @ 0x146a064a0] t: 8.799979   TARGET:-23 LUFS    M: -13.5 S: -14.6     I: -15.2 LUFS       LRA:   2.3 LU  FTPK:  -4.2 dBFS  TPK:  -1.5 dBFS
[Parsed_ebur128_0 @ 0x146a064a0] t: 8.899979   TARGET:-23 LUFS    M: -13.3 S: -14.6     I: -15.2 LUFS       LRA:   2.6 LU  FTPK:  -1.5 dBFS  TPK:  -1.5 dBFS
[Parsed_ebur128_0 @ 0x146a064a0] t: 8.999979   TARGET:-23 LUFS    M: -13.8 S: -14.8     I: -15.1 LUFS       LRA:   2.9 LU  FTPK:  -1.6 dBFS  TPK:  -1.5 dBFS
[Parsed_ebur128_0 @ 0x146a064a0] t: 9.099979   TARGET:-23 LUFS    M: -15.3 S: -14.9     I: -15.2 LUFS       LRA:   2.9 LU  FTPK:  -3.4 dBFS  TPK:  -1.5 dBFS
[Parsed_ebur128_0 @ 0x146a064a0] t: 9.199979   TARGET:-23 LUFS    M: -15.7 S: -15.1     I: -15.2 LUFS       LRA:   2.9 LU  FTPK:  -6.0 dBFS  TPK:  -1.5 dBFS
[Parsed_ebur128_0 @ 0x146a064a0] t: 9.299979   TARGET:-23 LUFS    M: -16.9 S: -15.3     I: -15.2 LUFS       LRA:   2.9 LU  FTPK: -14.3 dBFS  TPK:  -1.5 dBFS
[Parsed_ebur128_0 @ 0x146a064a0] t: 9.399979   TARGET:-23 LUFS    M: -16.0 S: -15.2     I: -15.2 LUFS       LRA:   2.6 LU  FTPK:  -1.4 dBFS  TPK:  -1.4 dBFS
[Parsed_ebur128_0 @ 0x146a064a0] t: 9.499979   TARGET:-23 LUFS    M: -14.8 S: -15.0     I: -15.2 LUFS       LRA:   2.6 LU  FTPK:  -2.3 dBFS  TPK:  -1.4 dBFS
[Parsed_ebur128_0 @ 0x146a064a0] t: 9.599979   TARGET:-23 LUFS    M: -15.0 S: -15.0     I: -15.2 LUFS       LRA:   2.6 LU  FTPK:  -6.6 dBFS  TPK:  -1.4 dBFS
[Parsed_ebur128_0 @ 0x146a064a0] t: 9.699979   TARGET:-23 LUFS    M: -14.8 S: -15.1     I: -15.2 LUFS       LRA:   2.6 LU  FTPK:  -7.6 dBFS  TPK:  -1.4 dBFS
[Parsed_ebur128_0 @ 0x146a064a0] t: 9.799979   TARGET:-23 LUFS    M: -16.8 S: -15.3     I: -15.2 LUFS       LRA:   2.6 LU  FTPK:  -8.0 dBFS  TPK:  -1.4 dBFS
[Parsed_ebur128_0 @ 0x146a064a0] t: 9.899979   TARGET:-23 LUFS    M: -20.4 S: -15.4     I: -15.2 LUFS       LRA:   2.6 LU  FTPK:  -7.5 dBFS  TPK:  -1.4 dBFS
[Parsed_ebur128_0 @ 0x146a064a0] t: 9.999979   TARGET:-23 LUFS    M: -22.1 S: -15.5     I: -15.3 LUFS       LRA:   2.4 LU  FTPK: -15.9 dBFS  TPK:  -1.4 dBFS
[Parsed_ebur128_0 @ 0x146a064a0] t: 10.099979  TARGET:-23 LUFS    M: -23.6 S: -15.7     I: -15.3 LUFS       LRA:   2.4 LU  FTPK: -35.9 dBFS  TPK:  -1.4 dBFS
[Parsed_ebur128_0 @ 0x146a064a0] t: 10.199979  TARGET:-23 LUFS    M: -24.6 S: -15.7     I: -15.4 LUFS       LRA:   2.4 LU  FTPK: -51.8 dBFS  TPK:  -1.4 dBFS
[Parsed_ebur128_0 @ 0x146a064a0] t: 10.299979  TARGET:-23 LUFS    M: -35.4 S: -15.7     I: -15.4 LUFS       LRA:   2.4 LU  FTPK: -52.1 dBFS  TPK:  -1.4 dBFS
[Parsed_ebur128_0 @ 0x146a064a0] t: 10.399979  TARGET:-23 LUFS    M: -59.3 S: -15.7     I: -15.4 LUFS       LRA:   2.3 LU  FTPK: -53.7 dBFS  TPK:  -1.4 dBFS
[Parsed_ebur128_0 @ 0x146a064a0] t: 10.499979  TARGET:-23 LUFS    M: -73.4 S: -15.7     I: -15.4 LUFS       LRA:   2.3 LU  FTPK: -53.1 dBFS  TPK:  -1.4 dBFS
[Parsed_ebur128_0 @ 0x146a064a0] t: 10.599979  TARGET:-23 LUFS    M: -75.3 S: -15.7     I: -15.4 LUFS       LRA:   2.3 LU  FTPK: -58.6 dBFS  TPK:  -1.4 dBFS
[Parsed_ebur128_0 @ 0x146a064a0] t: 10.699979  TARGET:-23 LUFS    M: -76.7 S: -15.7     I: -15.4 LUFS       LRA:   2.3 LU  FTPK:  -inf dBFS  TPK:  -1.4 dBFS
[Parsed_ebur128_0 @ 0x146a064a0] t: 10.799979  TARGET:-23 LUFS    M: -79.6 S: -15.7     I: -15.4 LUFS       LRA:   2.3 LU  FTPK:  -inf dBFS  TPK:  -1.4 dBFS
[Parsed_ebur128_0 @ 0x146a064a0] t: 10.899979  TARGET:-23 LUFS    M: -87.0 S: -15.7     I: -15.4 LUFS       LRA:   2.3 LU  FTPK: -73.6 dBFS  TPK:  -1.4 dBFS
[Parsed_ebur128_0 @ 0x146a064a0] t: 10.999979  TARGET:-23 LUFS    M: -22.9 S: -15.6     I: -15.4 LUFS       LRA:   2.3 LU  FTPK:  -1.5 dBFS  TPK:  -1.4 dBFS
[Parsed_ebur128_0 @ 0x146a064a0] t: 11.099979  TARGET:-23 LUFS    M: -17.3 S: -15.9     I: -15.4 LUFS       LRA:   2.3 LU  FTPK:  -1.5 dBFS  TPK:  -1.4 dBFS
[Parsed_ebur128_0 @ 0x146a064a0] t: 11.199979  TARGET:-23 LUFS    M: -16.2 S: -16.5     I: -15.4 LUFS       LRA:   2.3 LU  FTPK:  -7.7 dBFS  TPK:  -1.4 dBFS
[Parsed_ebur128_0 @ 0x146a064a0] t: 11.299979  TARGET:-23 LUFS    M: -15.8 S: -17.0     I: -15.4 LUFS       LRA:   2.3 LU  FTPK:  -9.1 dBFS  TPK:  -1.4 dBFS
[Parsed_ebur128_0 @ 0x146a064a0] t: 11.399979  TARGET:-23 LUFS    M: -16.7 S: -17.4     I: -15.4 LUFS       LRA:   2.3 LU  FTPK: -40.8 dBFS  TPK:  -1.4 dBFS
[Parsed_ebur128_0 @ 0x146a064a0] t: 11.499979  TARGET:-23 LUFS    M: -21.1 S: -17.6     I: -15.5 LUFS       LRA:   2.4 LU  FTPK: -44.5 dBFS  TPK:  -1.4 dBFS
[Parsed_ebur128_0 @ 0x146a064a0] t: 11.599979  TARGET:-23 LUFS    M: -26.2 S: -18.0     I: -15.5 LUFS       LRA:   2.5 LU  FTPK: -45.5 dBFS  TPK:  -1.4 dBFS
[Parsed_ebur128_0 @ 0x146a064a0] t: 11.699979  TARGET:-23 LUFS    M: -19.9 S: -18.4     I: -15.6 LUFS       LRA:   2.7 LU  FTPK:  -1.5 dBFS  TPK:  -1.4 dBFS
[Parsed_ebur128_0 @ 0x146a064a0] t: 11.799979  TARGET:-23 LUFS    M: -16.8 S: -18.3     I: -15.6 LUFS       LRA:   2.7 LU  FTPK:  -1.9 dBFS  TPK:  -1.4 dBFS
[Parsed_ebur128_0 @ 0x146a064a0] t: 11.899979  TARGET:-23 LUFS    M: -15.8 S: -18.3     I: -15.6 LUFS       LRA:   2.8 LU  FTPK:  -1.5 dBFS  TPK:  -1.4 dBFS
[Parsed_ebur128_0 @ 0x146a064a0] t: 11.999979  TARGET:-23 LUFS    M: -14.2 S: -18.2     I: -15.6 LUFS       LRA:   3.0 LU  FTPK:  -1.5 dBFS  TPK:  -1.4 dBFS
[Parsed_ebur128_0 @ 0x146a064a0] t: 12.099979  TARGET:-23 LUFS    M: -14.9 S: -18.3     I: -15.5 LUFS       LRA:   3.0 LU  FTPK:  -1.5 dBFS  TPK:  -1.4 dBFS
[Parsed_ebur128_0 @ 0x146a064a0] t: 12.199979  TARGET:-23 LUFS    M: -15.8 S: -18.3     I: -15.5 LUFS       LRA:   3.0 LU  FTPK:  -1.5 dBFS  TPK:  -1.4 dBFS
[Parsed_ebur128_0 @ 0x146a064a0] t: 12.299979  TARGET:-23 LUFS    M: -16.8 S: -18.3     I: -15.6 LUFS       LRA:   3.1 LU  FTPK: -16.2 dBFS  TPK:  -1.4 dBFS
[Parsed_ebur128_0 @ 0x146a064a0] t: 12.399979  TARGET:-23 LUFS    M: -20.2 S: -18.8     I: -15.6 LUFS       LRA:   3.1 LU  FTPK: -26.7 dBFS  TPK:  -1.4 dBFS
[Parsed_ebur128_0 @ 0x146a064a0] t: 12.499979  TARGET:-23 LUFS    M: -23.3 S: -19.5     I: -15.6 LUFS       LRA:   3.1 LU  FTPK: -44.7 dBFS  TPK:  -1.4 dBFS
[Parsed_ebur128_0 @ 0x146a064a0] t: 12.599979  TARGET:-23 LUFS    M: -36.8 S: -19.7     I: -15.6 LUFS       LRA:   3.2 LU  FTPK: -44.0 dBFS  TPK:  -1.4 dBFS
[Parsed_ebur128_0 @ 0x146a064a0] t: 12.699979  TARGET:-23 LUFS    M: -48.2 S: -19.8     I: -15.6 LUFS       LRA:   3.3 LU  FTPK: -45.2 dBFS  TPK:  -1.4 dBFS
[Parsed_ebur128_0 @ 0x146a064a0] t: 12.799979  TARGET:-23 LUFS    M: -22.1 S: -19.5     I: -15.7 LUFS       LRA:   3.3 LU  FTPK:  -1.5 dBFS  TPK:  -1.4 dBFS
[Parsed_ebur128_0 @ 0x146a064a0] t: 12.899979  TARGET:-23 LUFS    M: -21.7 S: -19.7     I: -15.7 LUFS       LRA:   3.3 LU  FTPK: -11.3 dBFS  TPK:  -1.4 dBFS
[Parsed_ebur128_0 @ 0x146a064a0] t: 12.999979  TARGET:-23 LUFS    M: -16.1 S: -18.8     I: -15.7 LUFS       LRA:   3.3 LU  FTPK:  -1.5 dBFS  TPK:  -1.4 dBFS
[Parsed_ebur128_0 @ 0x146a064a0] t: 13.099979  TARGET:-23 LUFS    M: -14.9 S: -18.5     I: -15.7 LUFS       LRA:   3.3 LU  FTPK:  -4.1 dBFS  TPK:  -1.4 dBFS
[Parsed_ebur128_0 @ 0x146a064a0] t: 13.199979  TARGET:-23 LUFS    M: -14.9 S: -18.2     I: -15.7 LUFS       LRA:   3.3 LU  FTPK:  -4.7 dBFS  TPK:  -1.4 dBFS
[Parsed_ebur128_0 @ 0x146a064a0] t: 13.299979  TARGET:-23 LUFS    M: -14.9 S: -18.2     I: -15.7 LUFS       LRA:   3.3 LU  FTPK:  -6.5 dBFS  TPK:  -1.4 dBFS
[Parsed_ebur128_0 @ 0x146a064a0] t: 13.399979  TARGET:-23 LUFS    M: -15.6 S: -17.8     I: -15.7 LUFS       LRA:   3.3 LU  FTPK:  -1.4 dBFS  TPK:  -1.4 dBFS
[Parsed_ebur128_0 @ 0x146a064a0] t: 13.499979  TARGET:-23 LUFS    M: -15.6 S: -17.5     I: -15.7 LUFS       LRA:   3.3 LU  FTPK:  -1.6 dBFS  TPK:  -1.4 dBFS
[Parsed_ebur128_0 @ 0x146a064a0] t: 13.599979  TARGET:-23 LUFS    M: -15.0 S: -17.2     I: -15.7 LUFS       LRA:   3.3 LU  FTPK:  -2.5 dBFS  TPK:  -1.4 dBFS
[Parsed_ebur128_0 @ 0x146a064a0] t: 13.699979  TARGET:-23 LUFS    M: -14.7 S: -17.1     I: -15.7 LUFS       LRA:   3.3 LU  FTPK:  -6.6 dBFS  TPK:  -1.4 dBFS
[Parsed_ebur128_0 @ 0x146a064a0] t: 13.799979  TARGET:-23 LUFS    M: -16.7 S: -17.1     I: -15.7 LUFS       LRA:   3.3 LU  FTPK: -33.0 dBFS  TPK:  -1.4 dBFS
[Parsed_ebur128_0 @ 0x146a064a0] t: 13.899979  TARGET:-23 LUFS    M: -16.1 S: -16.8     I: -15.7 LUFS       LRA:   3.3 LU  FTPK:  -1.5 dBFS  TPK:  -1.4 dBFS
[Parsed_ebur128_0 @ 0x146a064a0] t: 13.999979  TARGET:-23 LUFS    M: -17.4 S: -16.8     I: -15.7 LUFS       LRA:   3.3 LU  FTPK:  -7.4 dBFS  TPK:  -1.4 dBFS
[Parsed_ebur128_0 @ 0x146a064a0] t: 14.099979  TARGET:-23 LUFS    M: -15.7 S: -16.8     I: -15.7 LUFS       LRA:   3.3 LU  FTPK:  -1.5 dBFS  TPK:  -1.4 dBFS
[Parsed_ebur128_0 @ 0x146a064a0] t: 14.199979  TARGET:-23 LUFS    M: -14.2 S: -16.7     I: -15.7 LUFS       LRA:   3.3 LU  FTPK:  -1.5 dBFS  TPK:  -1.4 dBFS
[Parsed_ebur128_0 @ 0x146a064a0] t: 14.299979  TARGET:-23 LUFS    M: -13.9 S: -16.4     I: -15.6 LUFS       LRA:   3.3 LU  FTPK:  -2.6 dBFS  TPK:  -1.4 dBFS
[Parsed_ebur128_0 @ 0x146a064a0] t: 14.399979  TARGET:-23 LUFS    M: -13.9 S: -16.3     I: -15.6 LUFS       LRA:   3.3 LU  FTPK:  -1.9 dBFS  TPK:  -1.4 dBFS
[Parsed_ebur128_0 @ 0x146a064a0] t: 14.499979  TARGET:-23 LUFS    M: -14.2 S: -16.1     I: -15.6 LUFS       LRA:   3.3 LU  FTPK:  -1.5 dBFS  TPK:  -1.4 dBFS
[Parsed_ebur128_0 @ 0x146a064a0] t: 14.599979  TARGET:-23 LUFS    M: -15.6 S: -16.0     I: -15.6 LUFS       LRA:   3.3 LU  FTPK:  -5.9 dBFS  TPK:  -1.4 dBFS
[Parsed_ebur128_0 @ 0x146a064a0] t: 14.699979  TARGET:-23 LUFS    M: -17.8 S: -16.2     I: -15.6 LUFS       LRA:   3.3 LU  FTPK:  -8.0 dBFS  TPK:  -1.4 dBFS
[Parsed_ebur128_0 @ 0x146a064a0] t: 14.799979  TARGET:-23 LUFS    M: -19.1 S: -16.5     I: -15.6 LUFS       LRA:   3.3 LU  FTPK: -24.4 dBFS  TPK:  -1.4 dBFS
[Parsed_ebur128_0 @ 0x146a064a0] t: 14.899979  TARGET:-23 LUFS    M: -25.3 S: -16.7     I: -15.7 LUFS       LRA:   3.3 LU  FTPK: -43.2 dBFS  TPK:  -1.4 dBFS
[Parsed_ebur128_0 @ 0x146a064a0] t: 14.999979  TARGET:-23 LUFS    M: -24.2 S: -16.9     I: -15.7 LUFS       LRA:   3.3 LU  FTPK:  -6.2 dBFS  TPK:  -1.4 dBFS
[Parsed_ebur128_0 @ 0x146a064a0] t: 15.099979  TARGET:-23 LUFS    M: -23.9 S: -17.0     I: -15.7 LUFS       LRA:   3.3 LU  FTPK:  -6.1 dBFS  TPK:  -1.4 dBFS
[Parsed_ebur128_0 @ 0x146a064a0] t: 15.199979  TARGET:-23 LUFS    M: -22.7 S: -17.1     I: -15.8 LUFS       LRA:   3.3 LU  FTPK:  -9.6 dBFS  TPK:  -1.4 dBFS
[Parsed_ebur128_0 @ 0x146a064a0] t: 15.299979  TARGET:-23 LUFS    M: -17.5 S: -16.7     I: -15.8 LUFS       LRA:   3.3 LU  FTPK:  -3.0 dBFS  TPK:  -1.4 dBFS
[Parsed_ebur128_0 @ 0x146a064a0] t: 15.399979  TARGET:-23 LUFS    M: -16.4 S: -16.5     I: -15.8 LUFS       LRA:   3.3 LU  FTPK:  -4.1 dBFS  TPK:  -1.4 dBFS
[Parsed_ebur128_0 @ 0x146a064a0] t: 15.499979  TARGET:-23 LUFS    M: -16.5 S: -16.5     I: -15.8 LUFS       LRA:   3.3 LU  FTPK:  -9.9 dBFS  TPK:  -1.4 dBFS
[Parsed_ebur128_0 @ 0x146a064a0] t: 15.599979  TARGET:-23 LUFS    M: -15.9 S: -16.4     I: -15.8 LUFS       LRA:   3.3 LU  FTPK:  -6.3 dBFS  TPK:  -1.4 dBFS
[Parsed_ebur128_0 @ 0x146a064a0] t: 15.699979  TARGET:-23 LUFS    M: -17.7 S: -16.3     I: -15.8 LUFS       LRA:   3.3 LU  FTPK:  -3.9 dBFS  TPK:  -1.4 dBFS
[Parsed_ebur128_0 @ 0x146a064a0] t: 15.799979  TARGET:-23 LUFS    M: -18.3 S: -16.3     I: -15.8 LUFS       LRA:   3.3 LU  FTPK:  -3.2 dBFS  TPK:  -1.4 dBFS
[Parsed_ebur128_0 @ 0x146a064a0] t: 15.899979  TARGET:-23 LUFS    M: -18.1 S: -16.3     I: -15.8 LUFS       LRA:   3.3 LU  FTPK: -10.7 dBFS  TPK:  -1.4 dBFS
[Parsed_ebur128_0 @ 0x146a064a0] t: 15.999979  TARGET:-23 LUFS    M: -19.2 S: -16.7     I: -15.8 LUFS       LRA:   3.2 LU  FTPK: -12.4 dBFS  TPK:  -1.4 dBFS
[Parsed_ebur128_0 @ 0x146a064a0] t: 16.099979  TARGET:-23 LUFS    M: -17.3 S: -16.7     I: -15.9 LUFS       LRA:   3.2 LU  FTPK:  -2.6 dBFS  TPK:  -1.4 dBFS
[Parsed_ebur128_0 @ 0x146a064a0] t: 16.199979  TARGET:-23 LUFS    M: -18.6 S: -16.8     I: -15.9 LUFS       LRA:   3.2 LU  FTPK:  -8.4 dBFS  TPK:  -1.4 dBFS
[Parsed_ebur128_0 @ 0x146a064a0] t: 16.299979  TARGET:-23 LUFS    M: -18.8 S: -16.8     I: -15.9 LUFS       LRA:   3.2 LU  FTPK: -11.0 dBFS  TPK:  -1.4 dBFS
[Parsed_ebur128_0 @ 0x146a064a0] t: 16.399979  TARGET:-23 LUFS    M: -18.6 S: -17.1     I: -15.9 LUFS       LRA:   3.2 LU  FTPK:  -6.7 dBFS  TPK:  -1.4 dBFS
[Parsed_ebur128_0 @ 0x146a064a0] t: 16.499979  TARGET:-23 LUFS    M: -19.3 S: -17.1     I: -15.9 LUFS       LRA:   3.2 LU  FTPK:  -4.8 dBFS  TPK:  -1.4 dBFS
[Parsed_ebur128_0 @ 0x146a064a0] t: 16.599979  TARGET:-23 LUFS    M: -16.4 S: -17.1     I: -15.9 LUFS       LRA:   3.2 LU  FTPK:  -4.0 dBFS  TPK:  -1.4 dBFS
[Parsed_ebur128_0 @ 0x146a064a0] t: 16.699979  TARGET:-23 LUFS    M: -15.2 S: -16.9     I: -15.9 LUFS       LRA:   3.2 LU  FTPK:  -6.0 dBFS  TPK:  -1.4 dBFS
[Parsed_ebur128_0 @ 0x146a064a0] t: 16.799979  TARGET:-23 LUFS    M: -14.7 S: -16.8     I: -15.9 LUFS       LRA:   3.2 LU  FTPK:  -8.3 dBFS  TPK:  -1.4 dBFS
[Parsed_ebur128_0 @ 0x146a064a0] t: 16.899979  TARGET:-23 LUFS    M: -14.8 S: -16.9     I: -15.9 LUFS       LRA:   3.2 LU  FTPK:  -3.8 dBFS  TPK:  -1.4 dBFS
[Parsed_ebur128_0 @ 0x146a064a0] t: 16.999979  TARGET:-23 LUFS    M: -16.3 S: -16.9     I: -15.9 LUFS       LRA:   3.2 LU  FTPK:  -7.7 dBFS  TPK:  -1.4 dBFS
[Parsed_ebur128_0 @ 0x146a064a0] t: 17.099979  TARGET:-23 LUFS    M: -16.7 S: -17.1     I: -15.9 LUFS       LRA:   3.2 LU  FTPK:  -5.5 dBFS  TPK:  -1.4 dBFS
[Parsed_ebur128_0 @ 0x146a064a0] t: 17.199979  TARGET:-23 LUFS    M: -16.7 S: -17.3     I: -15.9 LUFS       LRA:   3.2 LU  FTPK:  -6.8 dBFS  TPK:  -1.4 dBFS
[Parsed_ebur128_0 @ 0x146a064a0] t: 17.299979  TARGET:-23 LUFS    M: -17.0 S: -17.5     I: -15.9 LUFS       LRA:   3.2 LU  FTPK:  -4.6 dBFS  TPK:  -1.4 dBFS
[Parsed_ebur128_0 @ 0x146a064a0] t: 17.399979  TARGET:-23 LUFS    M: -16.9 S: -17.5     I: -15.9 LUFS       LRA:   3.2 LU  FTPK: -10.4 dBFS  TPK:  -1.4 dBFS
[Parsed_ebur128_0 @ 0x146a064a0] t: 17.499979  TARGET:-23 LUFS    M: -17.5 S: -17.7     I: -15.9 LUFS       LRA:   3.2 LU  FTPK:  -2.2 dBFS  TPK:  -1.4 dBFS
[Parsed_ebur128_0 @ 0x146a064a0] t: 17.599979  TARGET:-23 LUFS    M: -17.5 S: -17.6     I: -15.9 LUFS       LRA:   3.2 LU  FTPK:  -3.5 dBFS  TPK:  -1.4 dBFS
[Parsed_ebur128_0 @ 0x146a064a0] t: 17.699979  TARGET:-23 LUFS    M: -18.9 S: -17.6     I: -16.0 LUFS       LRA:   3.2 LU  FTPK:  -8.3 dBFS  TPK:  -1.4 dBFS
[Parsed_ebur128_0 @ 0x146a064a0] t: 17.799979  TARGET:-23 LUFS    M: -18.7 S: -17.5     I: -16.0 LUFS       LRA:   3.2 LU  FTPK:  -6.6 dBFS  TPK:  -1.4 dBFS
[Parsed_ebur128_0 @ 0x146a064a0] t: 17.899979  TARGET:-23 LUFS    M: -20.0 S: -17.5     I: -16.0 LUFS       LRA:   3.2 LU  FTPK:  -8.7 dBFS  TPK:  -1.4 dBFS
[Parsed_ebur128_0 @ 0x146a064a0] t: 17.999979  TARGET:-23 LUFS    M: -21.7 S: -17.5     I: -16.0 LUFS       LRA:   3.2 LU  FTPK: -11.7 dBFS  TPK:  -1.4 dBFS
[Parsed_ebur128_0 @ 0x146a064a0] t: 18.099979  TARGET:-23 LUFS    M: -22.4 S: -17.5     I: -16.0 LUFS       LRA:   3.2 LU  FTPK: -39.4 dBFS  TPK:  -1.4 dBFS
[Parsed_ebur128_0 @ 0x146a064a0] t: 18.199979  TARGET:-23 LUFS    M: -25.8 S: -17.6     I: -16.1 LUFS       LRA:   3.2 LU  FTPK: -42.9 dBFS  TPK:  -1.4 dBFS
[Parsed_ebur128_0 @ 0x146a064a0] t: 18.299979  TARGET:-23 LUFS    M: -28.4 S: -18.0     I: -16.1 LUFS       LRA:   3.2 LU  FTPK: -37.9 dBFS  TPK:  -1.4 dBFS
[Parsed_ebur128_0 @ 0x146a064a0] t: 18.399979  TARGET:-23 LUFS    M: -21.9 S: -18.1     I: -16.1 LUFS       LRA:   3.1 LU  FTPK:  -4.4 dBFS  TPK:  -1.4 dBFS
[Parsed_ebur128_0 @ 0x146a064a0] t: 18.499979  TARGET:-23 LUFS    M: -19.7 S: -17.9     I: -16.1 LUFS       LRA:   3.1 LU  FTPK:  -4.2 dBFS  TPK:  -1.4 dBFS
[Parsed_ebur128_0 @ 0x146a064a0] t: 18.599979  TARGET:-23 LUFS    M: -18.2 S: -17.9     I: -16.1 LUFS       LRA:   3.1 LU  FTPK:  -2.6 dBFS  TPK:  -1.4 dBFS
[Parsed_ebur128_0 @ 0x146a064a0] t: 18.699979  TARGET:-23 LUFS    M: -18.2 S: -18.1     I: -16.1 LUFS       LRA:   3.1 LU  FTPK: -10.7 dBFS  TPK:  -1.4 dBFS
[Parsed_ebur128_0 @ 0x146a064a0] t: 18.799979  TARGET:-23 LUFS    M: -17.1 S: -17.9     I: -16.1 LUFS       LRA:   3.1 LU  FTPK:  -2.8 dBFS  TPK:  -1.4 dBFS
[Parsed_ebur128_0 @ 0x146a064a0] t: 18.899979  TARGET:-23 LUFS    M: -15.9 S: -17.6     I: -16.1 LUFS       LRA:   3.1 LU  FTPK:  -3.6 dBFS  TPK:  -1.4 dBFS
[Parsed_ebur128_0 @ 0x146a064a0] t: 18.999979  TARGET:-23 LUFS    M: -16.3 S: -17.6     I: -16.1 LUFS       LRA:   3.1 LU  FTPK:  -6.6 dBFS  TPK:  -1.4 dBFS
[Parsed_ebur128_0 @ 0x146a064a0] t: 19.099979  TARGET:-23 LUFS    M: -15.4 S: -17.7     I: -16.1 LUFS       LRA:   3.1 LU  FTPK:  -5.8 dBFS  TPK:  -1.4 dBFS
[Parsed_ebur128_0 @ 0x146a064a0] t: 19.199979  TARGET:-23 LUFS    M: -16.3 S: -17.6     I: -16.1 LUFS       LRA:   3.1 LU  FTPK:  -3.8 dBFS  TPK:  -1.4 dBFS
[Parsed_ebur128_0 @ 0x146a064a0] t: 19.299979  TARGET:-23 LUFS    M: -18.6 S: -17.6     I: -16.1 LUFS       LRA:   3.1 LU  FTPK:  -6.2 dBFS  TPK:  -1.4 dBFS
[Parsed_ebur128_0 @ 0x146a064a0] t: 19.399979  TARGET:-23 LUFS    M: -18.1 S: -17.5     I: -16.2 LUFS       LRA:   3.1 LU  FTPK:  -5.7 dBFS  TPK:  -1.4 dBFS
[Parsed_ebur128_0 @ 0x146a064a0] t: 19.499979  TARGET:-23 LUFS    M: -19.1 S: -17.7     I: -16.2 LUFS       LRA:   3.1 LU  FTPK:  -9.5 dBFS  TPK:  -1.4 dBFS
[Parsed_ebur128_0 @ 0x146a064a0] t: 19.599979  TARGET:-23 LUFS    M: -20.8 S: -18.1     I: -16.2 LUFS       LRA:   3.1 LU  FTPK: -11.3 dBFS  TPK:  -1.4 dBFS
[Parsed_ebur128_0 @ 0x146a064a0] t: 19.699979  TARGET:-23 LUFS    M: -17.0 S: -17.9     I: -16.2 LUFS       LRA:   3.1 LU  FTPK:  -1.5 dBFS  TPK:  -1.4 dBFS
[Parsed_ebur128_0 @ 0x146a064a0] t: 19.799979  TARGET:-23 LUFS    M: -17.7 S: -18.1     I: -16.2 LUFS       LRA:   3.1 LU  FTPK:  -7.3 dBFS  TPK:  -1.4 dBFS
[Parsed_ebur128_0 @ 0x146a064a0] t: 19.899979  TARGET:-23 LUFS    M: -18.3 S: -18.3     I: -16.2 LUFS       LRA:   3.1 LU  FTPK: -20.2 dBFS  TPK:  -1.4 dBFS
[Parsed_ebur128_0 @ 0x146a064a0] t: 19.999979  TARGET:-23 LUFS    M: -18.7 S: -18.4     I: -16.2 LUFS       LRA:   3.2 LU  FTPK: -57.5 dBFS  TPK:  -1.4 dBFS
[Parsed_ebur128_0 @ 0x146a064a0] t: 20.099979  TARGET:-23 LUFS    M: -30.7 S: -18.7     I: -16.2 LUFS       LRA:   3.2 LU  FTPK: -57.1 dBFS  TPK:  -1.4 dBFS
[Parsed_ebur128_0 @ 0x146a064a0] t: 20.199979  TARGET:-23 LUFS    M: -40.7 S: -18.9     I: -16.2 LUFS       LRA:   3.2 LU  FTPK: -48.7 dBFS  TPK:  -1.4 dBFS
[Parsed_ebur128_0 @ 0x146a064a0] t: 20.299979  TARGET:-23 LUFS    M: -25.6 S: -19.1     I: -16.3 LUFS       LRA:   3.2 LU  FTPK:  -7.0 dBFS  TPK:  -1.4 dBFS
[Parsed_ebur128_0 @ 0x146a064a0] t: 20.399979  TARGET:-23 LUFS    M: -24.0 S: -19.1     I: -16.3 LUFS       LRA:   3.2 LU  FTPK: -10.6 dBFS  TPK:  -1.4 dBFS
[Parsed_ebur128_0 @ 0x146a064a0] t: 20.499979  TARGET:-23 LUFS    M: -20.0 S: -19.1     I: -16.3 LUFS       LRA:   3.2 LU  FTPK:  -1.5 dBFS  TPK:  -1.4 dBFS
[Parsed_ebur128_0 @ 0x146a064a0] t: 20.599979  TARGET:-23 LUFS    M: -19.9 S: -19.3     I: -16.3 LUFS       LRA:   3.2 LU  FTPK:  -9.5 dBFS  TPK:  -1.4 dBFS
[Parsed_ebur128_0 @ 0x146a064a0] t: 20.699979  TARGET:-23 LUFS    M: -21.2 S: -19.4     I: -16.3 LUFS       LRA:   3.3 LU  FTPK: -22.3 dBFS  TPK:  -1.4 dBFS
[Parsed_ebur128_0 @ 0x146a064a0] t: 20.799979  TARGET:-23 LUFS    M: -22.0 S: -19.5     I: -16.3 LUFS       LRA:   3.3 LU  FTPK: -42.9 dBFS  TPK:  -1.4 dBFS
[Parsed_ebur128_0 @ 0x146a064a0] t: 20.899979  TARGET:-23 LUFS    M: -35.6 S: -19.6     I: -16.3 LUFS       LRA:   3.3 LU  FTPK: -73.0 dBFS  TPK:  -1.4 dBFS
[Parsed_ebur128_0 @ 0x146a064a0] t: 20.999979  TARGET:-23 LUFS    M: -45.4 S: -19.6     I: -16.3 LUFS       LRA:   3.4 LU  FTPK:  -inf dBFS  TPK:  -1.4 dBFS
[Parsed_ebur128_0 @ 0x146a064a0] t: 21.099979  TARGET:-23 LUFS    M: -65.9 S: -19.6     I: -16.3 LUFS       LRA:   3.6 LU  FTPK:  -inf dBFS  TPK:  -1.4 dBFS
[Parsed_ebur128_0 @ 0x146a064a0] t: 21.199979  TARGET:-23 LUFS    M: -99.0 S: -19.6     I: -16.3 LUFS       LRA:   3.7 LU  FTPK: -76.6 dBFS  TPK:  -1.4 dBFS
[Parsed_ebur128_0 @ 0x146a064a0] t: 21.299979  TARGET:-23 LUFS    M: -57.1 S: -19.6     I: -16.3 LUFS       LRA:   3.7 LU  FTPK: -32.3 dBFS  TPK:  -1.4 dBFS
[Parsed_ebur128_0 @ 0x146a064a0] t: 21.399979  TARGET:-23 LUFS    M: -23.4 S: -19.7     I: -16.4 LUFS       LRA:   3.7 LU  FTPK:  -9.1 dBFS  TPK:  -1.4 dBFS
[Parsed_ebur128_0 @ 0x146a064a0] t: 21.499979  TARGET:-23 LUFS    M: -21.9 S: -19.9     I: -16.4 LUFS       LRA:   3.9 LU  FTPK:  -7.7 dBFS  TPK:  -1.4 dBFS
[Parsed_ebur128_0 @ 0x146a064a0] t: 21.599979  TARGET:-23 LUFS    M: -17.1 S: -19.4     I: -16.4 LUFS       LRA:   4.0 LU  FTPK:  -1.5 dBFS  TPK:  -1.4 dBFS
[Parsed_ebur128_0 @ 0x146a064a0] t: 21.699979  TARGET:-23 LUFS    M: -16.8 S: -19.4     I: -16.4 LUFS       LRA:   4.0 LU  FTPK:  -8.7 dBFS  TPK:  -1.4 dBFS
[Parsed_ebur128_0 @ 0x146a064a0] t: 21.799979  TARGET:-23 LUFS    M: -16.7 S: -19.6     I: -16.4 LUFS       LRA:   4.1 LU  FTPK:  -8.2 dBFS  TPK:  -1.4 dBFS
[Parsed_ebur128_0 @ 0x146a064a0] t: 21.899979  TARGET:-23 LUFS    M: -16.2 S: -20.0     I: -16.4 LUFS       LRA:   4.2 LU  FTPK:  -7.8 dBFS  TPK:  -1.4 dBFS
[Parsed_ebur128_0 @ 0x146a064a0] t: 21.999979  TARGET:-23 LUFS    M: -19.5 S: -20.1     I: -16.4 LUFS       LRA:   4.1 LU  FTPK: -27.0 dBFS  TPK:  -1.4 dBFS
[Parsed_ebur128_0 @ 0x146a064a0] t: 22.099979  TARGET:-23 LUFS    M: -18.8 S: -20.2     I: -16.4 LUFS       LRA:   4.1 LU  FTPK:  -5.5 dBFS  TPK:  -1.4 dBFS
[Parsed_ebur128_0 @ 0x146a064a0] t: 22.199979  TARGET:-23 LUFS    M: -18.7 S: -20.2     I: -16.4 LUFS       LRA:   4.2 LU  FTPK:  -6.8 dBFS  TPK:  -1.4 dBFS
[Parsed_ebur128_0 @ 0x146a064a0] t: 22.299979  TARGET:-23 LUFS    M: -18.3 S: -19.9     I: -16.4 LUFS       LRA:   4.3 LU  FTPK:  -6.4 dBFS  TPK:  -1.4 dBFS
[Parsed_ebur128_0 @ 0x146a064a0] t: 22.399979  TARGET:-23 LUFS    M: -15.7 S: -19.5     I: -16.4 LUFS       LRA:   4.2 LU  FTPK:  -3.2 dBFS  TPK:  -1.4 dBFS
[Parsed_ebur128_0 @ 0x146a064a0] t: 22.499979  TARGET:-23 LUFS    M: -15.5 S: -19.3     I: -16.4 LUFS       LRA:   4.2 LU  FTPK:  -5.9 dBFS  TPK:  -1.4 dBFS
[Parsed_ebur128_0 @ 0x146a064a0] t: 22.599979  TARGET:-23 LUFS    M: -16.3 S: -19.4     I: -16.4 LUFS       LRA:   4.2 LU  FTPK: -17.0 dBFS  TPK:  -1.4 dBFS
[Parsed_ebur128_0 @ 0x146a064a0] t: 22.699979  TARGET:-23 LUFS    M: -17.0 S: -19.9     I: -16.4 LUFS       LRA:   4.3 LU  FTPK:  -4.9 dBFS  TPK:  -1.4 dBFS
[Parsed_ebur128_0 @ 0x146a064a0] t: 22.799979  TARGET:-23 LUFS    M: -19.6 S: -19.8     I: -16.4 LUFS       LRA:   4.3 LU  FTPK: -10.0 dBFS  TPK:  -1.4 dBFS
[Parsed_ebur128_0 @ 0x146a064a0] t: 22.899979  TARGET:-23 LUFS    M: -20.0 S: -19.6     I: -16.4 LUFS       LRA:   4.3 LU  FTPK:  -6.4 dBFS  TPK:  -1.4 dBFS
[Parsed_ebur128_0 @ 0x146a064a0] t: 22.999979  TARGET:-23 LUFS    M: -17.9 S: -19.3     I: -16.5 LUFS       LRA:   4.3 LU  FTPK:  -5.9 dBFS  TPK:  -1.4 dBFS
[Parsed_ebur128_0 @ 0x146a064a0] t: 23.099979  TARGET:-23 LUFS    M: -17.9 S: -19.1     I: -16.5 LUFS       LRA:   4.3 LU  FTPK:  -6.7 dBFS  TPK:  -1.4 dBFS
[Parsed_ebur128_0 @ 0x146a064a0] t: 23.199979  TARGET:-23 LUFS    M: -17.9 S: -19.0     I: -16.5 LUFS       LRA:   4.3 LU  FTPK:  -5.6 dBFS  TPK:  -1.4 dBFS
[Parsed_ebur128_0 @ 0x146a064a0] t: 23.299979  TARGET:-23 LUFS    M: -18.5 S: -19.0     I: -16.5 LUFS       LRA:   4.3 LU  FTPK:  -6.7 dBFS  TPK:  -1.4 dBFS
[Parsed_ebur128_0 @ 0x146a064a0] t: 23.399979  TARGET:-23 LUFS    M: -20.8 S: -19.0     I: -16.5 LUFS       LRA:   4.3 LU  FTPK: -11.7 dBFS  TPK:  -1.4 dBFS
[Parsed_ebur128_0 @ 0x146a064a0] t: 23.499979  TARGET:-23 LUFS    M: -22.6 S: -19.3     I: -16.5 LUFS       LRA:   4.3 LU  FTPK: -18.1 dBFS  TPK:  -1.4 dBFS
[Parsed_ebur128_0 @ 0x146a064a0] t: 23.599979  TARGET:-23 LUFS    M: -26.0 S: -19.3     I: -16.5 LUFS       LRA:   4.3 LU  FTPK: -47.0 dBFS  TPK:  -1.4 dBFS
[Parsed_ebur128_0 @ 0x146a064a0] t: 23.699979  TARGET:-23 LUFS    M: -31.5 S: -19.3     I: -16.5 LUFS       LRA:   4.3 LU  FTPK: -47.4 dBFS  TPK:  -1.4 dBFS
[Parsed_ebur128_0 @ 0x146a064a0] t: 23.799979  TARGET:-23 LUFS    M: -41.7 S: -19.3     I: -16.5 LUFS       LRA:   4.3 LU  FTPK: -48.0 dBFS  TPK:  -1.4 dBFS
[Parsed_ebur128_0 @ 0x146a064a0] t: 23.899979  TARGET:-23 LUFS    M: -37.3 S: -19.3     I: -16.5 LUFS       LRA:   4.3 LU  FTPK:  -9.3 dBFS  TPK:  -1.4 dBFS
[Parsed_ebur128_0 @ 0x146a064a0] t: 23.999979  TARGET:-23 LUFS    M: -18.5 S: -18.7     I: -16.5 LUFS       LRA:   4.2 LU  FTPK:  -1.5 dBFS  TPK:  -1.4 dBFS
[Parsed_ebur128_0 @ 0x146a064a0] t: 24.099979  TARGET:-23 LUFS    M: -15.6 S: -18.2     I: -16.5 LUFS       LRA:   4.2 LU  FTPK:  -3.0 dBFS  TPK:  -1.4 dBFS
[Parsed_ebur128_0 @ 0x146a064a0] t: 24.199979  TARGET:-23 LUFS    M: -13.4 S: -17.5     I: -16.5 LUFS       LRA:   4.2 LU  FTPK:  -3.3 dBFS  TPK:  -1.4 dBFS
[Parsed_ebur128_0 @ 0x146a064a0] t: 24.299979  TARGET:-23 LUFS    M: -12.6 S: -17.2     I: -16.5 LUFS       LRA:   4.2 LU  FTPK:  -4.9 dBFS  TPK:  -1.4 dBFS
[Parsed_ebur128_0 @ 0x146a064a0] t: 24.399979  TARGET:-23 LUFS    M: -12.4 S: -16.8     I: -16.4 LUFS       LRA:   4.2 LU  FTPK:  -1.4 dBFS  TPK:  -1.4 dBFS
[Parsed_ebur128_0 @ 0x146a064a0] t: 24.499979  TARGET:-23 LUFS    M: -12.8 S: -16.7     I: -16.4 LUFS       LRA:   4.2 LU  FTPK:  -1.7 dBFS  TPK:  -1.4 dBFS
[Parsed_ebur128_0 @ 0x146a064a0] t: 24.599979  TARGET:-23 LUFS    M: -14.2 S: -17.0     I: -16.4 LUFS       LRA:   4.2 LU  FTPK: -10.3 dBFS  TPK:  -1.4 dBFS
[Parsed_ebur128_0 @ 0x146a064a0] t: 24.699979  TARGET:-23 LUFS    M: -15.5 S: -17.0     I: -16.4 LUFS       LRA:   4.2 LU  FTPK: -37.1 dBFS  TPK:  -1.4 dBFS
[Parsed_ebur128_0 @ 0x146a064a0] t: 24.799979  TARGET:-23 LUFS    M: -19.6 S: -17.2     I: -16.4 LUFS       LRA:   4.2 LU  FTPK: -47.9 dBFS  TPK:  -1.4 dBFS
[Parsed_ebur128_0 @ 0x146a064a0] t: 24.899979  TARGET:-23 LUFS    M: -25.4 S: -17.3     I: -16.4 LUFS       LRA:   4.2 LU  FTPK: -49.3 dBFS  TPK:  -1.4 dBFS
[Parsed_ebur128_0 @ 0x146a064a0] t: 24.999979  TARGET:-23 LUFS    M: -56.5 S: -17.3     I: -16.4 LUFS       LRA:   4.2 LU  FTPK: -48.0 dBFS  TPK:  -1.4 dBFS
[Parsed_ebur128_0 @ 0x146a064a0] t: 25.099979  TARGET:-23 LUFS    M: -23.6 S: -17.3     I: -16.4 LUFS       LRA:   4.2 LU  FTPK:  -1.5 dBFS  TPK:  -1.4 dBFS
[Parsed_ebur128_0 @ 0x146a064a0] t: 25.199979  TARGET:-23 LUFS    M: -18.1 S: -17.1     I: -16.4 LUFS       LRA:   4.2 LU  FTPK:  -1.5 dBFS  TPK:  -1.4 dBFS
[Parsed_ebur128_0 @ 0x146a064a0] t: 25.299979  TARGET:-23 LUFS    M: -17.4 S: -17.2     I: -16.5 LUFS       LRA:   4.2 LU  FTPK:  -7.4 dBFS  TPK:  -1.4 dBFS
[Parsed_ebur128_0 @ 0x146a064a0] t: 25.399979  TARGET:-23 LUFS    M: -15.5 S: -17.3     I: -16.4 LUFS       LRA:   4.2 LU  FTPK:  -1.5 dBFS  TPK:  -1.4 dBFS
[Parsed_ebur128_0 @ 0x146a064a0] t: 25.499979  TARGET:-23 LUFS    M: -15.1 S: -17.2     I: -16.4 LUFS       LRA:   4.2 LU  FTPK:  -2.5 dBFS  TPK:  -1.4 dBFS
[Parsed_ebur128_0 @ 0x146a064a0] t: 25.599979  TARGET:-23 LUFS    M: -16.1 S: -17.1     I: -16.4 LUFS       LRA:   4.2 LU  FTPK:  -5.9 dBFS  TPK:  -1.4 dBFS
[Parsed_ebur128_0 @ 0x146a064a0] t: 25.699979  TARGET:-23 LUFS    M: -16.6 S: -17.1     I: -16.4 LUFS       LRA:   4.2 LU  FTPK: -28.0 dBFS  TPK:  -1.4 dBFS
[Parsed_ebur128_0 @ 0x146a064a0] t: 25.799979  TARGET:-23 LUFS    M: -18.9 S: -17.2     I: -16.4 LUFS       LRA:   4.2 LU  FTPK:  -9.0 dBFS  TPK:  -1.4 dBFS
[Parsed_ebur128_0 @ 0x146a064a0] t: 25.899979  TARGET:-23 LUFS    M: -21.4 S: -17.3     I: -16.5 LUFS       LRA:   4.2 LU  FTPK:  -8.8 dBFS  TPK:  -1.4 dBFS
[Parsed_ebur128_0 @ 0x146a064a0] t: 25.999979  TARGET:-23 LUFS    M: -18.6 S: -17.1     I: -16.5 LUFS       LRA:   4.2 LU  FTPK:  -1.5 dBFS  TPK:  -1.4 dBFS
[Parsed_ebur128_0 @ 0x146a064a0] t: 26.099979  TARGET:-23 LUFS    M: -16.9 S: -17.0     I: -16.5 LUFS       LRA:   4.2 LU  FTPK:  -2.1 dBFS  TPK:  -1.4 dBFS
[Parsed_ebur128_0 @ 0x146a064a0] t: 26.199979  TARGET:-23 LUFS    M: -15.8 S: -16.9     I: -16.5 LUFS       LRA:   4.2 LU  FTPK:  -3.1 dBFS  TPK:  -1.4 dBFS
[Parsed_ebur128_0 @ 0x146a064a0] t: 26.299979  TARGET:-23 LUFS    M: -15.1 S: -16.8     I: -16.5 LUFS       LRA:   4.2 LU  FTPK:  -4.5 dBFS  TPK:  -1.4 dBFS
[Parsed_ebur128_0 @ 0x146a064a0] t: 26.399979  TARGET:-23 LUFS    M: -16.9 S: -16.8     I: -16.5 LUFS       LRA:   4.1 LU  FTPK: -11.8 dBFS  TPK:  -1.4 dBFS
[Parsed_ebur128_0 @ 0x146a064a0] t: 26.499979  TARGET:-23 LUFS    M: -18.3 S: -16.8     I: -16.5 LUFS       LRA:   4.1 LU  FTPK: -14.2 dBFS  TPK:  -1.4 dBFS
[Parsed_ebur128_0 @ 0x146a064a0] t: 26.599979  TARGET:-23 LUFS    M: -21.2 S: -16.8     I: -16.5 LUFS       LRA:   4.1 LU  FTPK: -23.7 dBFS  TPK:  -1.4 dBFS
[Parsed_ebur128_0 @ 0x146a064a0] t: 26.699979  TARGET:-23 LUFS    M: -28.4 S: -16.8     I: -16.5 LUFS       LRA:   4.1 LU  FTPK: -60.7 dBFS  TPK:  -1.4 dBFS
[Parsed_ebur128_0 @ 0x146a064a0] t: 26.799979  TARGET:-23 LUFS    M: -23.4 S: -16.7     I: -16.5 LUFS       LRA:   4.1 LU  FTPK:  -1.6 dBFS  TPK:  -1.4 dBFS
[Parsed_ebur128_0 @ 0x146a064a0] t: 26.899979  TARGET:-23 LUFS    M: -18.5 S: -16.4     I: -16.5 LUFS       LRA:   4.1 LU  FTPK:  -5.0 dBFS  TPK:  -1.4 dBFS
[Parsed_ebur128_0 @ 0x146a064a0] t: 26.999979  TARGET:-23 LUFS    M: -17.1 S: -16.6     I: -16.5 LUFS       LRA:   4.1 LU  FTPK:  -5.5 dBFS  TPK:  -1.4 dBFS
[Parsed_ebur128_0 @ 0x146a064a0] t: 27.099979  TARGET:-23 LUFS    M: -15.0 S: -16.6     I: -16.5 LUFS       LRA:   4.1 LU  FTPK:  -1.5 dBFS  TPK:  -1.4 dBFS
[Parsed_ebur128_0 @ 0x146a064a0] t: 27.199979  TARGET:-23 LUFS    M: -14.1 S: -16.8     I: -16.5 LUFS       LRA:   4.1 LU  FTPK:  -3.6 dBFS  TPK:  -1.4 dBFS
[Parsed_ebur128_0 @ 0x146a064a0] t: 27.299979  TARGET:-23 LUFS    M: -14.7 S: -17.0     I: -16.5 LUFS       LRA:   4.1 LU  FTPK:  -3.9 dBFS  TPK:  -1.4 dBFS
[Parsed_ebur128_0 @ 0x146a064a0] t: 27.399979  TARGET:-23 LUFS    M: -15.4 S: -17.5     I: -16.5 LUFS       LRA:   4.1 LU  FTPK: -14.3 dBFS  TPK:  -1.4 dBFS
[Parsed_ebur128_0 @ 0x146a064a0] t: 27.499979  TARGET:-23 LUFS    M: -15.7 S: -17.4     I: -16.5 LUFS       LRA:   4.1 LU  FTPK:  -1.5 dBFS  TPK:  -1.4 dBFS
[Parsed_ebur128_0 @ 0x146a064a0] t: 27.599979  TARGET:-23 LUFS    M: -15.8 S: -17.2     I: -16.5 LUFS       LRA:   4.1 LU  FTPK:  -4.4 dBFS  TPK:  -1.4 dBFS
[Parsed_ebur128_0 @ 0x146a064a0] t: 27.699979  TARGET:-23 LUFS    M: -16.1 S: -17.1     I: -16.5 LUFS       LRA:   4.1 LU  FTPK:  -6.5 dBFS  TPK:  -1.4 dBFS
[Parsed_ebur128_0 @ 0x146a064a0] t: 27.799979  TARGET:-23 LUFS    M: -16.1 S: -17.1     I: -16.5 LUFS       LRA:   4.1 LU  FTPK: -11.7 dBFS  TPK:  -1.4 dBFS
[Parsed_ebur128_0 @ 0x146a064a0] t: 27.899979  TARGET:-23 LUFS    M: -17.3 S: -16.9     I: -16.5 LUFS       LRA:   4.1 LU  FTPK:  -1.5 dBFS  TPK:  -1.4 dBFS
[Parsed_ebur128_0 @ 0x146a064a0] t: 27.999979  TARGET:-23 LUFS    M: -19.9 S: -16.9     I: -16.5 LUFS       LRA:   4.1 LU  FTPK: -12.4 dBFS  TPK:  -1.4 dBFS
[Parsed_ebur128_0 @ 0x146a064a0] t: 28.099979  TARGET:-23 LUFS    M: -20.3 S: -16.9     I: -16.5 LUFS       LRA:   4.1 LU  FTPK:  -4.8 dBFS  TPK:  -1.4 dBFS
[Parsed_ebur128_0 @ 0x146a064a0] t: 28.199979  TARGET:-23 LUFS    M: -19.8 S: -17.2     I: -16.5 LUFS       LRA:   4.1 LU  FTPK:  -7.0 dBFS  TPK:  -1.4 dBFS
[Parsed_ebur128_0 @ 0x146a064a0] t: 28.299979  TARGET:-23 LUFS    M: -22.2 S: -17.3     I: -16.5 LUFS       LRA:   4.1 LU  FTPK: -12.8 dBFS  TPK:  -1.4 dBFS
[Parsed_ebur128_0 @ 0x146a064a0] t: 28.399979  TARGET:-23 LUFS    M: -22.5 S: -17.6     I: -16.5 LUFS       LRA:   4.1 LU  FTPK: -15.2 dBFS  TPK:  -1.4 dBFS
[Parsed_ebur128_0 @ 0x146a064a0] t: 28.499979  TARGET:-23 LUFS    M: -25.4 S: -17.8     I: -16.5 LUFS       LRA:   4.1 LU  FTPK: -41.9 dBFS  TPK:  -1.4 dBFS
[Parsed_ebur128_0 @ 0x146a064a0] t: 28.599979  TARGET:-23 LUFS    M: -20.9 S: -17.7     I: -16.5 LUFS       LRA:   4.1 LU  FTPK:  -1.5 dBFS  TPK:  -1.4 dBFS
[Parsed_ebur128_0 @ 0x146a064a0] t: 28.699979  TARGET:-23 LUFS    M: -18.6 S: -17.5     I: -16.6 LUFS       LRA:   4.1 LU  FTPK:  -3.0 dBFS  TPK:  -1.4 dBFS
[Parsed_ebur128_0 @ 0x146a064a0] t: 28.799979  TARGET:-23 LUFS    M: -17.3 S: -17.4     I: -16.6 LUFS       LRA:   4.1 LU  FTPK:  -6.1 dBFS  TPK:  -1.4 dBFS
[Parsed_ebur128_0 @ 0x146a064a0] t: 28.899979  TARGET:-23 LUFS    M: -17.0 S: -17.4     I: -16.6 LUFS       LRA:   4.1 LU  FTPK:  -8.2 dBFS  TPK:  -1.4 dBFS
[Parsed_ebur128_0 @ 0x146a064a0] t: 28.999979  TARGET:-23 LUFS    M: -15.1 S: -17.2     I: -16.5 LUFS       LRA:   4.1 LU  FTPK:  -2.8 dBFS  TPK:  -1.4 dBFS
[Parsed_ebur128_0 @ 0x146a064a0] t: 29.099979  TARGET:-23 LUFS    M: -14.8 S: -17.1     I: -16.5 LUFS       LRA:   4.1 LU  FTPK:  -2.5 dBFS  TPK:  -1.4 dBFS
[Parsed_ebur128_0 @ 0x146a064a0] t: 29.199979  TARGET:-23 LUFS    M: -14.6 S: -17.1     I: -16.5 LUFS       LRA:   4.1 LU  FTPK:  -4.0 dBFS  TPK:  -1.4 dBFS
[Parsed_ebur128_0 @ 0x146a064a0] t: 29.299979  TARGET:-23 LUFS    M: -13.4 S: -17.0     I: -16.5 LUFS       LRA:   4.1 LU  FTPK:  -3.7 dBFS  TPK:  -1.4 dBFS
[Parsed_ebur128_0 @ 0x146a064a0] t: 29.399979  TARGET:-23 LUFS    M: -13.8 S: -16.6     I: -16.5 LUFS       LRA:   4.1 LU  FTPK:  -2.5 dBFS  TPK:  -1.4 dBFS
[Parsed_ebur128_0 @ 0x146a064a0] t: 29.499979  TARGET:-23 LUFS    M: -14.4 S: -16.5     I: -16.5 LUFS       LRA:   4.1 LU  FTPK:  -6.5 dBFS  TPK:  -1.4 dBFS
[Parsed_ebur128_0 @ 0x146a064a0] t: 29.599979  TARGET:-23 LUFS    M: -15.2 S: -16.5     I: -16.5 LUFS       LRA:   4.1 LU  FTPK: -10.1 dBFS  TPK:  -1.4 dBFS
[Parsed_ebur128_0 @ 0x146a064a0] t: 29.699979  TARGET:-23 LUFS    M: -17.3 S: -16.5     I: -16.5 LUFS       LRA:   4.1 LU  FTPK: -20.7 dBFS  TPK:  -1.4 dBFS
[Parsed_ebur128_0 @ 0x146a064a0] t: 29.799979  TARGET:-23 LUFS    M: -23.3 S: -16.6     I: -16.5 LUFS       LRA:   4.1 LU  FTPK: -35.5 dBFS  TPK:  -1.4 dBFS
[Parsed_ebur128_0 @ 0x146a064a0] t: 29.899979  TARGET:-23 LUFS    M: -27.1 S: -16.9     I: -16.5 LUFS       LRA:   4.1 LU  FTPK: -16.3 dBFS  TPK:  -1.4 dBFS
[Parsed_ebur128_0 @ 0x146a064a0] t: 29.999979  TARGET:-23 LUFS    M: -19.9 S: -16.7     I: -16.5 LUFS       LRA:   4.0 LU  FTPK:  -1.5 dBFS  TPK:  -1.4 dBFS
[Parsed_ebur128_0 @ 0x146a064a0] t: 30.099979  TARGET:-23 LUFS    M: -18.8 S: -17.0     I: -16.5 LUFS       LRA:   4.0 LU  FTPK:  -9.0 dBFS  TPK:  -1.4 dBFS
[Parsed_ebur128_0 @ 0x146a064a0] t: 30.199979  TARGET:-23 LUFS    M: -15.5 S: -16.9     I: -16.5 LUFS       LRA:   4.0 LU  FTPK:  -1.5 dBFS  TPK:  -1.4 dBFS
[Parsed_ebur128_0 @ 0x146a064a0] t: 30.299979  TARGET:-23 LUFS    M: -15.3 S: -17.0     I: -16.5 LUFS       LRA:   4.0 LU  FTPK: -12.3 dBFS  TPK:  -1.4 dBFS
[Parsed_ebur128_0 @ 0x146a064a0] t: 30.399979  TARGET:-23 LUFS    M: -16.8 S: -16.9     I: -16.5 LUFS       LRA:   4.0 LU  FTPK:  -1.5 dBFS  TPK:  -1.4 dBFS
[Parsed_ebur128_0 @ 0x146a064a0] t: 30.499979  TARGET:-23 LUFS    M: -15.4 S: -16.9     I: -16.5 LUFS       LRA:   4.0 LU  FTPK:  -1.5 dBFS  TPK:  -1.4 dBFS
[Parsed_ebur128_0 @ 0x146a064a0] t: 30.599979  TARGET:-23 LUFS    M: -17.5 S: -17.1     I: -16.5 LUFS       LRA:   4.0 LU  FTPK:  -5.6 dBFS  TPK:  -1.4 dBFS
[Parsed_ebur128_0 @ 0x146a064a0] t: 30.699979  TARGET:-23 LUFS    M: -17.4 S: -17.2     I: -16.5 LUFS       LRA:   4.0 LU  FTPK:  -6.0 dBFS  TPK:  -1.4 dBFS
[Parsed_ebur128_0 @ 0x146a064a0] t: 30.799979  TARGET:-23 LUFS    M: -17.2 S: -17.1     I: -16.5 LUFS       LRA:   4.0 LU  FTPK:  -5.0 dBFS  TPK:  -1.4 dBFS
[Parsed_ebur128_0 @ 0x146a064a0] t: 30.899979  TARGET:-23 LUFS    M: -20.1 S: -17.2     I: -16.5 LUFS       LRA:   4.0 LU  FTPK: -10.1 dBFS  TPK:  -1.4 dBFS
[Parsed_ebur128_0 @ 0x146a064a0] t: 30.999979  TARGET:-23 LUFS    M: -21.7 S: -17.2     I: -16.5 LUFS       LRA:   4.0 LU  FTPK: -14.2 dBFS  TPK:  -1.4 dBFS
[Parsed_ebur128_0 @ 0x146a064a0] t: 31.099979  TARGET:-23 LUFS    M: -22.6 S: -17.3     I: -16.5 LUFS       LRA:   4.0 LU  FTPK: -16.6 dBFS  TPK:  -1.4 dBFS
[Parsed_ebur128_0 @ 0x146a064a0] t: 31.199979  TARGET:-23 LUFS    M: -25.4 S: -17.3     I: -16.6 LUFS       LRA:   4.0 LU  FTPK: -32.5 dBFS  TPK:  -1.4 dBFS
[Parsed_ebur128_0 @ 0x146a064a0] t: 31.299979  TARGET:-23 LUFS    M: -27.9 S: -17.4     I: -16.6 LUFS       LRA:   4.0 LU  FTPK: -46.1 dBFS  TPK:  -1.4 dBFS
[Parsed_ebur128_0 @ 0x146a064a0] t: 31.399979  TARGET:-23 LUFS    M: -26.5 S: -17.3     I: -16.6 LUFS       LRA:   4.0 LU  FTPK: -10.3 dBFS  TPK:  -1.4 dBFS
[Parsed_ebur128_0 @ 0x146a064a0] t: 31.499979  TARGET:-23 LUFS    M: -20.5 S: -17.1     I: -16.6 LUFS       LRA:   4.0 LU  FTPK:  -1.5 dBFS  TPK:  -1.4 dBFS
[Parsed_ebur128_0 @ 0x146a064a0] t: 31.599979  TARGET:-23 LUFS    M: -19.3 S: -17.2     I: -16.6 LUFS       LRA:   4.0 LU  FTPK:  -2.7 dBFS  TPK:  -1.4 dBFS
[Parsed_ebur128_0 @ 0x146a064a0] t: 31.699979  TARGET:-23 LUFS    M: -18.0 S: -17.3     I: -16.6 LUFS       LRA:   4.0 LU  FTPK:  -7.5 dBFS  TPK:  -1.4 dBFS
[Parsed_ebur128_0 @ 0x146a064a0] t: 31.799979  TARGET:-23 LUFS    M: -17.2 S: -17.3     I: -16.6 LUFS       LRA:   4.0 LU  FTPK:  -9.2 dBFS  TPK:  -1.4 dBFS
[Parsed_ebur128_0 @ 0x146a064a0] t: 31.899979  TARGET:-23 LUFS    M: -18.1 S: -17.2     I: -16.6 LUFS       LRA:   4.0 LU  FTPK:  -6.5 dBFS  TPK:  -1.4 dBFS
[Parsed_ebur128_0 @ 0x146a064a0] t: 31.999979  TARGET:-23 LUFS    M: -18.9 S: -17.8     I: -16.6 LUFS       LRA:   4.0 LU  FTPK: -17.6 dBFS  TPK:  -1.4 dBFS
[Parsed_ebur128_0 @ 0x146a064a0] t: 32.099979  TARGET:-23 LUFS    M: -17.8 S: -17.8     I: -16.6 LUFS       LRA:   4.0 LU  FTPK:  -1.5 dBFS  TPK:  -1.4 dBFS
[Parsed_ebur128_0 @ 0x146a064a0] t: 32.199979  TARGET:-23 LUFS    M: -17.9 S: -17.9     I: -16.6 LUFS       LRA:   4.0 LU  FTPK:  -4.4 dBFS  TPK:  -1.4 dBFS
[Parsed_ebur128_0 @ 0x146a064a0] t: 32.299979  TARGET:-23 LUFS    M: -18.6 S: -18.3     I: -16.6 LUFS       LRA:   4.0 LU  FTPK:  -7.6 dBFS  TPK:  -1.4 dBFS
[Parsed_ebur128_0 @ 0x146a064a0] t: 32.399979  TARGET:-23 LUFS    M: -18.4 S: -18.9     I: -16.6 LUFS       LRA:   4.0 LU  FTPK:  -7.2 dBFS  TPK:  -1.4 dBFS
[Parsed_ebur128_0 @ 0x146a064a0] t: 32.499979  TARGET:-23 LUFS    M: -21.3 S: -19.0     I: -16.6 LUFS       LRA:   4.0 LU  FTPK: -10.8 dBFS  TPK:  -1.4 dBFS
[Parsed_ebur128_0 @ 0x146a064a0] t: 32.599979  TARGET:-23 LUFS    M: -21.4 S: -18.9     I: -16.6 LUFS       LRA:   4.0 LU  FTPK:  -1.5 dBFS  TPK:  -1.4 dBFS
[Parsed_ebur128_0 @ 0x146a064a0] t: 32.699979  TARGET:-23 LUFS    M: -18.4 S: -18.5     I: -16.6 LUFS       LRA:   4.0 LU  FTPK:  -2.0 dBFS  TPK:  -1.4 dBFS
[Parsed_ebur128_0 @ 0x146a064a0] t: 32.799979  TARGET:-23 LUFS    M: -18.2 S: -18.4     I: -16.7 LUFS       LRA:   4.0 LU  FTPK:  -9.3 dBFS  TPK:  -1.4 dBFS
[Parsed_ebur128_0 @ 0x146a064a0] t: 32.899979  TARGET:-23 LUFS    M: -18.4 S: -18.4     I: -16.7 LUFS       LRA:   4.0 LU  FTPK: -17.2 dBFS  TPK:  -1.4 dBFS
[Parsed_ebur128_0 @ 0x146a064a0] t: 32.999979  TARGET:-23 LUFS    M: -17.3 S: -18.5     I: -16.7 LUFS       LRA:   4.0 LU  FTPK:  -1.5 dBFS  TPK:  -1.4 dBFS
[Parsed_ebur128_0 @ 0x146a064a0] t: 33.099979  TARGET:-23 LUFS    M: -18.9 S: -18.5     I: -16.7 LUFS       LRA:   4.0 LU  FTPK:  -4.2 dBFS  TPK:  -1.4 dBFS
[Parsed_ebur128_0 @ 0x146a064a0] t: 33.199979  TARGET:-23 LUFS    M: -19.1 S: -19.1     I: -16.7 LUFS       LRA:   4.0 LU  FTPK: -10.1 dBFS  TPK:  -1.4 dBFS
[Parsed_ebur128_0 @ 0x146a064a0] t: 33.299979  TARGET:-23 LUFS    M: -19.1 S: -19.2     I: -16.7 LUFS       LRA:   4.0 LU  FTPK: -18.2 dBFS  TPK:  -1.4 dBFS
[Parsed_ebur128_0 @ 0x146a064a0] t: 33.399979  TARGET:-23 LUFS    M: -23.8 S: -19.3     I: -16.7 LUFS       LRA:   4.0 LU  FTPK: -38.1 dBFS  TPK:  -1.4 dBFS
[Parsed_ebur128_0 @ 0x146a064a0] t: 33.499979  TARGET:-23 LUFS    M: -28.3 S: -19.8     I: -16.7 LUFS       LRA:   4.0 LU  FTPK: -40.3 dBFS  TPK:  -1.4 dBFS
[Parsed_ebur128_0 @ 0x146a064a0] t: 33.599979  TARGET:-23 LUFS    M: -27.2 S: -19.9     I: -16.7 LUFS       LRA:   4.0 LU  FTPK:  -7.2 dBFS  TPK:  -1.4 dBFS
[Parsed_ebur128_0 @ 0x146a064a0] t: 33.699979  TARGET:-23 LUFS    M: -24.5 S: -19.9     I: -16.7 LUFS       LRA:   4.0 LU  FTPK:  -8.4 dBFS  TPK:  -1.4 dBFS
[Parsed_ebur128_0 @ 0x146a064a0] t: 33.799979  TARGET:-23 LUFS    M: -21.6 S: -19.9     I: -16.7 LUFS       LRA:   4.0 LU  FTPK:  -5.8 dBFS  TPK:  -1.4 dBFS
[Parsed_ebur128_0 @ 0x146a064a0] t: 33.899979  TARGET:-23 LUFS    M: -18.7 S: -19.6     I: -16.7 LUFS       LRA:   4.0 LU  FTPK:  -5.6 dBFS  TPK:  -1.4 dBFS
[Parsed_ebur128_0 @ 0x146a064a0] t: 33.999979  TARGET:-23 LUFS    M: -16.7 S: -19.2     I: -16.7 LUFS       LRA:   3.9 LU  FTPK:  -1.5 dBFS  TPK:  -1.4 dBFS
[Parsed_ebur128_0 @ 0x146a064a0] t: 34.099979  TARGET:-23 LUFS    M: -15.8 S: -18.9     I: -16.7 LUFS       LRA:   3.9 LU  FTPK:  -3.7 dBFS  TPK:  -1.4 dBFS
[Parsed_ebur128_0 @ 0x146a064a0] t: 34.199979  TARGET:-23 LUFS    M: -14.8 S: -18.5     I: -16.7 LUFS       LRA:   3.9 LU  FTPK:  -3.2 dBFS  TPK:  -1.4 dBFS
[Parsed_ebur128_0 @ 0x146a064a0] t: 34.299979  TARGET:-23 LUFS    M: -15.2 S: -18.3     I: -16.7 LUFS       LRA:   3.9 LU  FTPK:  -8.1 dBFS  TPK:  -1.4 dBFS
[Parsed_ebur128_0 @ 0x146a064a0] t: 34.399979  TARGET:-23 LUFS    M: -15.6 S: -18.1     I: -16.7 LUFS       LRA:   3.9 LU  FTPK:  -1.5 dBFS  TPK:  -1.4 dBFS
[Parsed_ebur128_0 @ 0x146a064a0] t: 34.499979  TARGET:-23 LUFS    M: -16.6 S: -18.3     I: -16.7 LUFS       LRA:   3.9 LU  FTPK: -12.6 dBFS  TPK:  -1.4 dBFS
[Parsed_ebur128_0 @ 0x146a064a0] t: 34.599979  TARGET:-23 LUFS    M: -18.8 S: -18.4     I: -16.7 LUFS       LRA:   3.9 LU  FTPK: -10.2 dBFS  TPK:  -1.4 dBFS
[Parsed_ebur128_0 @ 0x146a064a0] t: 34.699979  TARGET:-23 LUFS    M: -20.4 S: -18.6     I: -16.7 LUFS       LRA:   3.9 LU  FTPK: -26.0 dBFS  TPK:  -1.4 dBFS
[Parsed_ebur128_0 @ 0x146a064a0] t: 34.799979  TARGET:-23 LUFS    M: -26.9 S: -18.8     I: -16.7 LUFS       LRA:   3.9 LU  FTPK: -47.4 dBFS  TPK:  -1.4 dBFS
[Parsed_ebur128_0 @ 0x146a064a0] t: 34.899979  TARGET:-23 LUFS    M: -31.0 S: -19.0     I: -16.7 LUFS       LRA:   3.9 LU  FTPK: -45.7 dBFS  TPK:  -1.4 dBFS
[Parsed_ebur128_0 @ 0x146a064a0] t: 34.999979  TARGET:-23 LUFS    M: -45.8 S: -19.0     I: -16.7 LUFS       LRA:   3.9 LU  FTPK: -46.5 dBFS  TPK:  -1.4 dBFS
[Parsed_ebur128_0 @ 0x146a064a0] t: 35.099979  TARGET:-23 LUFS    M: -63.8 S: -19.4     I: -16.7 LUFS       LRA:   3.9 LU  FTPK: -50.8 dBFS  TPK:  -1.4 dBFS
[Parsed_ebur128_0 @ 0x146a064a0] t: 35.199979  TARGET:-23 LUFS    M: -66.2 S: -19.6     I: -16.7 LUFS       LRA:   3.9 LU  FTPK:  -inf dBFS  TPK:  -1.4 dBFS
[Parsed_ebur128_0 @ 0x146a064a0] t: 35.299979  TARGET:-23 LUFS    M: -68.9 S: -19.6     I: -16.7 LUFS       LRA:   4.0 LU  FTPK:  -inf dBFS  TPK:  -1.4 dBFS
[Parsed_ebur128_0 @ 0x146a064a0] t: 35.399979  TARGET:-23 LUFS    M: -76.1 S: -19.7     I: -16.7 LUFS       LRA:   4.0 LU  FTPK:  -inf dBFS  TPK:  -1.4 dBFS
[Parsed_ebur128_0 @ 0x146a064a0] t: 35.499979  TARGET:-23 LUFS    M: -17.3 S: -18.8     I: -16.7 LUFS       LRA:   4.0 LU  FTPK:  -1.5 dBFS  TPK:  -1.4 dBFS
[Parsed_ebur128_0 @ 0x146a064a0] t: 35.599979  TARGET:-23 LUFS    M: -16.6 S: -18.8     I: -16.7 LUFS       LRA:   4.0 LU  FTPK:  -5.3 dBFS  TPK:  -1.4 dBFS
[Parsed_ebur128_0 @ 0x146a064a0] t: 35.699979  TARGET:-23 LUFS    M: -14.1 S: -18.5     I: -16.7 LUFS       LRA:   4.0 LU  FTPK:  -1.5 dBFS  TPK:  -1.4 dBFS
[Parsed_ebur128_0 @ 0x146a064a0] t: 35.799979  TARGET:-23 LUFS    M: -13.1 S: -18.2     I: -16.7 LUFS       LRA:   4.0 LU  FTPK:  -7.3 dBFS  TPK:  -1.4 dBFS
[Parsed_ebur128_0 @ 0x146a064a0] t: 35.899979  TARGET:-23 LUFS    M: -14.3 S: -17.9     I: -16.7 LUFS       LRA:   4.0 LU  FTPK:  -2.0 dBFS  TPK:  -1.4 dBFS
[Parsed_ebur128_0 @ 0x146a064a0] t: 35.999979  TARGET:-23 LUFS    M: -14.8 S: -18.2     I: -16.7 LUFS       LRA:   3.9 LU  FTPK: -16.4 dBFS  TPK:  -1.4 dBFS
[Parsed_ebur128_0 @ 0x146a064a0] t: 36.099979  TARGET:-23 LUFS    M: -17.1 S: -18.2     I: -16.7 LUFS       LRA:   3.9 LU  FTPK:  -3.8 dBFS  TPK:  -1.4 dBFS
[Parsed_ebur128_0 @ 0x146a064a0] t: 36.199979  TARGET:-23 LUFS    M: -17.4 S: -17.9     I: -16.7 LUFS       LRA:   3.9 LU  FTPK:  -3.8 dBFS  TPK:  -1.4 dBFS
[Parsed_ebur128_0 @ 0x146a064a0] t: 36.299979  TARGET:-23 LUFS    M: -16.3 S: -17.6     I: -16.7 LUFS       LRA:   3.9 LU  FTPK:  -4.0 dBFS  TPK:  -1.4 dBFS
[Parsed_ebur128_0 @ 0x146a064a0] t: 36.399979  TARGET:-23 LUFS    M: -15.3 S: -17.4     I: -16.7 LUFS       LRA:   3.9 LU  FTPK:  -7.7 dBFS  TPK:  -1.4 dBFS
[Parsed_ebur128_0 @ 0x146a064a0] t: 36.499979  TARGET:-23 LUFS    M: -15.4 S: -17.3     I: -16.7 LUFS       LRA:   3.9 LU  FTPK:  -4.9 dBFS  TPK:  -1.4 dBFS
[Parsed_ebur128_0 @ 0x146a064a0] t: 36.599979  TARGET:-23 LUFS    M: -14.6 S: -16.9     I: -16.7 LUFS       LRA:   3.9 LU  FTPK:  -1.5 dBFS  TPK:  -1.4 dBFS
[Parsed_ebur128_0 @ 0x146a064a0] t: 36.699979  TARGET:-23 LUFS    M: -16.0 S: -16.9     I: -16.7 LUFS       LRA:   3.9 LU  FTPK:  -6.5 dBFS  TPK:  -1.4 dBFS
[Parsed_ebur128_0 @ 0x146a064a0] t: 36.799979  TARGET:-23 LUFS    M: -17.2 S: -17.0     I: -16.7 LUFS       LRA:   3.9 LU  FTPK: -16.2 dBFS  TPK:  -1.4 dBFS
[Parsed_ebur128_0 @ 0x146a064a0] t: 36.899979  TARGET:-23 LUFS    M: -15.8 S: -16.9     I: -16.7 LUFS       LRA:   3.9 LU  FTPK:  -2.3 dBFS  TPK:  -1.4 dBFS
[Parsed_ebur128_0 @ 0x146a064a0] t: 36.999979  TARGET:-23 LUFS    M: -18.9 S: -17.1     I: -16.7 LUFS       LRA:   3.9 LU  FTPK: -11.4 dBFS  TPK:  -1.4 dBFS
[Parsed_ebur128_0 @ 0x146a064a0] t: 37.099979  TARGET:-23 LUFS    M: -18.0 S: -17.2     I: -16.7 LUFS       LRA:   3.9 LU  FTPK:  -4.4 dBFS  TPK:  -1.4 dBFS
[Parsed_ebur128_0 @ 0x146a064a0] t: 37.199979  TARGET:-23 LUFS    M: -17.3 S: -17.4     I: -16.7 LUFS       LRA:   3.9 LU  FTPK:  -6.8 dBFS  TPK:  -1.4 dBFS
[Parsed_ebur128_0 @ 0x146a064a0] t: 37.299979  TARGET:-23 LUFS    M: -19.3 S: -17.5     I: -16.7 LUFS       LRA:   3.9 LU  FTPK:  -5.0 dBFS  TPK:  -1.4 dBFS
[Parsed_ebur128_0 @ 0x146a064a0] t: 37.399979  TARGET:-23 LUFS    M: -19.7 S: -17.7     I: -16.7 LUFS       LRA:   3.9 LU  FTPK: -14.9 dBFS  TPK:  -1.4 dBFS
[Parsed_ebur128_0 @ 0x146a064a0] t: 37.499979  TARGET:-23 LUFS    M: -22.1 S: -17.7     I: -16.7 LUFS       LRA:   3.9 LU  FTPK: -18.2 dBFS  TPK:  -1.4 dBFS
[Parsed_ebur128_0 @ 0x146a064a0] t: 37.599979  TARGET:-23 LUFS    M: -25.0 S: -17.7     I: -16.7 LUFS       LRA:   3.9 LU  FTPK: -38.7 dBFS  TPK:  -1.4 dBFS
[Parsed_ebur128_0 @ 0x146a064a0] t: 37.699979  TARGET:-23 LUFS    M: -34.2 S: -17.8     I: -16.7 LUFS       LRA:   3.9 LU  FTPK: -38.7 dBFS  TPK:  -1.4 dBFS
[Parsed_ebur128_0 @ 0x146a064a0] t: 37.799979  TARGET:-23 LUFS    M: -38.8 S: -17.8     I: -16.7 LUFS       LRA:   3.9 LU  FTPK: -40.1 dBFS  TPK:  -1.4 dBFS
[Parsed_ebur128_0 @ 0x146a064a0] t: 37.899979  TARGET:-23 LUFS    M: -50.1 S: -17.8     I: -16.7 LUFS       LRA:   3.9 LU  FTPK: -42.7 dBFS  TPK:  -1.4 dBFS
[Parsed_ebur128_0 @ 0x146a064a0] t: 37.999979  TARGET:-23 LUFS    M: -50.6 S: -17.8     I: -16.7 LUFS       LRA:   3.9 LU  FTPK: -39.2 dBFS  TPK:  -1.4 dBFS
[Parsed_ebur128_0 @ 0x146a064a0] t: 38.099979  TARGET:-23 LUFS    M: -24.7 S: -17.6     I: -16.7 LUFS       LRA:   3.9 LU  FTPK:  -1.5 dBFS  TPK:  -1.4 dBFS
[Parsed_ebur128_0 @ 0x146a064a0] t: 38.199979  TARGET:-23 LUFS    M: -20.7 S: -17.5     I: -16.7 LUFS       LRA:   3.9 LU  FTPK:  -1.6 dBFS  TPK:  -1.4 dBFS
[Parsed_ebur128_0 @ 0x146a064a0] t: 38.299979  TARGET:-23 LUFS    M: -18.8 S: -17.3     I: -16.7 LUFS       LRA:   3.9 LU  FTPK:  -3.5 dBFS  TPK:  -1.4 dBFS
[Parsed_ebur128_0 @ 0x146a064a0] t: 38.399979  TARGET:-23 LUFS    M: -17.6 S: -17.2     I: -16.8 LUFS       LRA:   3.9 LU  FTPK:  -3.7 dBFS  TPK:  -1.4 dBFS
[Parsed_ebur128_0 @ 0x146a064a0] t: 38.499979  TARGET:-23 LUFS    M: -15.7 S: -17.4     I: -16.7 LUFS       LRA:   3.9 LU  FTPK:  -1.5 dBFS  TPK:  -1.4 dBFS
[Parsed_ebur128_0 @ 0x146a064a0] t: 38.599979  TARGET:-23 LUFS    M: -16.5 S: -17.5     I: -16.7 LUFS       LRA:   3.9 LU  FTPK:  -7.9 dBFS  TPK:  -1.4 dBFS
[Parsed_ebur128_0 @ 0x146a064a0] t: 38.699979  TARGET:-23 LUFS    M: -16.7 S: -17.9     I: -16.7 LUFS       LRA:   3.9 LU  FTPK:  -9.2 dBFS  TPK:  -1.4 dBFS
[Parsed_ebur128_0 @ 0x146a064a0] t: 38.799979  TARGET:-23 LUFS    M: -14.7 S: -17.7     I: -16.7 LUFS       LRA:   3.9 LU  FTPK:  -2.9 dBFS  TPK:  -1.4 dBFS
[Parsed_ebur128_0 @ 0x146a064a0] t: 38.899979  TARGET:-23 LUFS    M: -16.0 S: -17.8     I: -16.7 LUFS       LRA:   3.9 LU  FTPK:  -5.8 dBFS  TPK:  -1.4 dBFS
[Parsed_ebur128_0 @ 0x146a064a0] t: 38.999979  TARGET:-23 LUFS    M: -14.6 S: -17.4     I: -16.7 LUFS       LRA:   3.9 LU  FTPK:  -1.7 dBFS  TPK:  -1.4 dBFS
[Parsed_ebur128_0 @ 0x146a064a0] t: 39.099979  TARGET:-23 LUFS    M: -14.5 S: -17.4     I: -16.7 LUFS       LRA:   3.9 LU  FTPK:  -3.6 dBFS  TPK:  -1.4 dBFS
[Parsed_ebur128_0 @ 0x146a064a0] t: 39.199979  TARGET:-23 LUFS    M: -15.9 S: -17.4     I: -16.7 LUFS       LRA:   3.9 LU  FTPK:  -3.4 dBFS  TPK:  -1.4 dBFS
[Parsed_ebur128_0 @ 0x146a064a0] t: 39.299979  TARGET:-23 LUFS    M: -16.3 S: -17.7     I: -16.7 LUFS       LRA:   3.9 LU  FTPK: -11.2 dBFS  TPK:  -1.4 dBFS
[Parsed_ebur128_0 @ 0x146a064a0] t: 39.399979  TARGET:-23 LUFS    M: -18.5 S: -18.0     I: -16.7 LUFS       LRA:   3.8 LU  FTPK: -11.3 dBFS  TPK:  -1.4 dBFS
[Parsed_ebur128_0 @ 0x146a064a0] t: 39.499979  TARGET:-23 LUFS    M: -18.9 S: -17.9     I: -16.7 LUFS       LRA:   3.8 LU  FTPK:  -9.4 dBFS  TPK:  -1.4 dBFS
[Parsed_ebur128_0 @ 0x146a064a0] t: 39.599979  TARGET:-23 LUFS    M: -17.7 S: -18.0     I: -16.7 LUFS       LRA:   3.8 LU  FTPK:  -1.5 dBFS  TPK:  -1.4 dBFS
[Parsed_ebur128_0 @ 0x146a064a0] t: 39.699979  TARGET:-23 LUFS    M: -15.9 S: -17.7     I: -16.7 LUFS       LRA:   3.8 LU  FTPK:  -1.5 dBFS  TPK:  -1.4 dBFS
[Parsed_ebur128_0 @ 0x146a064a0] t: 39.799979  TARGET:-23 LUFS    M: -15.1 S: -17.6     I: -16.7 LUFS       LRA:   3.8 LU  FTPK:  -3.2 dBFS  TPK:  -1.4 dBFS
[Parsed_ebur128_0 @ 0x146a064a0] t: 39.899979  TARGET:-23 LUFS    M: -15.0 S: -17.7     I: -16.7 LUFS       LRA:   3.8 LU  FTPK:  -1.5 dBFS  TPK:  -1.4 dBFS
[Parsed_ebur128_0 @ 0x146a064a0] t: 39.999979  TARGET:-23 LUFS    M: -16.7 S: -17.7     I: -16.7 LUFS       LRA:   3.8 LU  FTPK:  -4.1 dBFS  TPK:  -1.4 dBFS
[Parsed_ebur128_0 @ 0x146a064a0] t: 40.099979  TARGET:-23 LUFS    M: -19.3 S: -17.9     I: -16.7 LUFS       LRA:   3.8 LU  FTPK: -15.1 dBFS  TPK:  -1.4 dBFS
[Parsed_ebur128_0 @ 0x146a064a0] t: 40.199979  TARGET:-23 LUFS    M: -21.9 S: -18.0     I: -16.7 LUFS       LRA:   3.8 LU  FTPK: -16.0 dBFS  TPK:  -1.4 dBFS
[Parsed_ebur128_0 @ 0x146a064a0] t: 40.299979  TARGET:-23 LUFS    M: -25.8 S: -18.1     I: -16.7 LUFS       LRA:   3.8 LU  FTPK: -36.7 dBFS  TPK:  -1.4 dBFS
[Parsed_ebur128_0 @ 0x146a064a0] t: 40.399979  TARGET:-23 LUFS    M: -29.8 S: -18.1     I: -16.7 LUFS       LRA:   3.8 LU  FTPK: -51.0 dBFS  TPK:  -1.4 dBFS
[Parsed_ebur128_0 @ 0x146a064a0] t: 40.499979  TARGET:-23 LUFS    M: -35.4 S: -18.1     I: -16.7 LUFS       LRA:   3.8 LU  FTPK: -50.6 dBFS  TPK:  -1.4 dBFS
[Parsed_ebur128_0 @ 0x146a064a0] t: 40.599979  TARGET:-23 LUFS    M: -53.9 S: -18.1     I: -16.7 LUFS       LRA:   3.8 LU  FTPK: -29.1 dBFS  TPK:  -1.4 dBFS
[Parsed_ebur128_0 @ 0x146a064a0] t: 40.699979  TARGET:-23 LUFS    M: -23.2 S: -17.9     I: -16.7 LUFS       LRA:   3.8 LU  FTPK:  -4.0 dBFS  TPK:  -1.4 dBFS
[Parsed_ebur128_0 @ 0x146a064a0] t: 40.799979  TARGET:-23 LUFS    M: -18.0 S: -17.5     I: -16.8 LUFS       LRA:   3.8 LU  FTPK:  -1.5 dBFS  TPK:  -1.4 dBFS
[Parsed_ebur128_0 @ 0x146a064a0] t: 40.899979  TARGET:-23 LUFS    M: -16.7 S: -17.4     I: -16.8 LUFS       LRA:   3.8 LU  FTPK:  -7.8 dBFS  TPK:  -1.4 dBFS
[Parsed_ebur128_0 @ 0x146a064a0] t: 40.999979  TARGET:-23 LUFS    M: -15.6 S: -17.2     I: -16.7 LUFS       LRA:   3.8 LU  FTPK:  -7.6 dBFS  TPK:  -1.4 dBFS
[Parsed_ebur128_0 @ 0x146a064a0] t: 41.099979  TARGET:-23 LUFS    M: -15.9 S: -17.2     I: -16.7 LUFS       LRA:   3.8 LU  FTPK: -10.4 dBFS  TPK:  -1.4 dBFS
[Parsed_ebur128_0 @ 0x146a064a0] t: 41.199979  TARGET:-23 LUFS    M: -18.2 S: -17.3     I: -16.7 LUFS       LRA:   3.8 LU  FTPK: -12.6 dBFS  TPK:  -1.4 dBFS
[Parsed_ebur128_0 @ 0x146a064a0] t: 41.299979  TARGET:-23 LUFS    M: -17.3 S: -17.2     I: -16.8 LUFS       LRA:   3.8 LU  FTPK:  -3.5 dBFS  TPK:  -1.4 dBFS
[Parsed_ebur128_0 @ 0x146a064a0] t: 41.399979  TARGET:-23 LUFS    M: -17.6 S: -17.2     I: -16.8 LUFS       LRA:   3.8 LU  FTPK:  -5.6 dBFS  TPK:  -1.4 dBFS
[Parsed_ebur128_0 @ 0x146a064a0] t: 41.499979  TARGET:-23 LUFS    M: -18.1 S: -17.5     I: -16.8 LUFS       LRA:   3.8 LU  FTPK: -10.7 dBFS  TPK:  -1.4 dBFS
[Parsed_ebur128_0 @ 0x146a064a0] t: 41.599979  TARGET:-23 LUFS    M: -18.3 S: -17.5     I: -16.8 LUFS       LRA:   3.8 LU  FTPK: -20.6 dBFS  TPK:  -1.4 dBFS
[Parsed_ebur128_0 @ 0x146a064a0] t: 41.699979  TARGET:-23 LUFS    M: -22.2 S: -17.7     I: -16.8 LUFS       LRA:   3.8 LU  FTPK: -34.1 dBFS  TPK:  -1.4 dBFS
[Parsed_ebur128_0 @ 0x146a064a0] t: 41.799979  TARGET:-23 LUFS    M: -29.1 S: -18.3     I: -16.8 LUFS       LRA:   3.8 LU  FTPK: -32.1 dBFS  TPK:  -1.4 dBFS
[Parsed_ebur128_0 @ 0x146a064a0] t: 41.899979  TARGET:-23 LUFS    M: -22.6 S: -18.2     I: -16.8 LUFS       LRA:   3.8 LU  FTPK:  -1.7 dBFS  TPK:  -1.4 dBFS
[Parsed_ebur128_0 @ 0x146a064a0] t: 41.999979  TARGET:-23 LUFS    M: -21.8 S: -18.6     I: -16.8 LUFS       LRA:   3.7 LU  FTPK:  -5.7 dBFS  TPK:  -1.4 dBFS
[Parsed_ebur128_0 @ 0x146a064a0] t: 42.099979  TARGET:-23 LUFS    M: -18.3 S: -18.4     I: -16.8 LUFS       LRA:   3.7 LU  FTPK:  -5.4 dBFS  TPK:  -1.4 dBFS
[Parsed_ebur128_0 @ 0x146a064a0] t: 42.199979  TARGET:-23 LUFS    M: -17.0 S: -18.5     I: -16.8 LUFS       LRA:   3.7 LU  FTPK:  -3.0 dBFS  TPK:  -1.4 dBFS
[Parsed_ebur128_0 @ 0x146a064a0] t: 42.299979  TARGET:-23 LUFS    M: -16.5 S: -18.3     I: -16.8 LUFS       LRA:   3.7 LU  FTPK:  -1.8 dBFS  TPK:  -1.4 dBFS
[Parsed_ebur128_0 @ 0x146a064a0] t: 42.399979  TARGET:-23 LUFS    M: -16.2 S: -18.2     I: -16.8 LUFS       LRA:   3.7 LU  FTPK:  -4.9 dBFS  TPK:  -1.4 dBFS
[Parsed_ebur128_0 @ 0x146a064a0] t: 42.499979  TARGET:-23 LUFS    M: -18.0 S: -18.3     I: -16.8 LUFS       LRA:   3.7 LU  FTPK:  -9.0 dBFS  TPK:  -1.4 dBFS
[Parsed_ebur128_0 @ 0x146a064a0] t: 42.599979  TARGET:-23 LUFS    M: -16.1 S: -18.2     I: -16.8 LUFS       LRA:   3.7 LU  FTPK:  -1.5 dBFS  TPK:  -1.4 dBFS
[Parsed_ebur128_0 @ 0x146a064a0] t: 42.699979  TARGET:-23 LUFS    M: -17.2 S: -18.6     I: -16.8 LUFS       LRA:   3.7 LU  FTPK: -11.2 dBFS  TPK:  -1.4 dBFS
[Parsed_ebur128_0 @ 0x146a064a0] t: 42.799979  TARGET:-23 LUFS    M: -16.9 S: -18.6     I: -16.8 LUFS       LRA:   3.7 LU  FTPK:  -5.5 dBFS  TPK:  -1.4 dBFS
[Parsed_ebur128_0 @ 0x146a064a0] t: 42.899979  TARGET:-23 LUFS    M: -16.1 S: -18.6     I: -16.8 LUFS       LRA:   3.7 LU  FTPK:  -8.7 dBFS  TPK:  -1.4 dBFS
[Parsed_ebur128_0 @ 0x146a064a0] t: 42.999979  TARGET:-23 LUFS    M: -18.4 S: -18.5     I: -16.8 LUFS       LRA:   3.7 LU  FTPK:  -4.5 dBFS  TPK:  -1.4 dBFS
[Parsed_ebur128_0 @ 0x146a064a0] t: 43.099979  TARGET:-23 LUFS    M: -17.4 S: -18.3     I: -16.8 LUFS       LRA:   3.7 LU  FTPK:  -3.6 dBFS  TPK:  -1.4 dBFS
[Parsed_ebur128_0 @ 0x146a064a0] t: 43.199979  TARGET:-23 LUFS    M: -18.3 S: -18.3     I: -16.8 LUFS       LRA:   3.7 LU  FTPK:  -7.0 dBFS  TPK:  -1.4 dBFS
[Parsed_ebur128_0 @ 0x146a064a0] t: 43.299979  TARGET:-23 LUFS    M: -17.0 S: -17.9     I: -16.8 LUFS       LRA:   3.7 LU  FTPK:  -2.8 dBFS  TPK:  -1.4 dBFS
[Parsed_ebur128_0 @ 0x146a064a0] t: 43.399979  TARGET:-23 LUFS    M: -17.7 S: -17.9     I: -16.8 LUFS       LRA:   3.7 LU  FTPK: -11.5 dBFS  TPK:  -1.4 dBFS
[Parsed_ebur128_0 @ 0x146a064a0] t: 43.499979  TARGET:-23 LUFS    M: -18.8 S: -17.8     I: -16.8 LUFS       LRA:   3.7 LU  FTPK:  -9.4 dBFS  TPK:  -1.4 dBFS
[Parsed_ebur128_0 @ 0x146a064a0] t: 43.599979  TARGET:-23 LUFS    M: -18.8 S: -17.8     I: -16.8 LUFS       LRA:   3.7 LU  FTPK: -13.6 dBFS  TPK:  -1.4 dBFS
[Parsed_ebur128_0 @ 0x146a064a0] t: 43.699979  TARGET:-23 LUFS    M: -24.5 S: -18.0     I: -16.8 LUFS       LRA:   3.7 LU  FTPK: -26.8 dBFS  TPK:  -1.4 dBFS
[Parsed_ebur128_0 @ 0x146a064a0] t: 43.799979  TARGET:-23 LUFS    M: -25.6 S: -18.4     I: -16.8 LUFS       LRA:   3.7 LU  FTPK: -39.4 dBFS  TPK:  -1.4 dBFS
[Parsed_ebur128_0 @ 0x146a064a0] t: 43.899979  TARGET:-23 LUFS    M: -30.7 S: -18.6     I: -16.8 LUFS       LRA:   3.7 LU  FTPK: -43.4 dBFS  TPK:  -1.4 dBFS
[Parsed_ebur128_0 @ 0x146a064a0] t: 43.999979  TARGET:-23 LUFS    M: -45.9 S: -18.9     I: -16.8 LUFS       LRA:   3.7 LU  FTPK: -45.2 dBFS  TPK:  -1.4 dBFS
[Parsed_ebur128_0 @ 0x146a064a0] t: 44.099979  TARGET:-23 LUFS    M: -53.1 S: -19.0     I: -16.8 LUFS       LRA:   3.7 LU  FTPK: -42.0 dBFS  TPK:  -1.4 dBFS
[Parsed_ebur128_0 @ 0x146a064a0] t: 44.199979  TARGET:-23 LUFS    M: -25.9 S: -18.9     I: -16.8 LUFS       LRA:   3.7 LU  FTPK:  -5.4 dBFS  TPK:  -1.4 dBFS
[Parsed_ebur128_0 @ 0x146a064a0] t: 44.299979  TARGET:-23 LUFS    M: -17.7 S: -18.7     I: -16.8 LUFS       LRA:   3.7 LU  FTPK:  -1.6 dBFS  TPK:  -1.4 dBFS
[Parsed_ebur128_0 @ 0x146a064a0] t: 44.399979  TARGET:-23 LUFS    M: -17.1 S: -18.8     I: -16.8 LUFS       LRA:   3.7 LU  FTPK:  -3.9 dBFS  TPK:  -1.4 dBFS
[Parsed_ebur128_0 @ 0x146a064a0] t: 44.499979  TARGET:-23 LUFS    M: -15.4 S: -18.4     I: -16.8 LUFS       LRA:   3.7 LU  FTPK:  -1.5 dBFS  TPK:  -1.4 dBFS
[Parsed_ebur128_0 @ 0x146a064a0] t: 44.599979  TARGET:-23 LUFS    M: -14.2 S: -18.0     I: -16.8 LUFS       LRA:   3.7 LU  FTPK:  -4.2 dBFS  TPK:  -1.4 dBFS
[Parsed_ebur128_0 @ 0x146a064a0] t: 44.699979  TARGET:-23 LUFS    M: -16.1 S: -17.9     I: -16.8 LUFS       LRA:   3.7 LU  FTPK:  -5.6 dBFS  TPK:  -1.4 dBFS
[Parsed_ebur128_0 @ 0x146a064a0] t: 44.799979  TARGET:-23 LUFS    M: -13.9 S: -17.3     I: -16.8 LUFS       LRA:   3.7 LU  FTPK:  -2.8 dBFS  TPK:  -1.4 dBFS
[Parsed_ebur128_0 @ 0x146a064a0] t: 44.899979  TARGET:-23 LUFS    M: -13.7 S: -17.1     I: -16.8 LUFS       LRA:   3.7 LU  FTPK:  -2.7 dBFS  TPK:  -1.4 dBFS
[Parsed_ebur128_0 @ 0x146a064a0] t: 44.999979  TARGET:-23 LUFS    M: -14.8 S: -17.1     I: -16.8 LUFS       LRA:   3.7 LU  FTPK:  -9.2 dBFS  TPK:  -1.4 dBFS
[Parsed_ebur128_0 @ 0x146a064a0] t: 45.099979  TARGET:-23 LUFS    M: -13.7 S: -17.0     I: -16.8 LUFS       LRA:   3.7 LU  FTPK:  -1.6 dBFS  TPK:  -1.4 dBFS
[Parsed_ebur128_0 @ 0x146a064a0] t: 45.199979  TARGET:-23 LUFS    M: -16.0 S: -17.2     I: -16.8 LUFS       LRA:   3.7 LU  FTPK: -11.8 dBFS  TPK:  -1.4 dBFS
[Parsed_ebur128_0 @ 0x146a064a0] t: 45.299979  TARGET:-23 LUFS    M: -18.2 S: -17.3     I: -16.8 LUFS       LRA:   3.7 LU  FTPK:  -9.7 dBFS  TPK:  -1.4 dBFS
[Parsed_ebur128_0 @ 0x146a064a0] t: 45.399979  TARGET:-23 LUFS    M: -18.6 S: -17.4     I: -16.8 LUFS       LRA:   3.7 LU  FTPK: -15.5 dBFS  TPK:  -1.4 dBFS
[Parsed_ebur128_0 @ 0x146a064a0] t: 45.499979  TARGET:-23 LUFS    M: -24.8 S: -17.4     I: -16.8 LUFS       LRA:   3.7 LU  FTPK: -46.1 dBFS  TPK:  -1.4 dBFS
[Parsed_ebur128_0 @ 0x146a064a0] t: 45.599979  TARGET:-23 LUFS    M: -27.5 S: -17.9     I: -16.8 LUFS       LRA:   3.7 LU  FTPK: -52.6 dBFS  TPK:  -1.4 dBFS
[Parsed_ebur128_0 @ 0x146a064a0] t: 45.699979  TARGET:-23 LUFS    M: -28.6 S: -17.9     I: -16.8 LUFS       LRA:   3.7 LU  FTPK: -11.4 dBFS  TPK:  -1.4 dBFS
[Parsed_ebur128_0 @ 0x146a064a0] t: 45.799979  TARGET:-23 LUFS    M: -23.3 S: -18.0     I: -16.8 LUFS       LRA:   3.7 LU  FTPK:  -4.0 dBFS  TPK:  -1.4 dBFS
[Parsed_ebur128_0 @ 0x146a064a0] t: 45.899979  TARGET:-23 LUFS    M: -19.6 S: -17.9     I: -16.8 LUFS       LRA:   3.7 LU  FTPK:  -3.8 dBFS  TPK:  -1.4 dBFS
[Parsed_ebur128_0 @ 0x146a064a0] t: 45.999979  TARGET:-23 LUFS    M: -19.1 S: -18.0     I: -16.8 LUFS       LRA:   3.6 LU  FTPK: -11.1 dBFS  TPK:  -1.4 dBFS
[Parsed_ebur128_0 @ 0x146a064a0] t: 46.099979  TARGET:-23 LUFS    M: -17.6 S: -18.0     I: -16.8 LUFS       LRA:   3.6 LU  FTPK:  -1.5 dBFS  TPK:  -1.4 dBFS
[Parsed_ebur128_0 @ 0x146a064a0] t: 46.199979  TARGET:-23 LUFS    M: -16.7 S: -17.7     I: -16.8 LUFS       LRA:   3.6 LU  FTPK:  -1.5 dBFS  TPK:  -1.4 dBFS
[Parsed_ebur128_0 @ 0x146a064a0] t: 46.299979  TARGET:-23 LUFS    M: -16.6 S: -17.8     I: -16.8 LUFS       LRA:   3.6 LU  FTPK:  -3.2 dBFS  TPK:  -1.4 dBFS
[Parsed_ebur128_0 @ 0x146a064a0] t: 46.399979  TARGET:-23 LUFS    M: -15.0 S: -17.5     I: -16.8 LUFS       LRA:   3.6 LU  FTPK:  -5.4 dBFS  TPK:  -1.4 dBFS
[Parsed_ebur128_0 @ 0x146a064a0] t: 46.499979  TARGET:-23 LUFS    M: -15.5 S: -17.5     I: -16.8 LUFS       LRA:   3.6 LU  FTPK:  -8.6 dBFS  TPK:  -1.4 dBFS
[Parsed_ebur128_0 @ 0x146a064a0] t: 46.599979  TARGET:-23 LUFS    M: -16.1 S: -17.4     I: -16.8 LUFS       LRA:   3.6 LU  FTPK:  -2.9 dBFS  TPK:  -1.4 dBFS
[Parsed_ebur128_0 @ 0x146a064a0] t: 46.699979  TARGET:-23 LUFS    M: -15.9 S: -17.1     I: -16.8 LUFS       LRA:   3.6 LU  FTPK:  -4.2 dBFS  TPK:  -1.4 dBFS
[Parsed_ebur128_0 @ 0x146a064a0] t: 46.799979  TARGET:-23 LUFS    M: -16.5 S: -16.9     I: -16.8 LUFS       LRA:   3.6 LU  FTPK:  -3.2 dBFS  TPK:  -1.4 dBFS
[Parsed_ebur128_0 @ 0x146a064a0] t: 46.899979  TARGET:-23 LUFS    M: -15.5 S: -16.7     I: -16.8 LUFS       LRA:   3.6 LU  FTPK:  -1.5 dBFS  TPK:  -1.4 dBFS
[Parsed_ebur128_0 @ 0x146a064a0] t: 46.999979  TARGET:-23 LUFS    M: -15.9 S: -16.6     I: -16.8 LUFS       LRA:   3.6 LU  FTPK:  -6.8 dBFS  TPK:  -1.4 dBFS
[Parsed_ebur128_0 @ 0x146a064a0] t: 47.099979  TARGET:-23 LUFS    M: -17.4 S: -16.6     I: -16.8 LUFS       LRA:   3.6 LU  FTPK: -13.6 dBFS  TPK:  -1.4 dBFS
[Parsed_ebur128_0 @ 0x146a064a0] t: 47.199979  TARGET:-23 LUFS    M: -20.0 S: -16.7     I: -16.8 LUFS       LRA:   3.6 LU  FTPK: -20.8 dBFS  TPK:  -1.4 dBFS
[Parsed_ebur128_0 @ 0x146a064a0] t: 47.299979  TARGET:-23 LUFS    M: -26.6 S: -17.1     I: -16.8 LUFS       LRA:   3.6 LU  FTPK: -46.2 dBFS  TPK:  -1.4 dBFS
[Parsed_ebur128_0 @ 0x146a064a0] t: 47.399979  TARGET:-23 LUFS    M: -36.6 S: -17.1     I: -16.8 LUFS       LRA:   3.6 LU  FTPK: -69.9 dBFS  TPK:  -1.4 dBFS
[Parsed_ebur128_0 @ 0x146a064a0] t: 47.499979  TARGET:-23 LUFS    M: -45.5 S: -17.4     I: -16.8 LUFS       LRA:   3.6 LU  FTPK:  -inf dBFS  TPK:  -1.4 dBFS
[Parsed_ebur128_0 @ 0x146a064a0] t: 47.599979  TARGET:-23 LUFS    M: -69.6 S: -17.8     I: -16.8 LUFS       LRA:   3.6 LU  FTPK:  -inf dBFS  TPK:  -1.4 dBFS
[Parsed_ebur128_0 @ 0x146a064a0] t: 47.699979  TARGET:-23 LUFS    M: -63.5 S: -17.9     I: -16.8 LUFS       LRA:   3.6 LU  FTPK: -34.7 dBFS  TPK:  -1.4 dBFS
[Parsed_ebur128_0 @ 0x146a064a0] t: 47.799979  TARGET:-23 LUFS    M: -26.3 S: -18.5     I: -16.8 LUFS       LRA:   3.6 LU  FTPK:  -3.6 dBFS  TPK:  -1.4 dBFS
[Parsed_ebur128_0 @ 0x146a064a0] t: 47.899979  TARGET:-23 LUFS    M: -19.1 S: -18.6     I: -16.8 LUFS       LRA:   3.6 LU  FTPK:  -2.7 dBFS  TPK:  -1.4 dBFS
[Parsed_ebur128_0 @ 0x146a064a0] t: 47.999979  TARGET:-23 LUFS    M: -17.1 S: -18.3     I: -16.8 LUFS       LRA:   3.5 LU  FTPK:  -1.5 dBFS  TPK:  -1.4 dBFS
[Parsed_ebur128_0 @ 0x146a064a0] t: 48.099979  TARGET:-23 LUFS    M: -14.5 S: -18.1     I: -16.8 LUFS       LRA:   3.5 LU  FTPK:  -1.5 dBFS  TPK:  -1.4 dBFS
[Parsed_ebur128_0 @ 0x146a064a0] t: 48.199979  TARGET:-23 LUFS    M: -13.9 S: -17.9     I: -16.8 LUFS       LRA:   3.5 LU  FTPK:  -3.4 dBFS  TPK:  -1.4 dBFS
[Parsed_ebur128_0 @ 0x146a064a0] t: 48.299979  TARGET:-23 LUFS    M: -13.8 S: -17.6     I: -16.8 LUFS       LRA:   3.5 LU  FTPK:  -3.1 dBFS  TPK:  -1.4 dBFS
[Parsed_ebur128_0 @ 0x146a064a0] t: 48.399979  TARGET:-23 LUFS    M: -14.4 S: -17.5     I: -16.8 LUFS       LRA:   3.5 LU  FTPK:  -3.2 dBFS  TPK:  -1.4 dBFS
[Parsed_ebur128_0 @ 0x146a064a0] t: 48.499979  TARGET:-23 LUFS    M: -15.5 S: -17.3     I: -16.8 LUFS       LRA:   3.5 LU  FTPK:  -1.5 dBFS  TPK:  -1.4 dBFS
[Parsed_ebur128_0 @ 0x146a064a0] t: 48.599979  TARGET:-23 LUFS    M: -16.5 S: -17.2     I: -16.8 LUFS       LRA:   3.5 LU  FTPK:  -6.8 dBFS  TPK:  -1.4 dBFS
[Parsed_ebur128_0 @ 0x146a064a0] t: 48.699979  TARGET:-23 LUFS    M: -18.2 S: -17.1     I: -16.8 LUFS       LRA:   3.5 LU  FTPK:  -6.2 dBFS  TPK:  -1.4 dBFS
[Parsed_ebur128_0 @ 0x146a064a0] t: 48.799979  TARGET:-23 LUFS    M: -16.8 S: -17.0     I: -16.8 LUFS       LRA:   3.5 LU  FTPK:  -6.1 dBFS  TPK:  -1.4 dBFS
[Parsed_ebur128_0 @ 0x146a064a0] t: 48.899979  TARGET:-23 LUFS    M: -18.5 S: -17.2     I: -16.8 LUFS       LRA:   3.5 LU  FTPK: -12.4 dBFS  TPK:  -1.4 dBFS
[Parsed_ebur128_0 @ 0x146a064a0] t: 48.999979  TARGET:-23 LUFS    M: -19.0 S: -17.2     I: -16.8 LUFS       LRA:   3.5 LU  FTPK: -19.9 dBFS  TPK:  -1.4 dBFS
[Parsed_ebur128_0 @ 0x146a064a0] t: 49.099979  TARGET:-23 LUFS    M: -20.8 S: -17.4     I: -16.8 LUFS       LRA:   3.5 LU  FTPK: -49.2 dBFS  TPK:  -1.4 dBFS
[Parsed_ebur128_0 @ 0x146a064a0] t: 49.199979  TARGET:-23 LUFS    M: -28.7 S: -17.7     I: -16.8 LUFS       LRA:   3.5 LU  FTPK: -50.8 dBFS  TPK:  -1.4 dBFS
[Parsed_ebur128_0 @ 0x146a064a0] t: 49.299979  TARGET:-23 LUFS    M: -23.6 S: -17.8     I: -16.8 LUFS       LRA:   3.5 LU  FTPK:  -2.1 dBFS  TPK:  -1.4 dBFS
[Parsed_ebur128_0 @ 0x146a064a0] t: 49.399979  TARGET:-23 LUFS    M: -18.6 S: -17.8     I: -16.8 LUFS       LRA:   3.5 LU  FTPK:  -3.3 dBFS  TPK:  -1.4 dBFS
[Parsed_ebur128_0 @ 0x146a064a0] t: 49.499979  TARGET:-23 LUFS    M: -17.5 S: -17.8     I: -16.8 LUFS       LRA:   3.5 LU  FTPK:  -7.6 dBFS  TPK:  -1.4 dBFS
[Parsed_ebur128_0 @ 0x146a064a0] t: 49.599979  TARGET:-23 LUFS    M: -14.3 S: -17.3     I: -16.8 LUFS       LRA:   3.5 LU  FTPK:  -1.5 dBFS  TPK:  -1.4 dBFS
[Parsed_ebur128_0 @ 0x146a064a0] t: 49.699979  TARGET:-23 LUFS    M: -13.4 S: -17.1     I: -16.8 LUFS       LRA:   3.5 LU  FTPK:  -2.3 dBFS  TPK:  -1.4 dBFS
[Parsed_ebur128_0 @ 0x146a064a0] t: 49.799979  TARGET:-23 LUFS    M: -12.9 S: -16.9     I: -16.8 LUFS       LRA:   3.5 LU  FTPK:  -1.5 dBFS  TPK:  -1.4 dBFS
[Parsed_ebur128_0 @ 0x146a064a0] t: 49.899979  TARGET:-23 LUFS    M: -12.5 S: -16.9     I: -16.8 LUFS       LRA:   3.5 LU  FTPK:  -5.3 dBFS  TPK:  -1.4 dBFS
[Parsed_ebur128_0 @ 0x146a064a0] t: 49.999979  TARGET:-23 LUFS    M: -14.1 S: -16.9     I: -16.8 LUFS       LRA:   3.5 LU  FTPK:  -4.9 dBFS  TPK:  -1.4 dBFS
[Parsed_ebur128_0 @ 0x146a064a0] t: 50.099979  TARGET:-23 LUFS    M: -15.8 S: -16.9     I: -16.8 LUFS       LRA:   3.5 LU  FTPK: -14.2 dBFS  TPK:  -1.4 dBFS
[Parsed_ebur128_0 @ 0x146a064a0] t: 50.199979  TARGET:-23 LUFS    M: -18.9 S: -16.8     I: -16.8 LUFS       LRA:   3.5 LU  FTPK: -11.8 dBFS  TPK:  -1.4 dBFS
[Parsed_ebur128_0 @ 0x146a064a0] t: 50.299979  TARGET:-23 LUFS    M: -23.9 S: -16.8     I: -16.8 LUFS       LRA:   3.5 LU  FTPK: -22.6 dBFS  TPK:  -1.4 dBFS
[Parsed_ebur128_0 @ 0x146a064a0] t: 50.399979  TARGET:-23 LUFS    M: -28.8 S: -16.8     I: -16.8 LUFS       LRA:   3.4 LU  FTPK: -47.4 dBFS  TPK:  -1.4 dBFS
[Parsed_ebur128_0 @ 0x146a064a0] t: 50.499979  TARGET:-23 LUFS    M: -29.4 S: -16.8     I: -16.8 LUFS       LRA:   3.4 LU  FTPK: -18.1 dBFS  TPK:  -1.4 dBFS
[Parsed_ebur128_0 @ 0x146a064a0] t: 50.599979  TARGET:-23 LUFS    M: -19.0 S: -16.5     I: -16.8 LUFS       LRA:   3.4 LU  FTPK:  -1.5 dBFS  TPK:  -1.4 dBFS
[Parsed_ebur128_0 @ 0x146a064a0] t: 50.699979  TARGET:-23 LUFS    M: -17.3 S: -16.3     I: -16.8 LUFS       LRA:   3.4 LU  FTPK:  -3.4 dBFS  TPK:  -1.4 dBFS
[Parsed_ebur128_0 @ 0x146a064a0] t: 50.799979  TARGET:-23 LUFS    M: -14.9 S: -16.1     I: -16.8 LUFS       LRA:   3.4 LU  FTPK:  -1.5 dBFS  TPK:  -1.4 dBFS
[Parsed_ebur128_0 @ 0x146a064a0] t: 50.899979  TARGET:-23 LUFS    M: -14.4 S: -16.2     I: -16.8 LUFS       LRA:   3.4 LU  FTPK:  -4.0 dBFS  TPK:  -1.4 dBFS
[Parsed_ebur128_0 @ 0x146a064a0] t: 50.999979  TARGET:-23 LUFS    M: -14.2 S: -16.0     I: -16.8 LUFS       LRA:   3.4 LU  FTPK:  -1.7 dBFS  TPK:  -1.4 dBFS
[Parsed_ebur128_0 @ 0x146a064a0] t: 51.099979  TARGET:-23 LUFS    M: -13.9 S: -16.2     I: -16.7 LUFS       LRA:   3.4 LU  FTPK:  -2.8 dBFS  TPK:  -1.4 dBFS
[Parsed_ebur128_0 @ 0x146a064a0] t: 51.199979  TARGET:-23 LUFS    M: -14.2 S: -16.1     I: -16.7 LUFS       LRA:   3.4 LU  FTPK:  -1.5 dBFS  TPK:  -1.4 dBFS
[Parsed_ebur128_0 @ 0x146a064a0] t: 51.299979  TARGET:-23 LUFS    M: -14.3 S: -16.3     I: -16.7 LUFS       LRA:   3.4 LU  FTPK:  -2.9 dBFS  TPK:  -1.4 dBFS
[Parsed_ebur128_0 @ 0x146a064a0] t: 51.399979  TARGET:-23 LUFS    M: -15.4 S: -16.2     I: -16.7 LUFS       LRA:   3.4 LU  FTPK:  -3.3 dBFS  TPK:  -1.4 dBFS
[Parsed_ebur128_0 @ 0x146a064a0] t: 51.499979  TARGET:-23 LUFS    M: -15.5 S: -16.2     I: -16.7 LUFS       LRA:   3.4 LU  FTPK:  -3.7 dBFS  TPK:  -1.4 dBFS
[Parsed_ebur128_0 @ 0x146a064a0] t: 51.599979  TARGET:-23 LUFS    M: -17.7 S: -16.2     I: -16.7 LUFS       LRA:   3.4 LU  FTPK: -13.0 dBFS  TPK:  -1.4 dBFS
[Parsed_ebur128_0 @ 0x146a064a0] t: 51.699979  TARGET:-23 LUFS    M: -16.2 S: -16.1     I: -16.7 LUFS       LRA:   3.4 LU  FTPK:  -1.5 dBFS  TPK:  -1.4 dBFS
[Parsed_ebur128_0 @ 0x146a064a0] t: 51.799979  TARGET:-23 LUFS    M: -15.5 S: -16.1     I: -16.7 LUFS       LRA:   3.4 LU  FTPK:  -1.5 dBFS  TPK:  -1.4 dBFS
[Parsed_ebur128_0 @ 0x146a064a0] t: 51.899979  TARGET:-23 LUFS    M: -15.3 S: -15.9     I: -16.7 LUFS       LRA:   3.4 LU  FTPK:  -2.1 dBFS  TPK:  -1.4 dBFS
[Parsed_ebur128_0 @ 0x146a064a0] t: 51.999979  TARGET:-23 LUFS    M: -14.9 S: -15.8     I: -16.7 LUFS       LRA:   3.4 LU  FTPK:  -5.5 dBFS  TPK:  -1.4 dBFS
[Parsed_ebur128_0 @ 0x146a064a0] t: 52.099979  TARGET:-23 LUFS    M: -15.2 S: -15.6     I: -16.7 LUFS       LRA:   3.4 LU  FTPK:  -3.5 dBFS  TPK:  -1.4 dBFS
[Parsed_ebur128_0 @ 0x146a064a0] t: 52.199979  TARGET:-23 LUFS    M: -16.5 S: -15.6     I: -16.7 LUFS       LRA:   3.4 LU  FTPK:  -8.9 dBFS  TPK:  -1.4 dBFS
[Parsed_ebur128_0 @ 0x146a064a0] t: 52.299979  TARGET:-23 LUFS    M: -15.3 S: -15.3     I: -16.7 LUFS       LRA:   3.5 LU  FTPK:  -1.6 dBFS  TPK:  -1.4 dBFS
[Parsed_ebur128_0 @ 0x146a064a0] t: 52.399979  TARGET:-23 LUFS    M: -14.0 S: -15.2     I: -16.7 LUFS       LRA:   3.5 LU  FTPK:  -1.5 dBFS  TPK:  -1.4 dBFS
[Parsed_ebur128_0 @ 0x146a064a0] t: 52.499979  TARGET:-23 LUFS    M: -14.6 S: -15.3     I: -16.7 LUFS       LRA:   3.5 LU  FTPK:  -6.6 dBFS  TPK:  -1.4 dBFS
[Parsed_ebur128_0 @ 0x146a064a0] t: 52.599979  TARGET:-23 LUFS    M: -14.7 S: -15.7     I: -16.7 LUFS       LRA:   3.5 LU  FTPK:  -9.8 dBFS  TPK:  -1.4 dBFS
[Parsed_ebur128_0 @ 0x146a064a0] t: 52.699979  TARGET:-23 LUFS    M: -17.7 S: -15.9     I: -16.7 LUFS       LRA:   3.5 LU  FTPK: -39.2 dBFS  TPK:  -1.4 dBFS
[Parsed_ebur128_0 @ 0x146a064a0] t: 52.799979  TARGET:-23 LUFS    M: -25.9 S: -16.3     I: -16.7 LUFS       LRA:   3.5 LU  FTPK: -28.6 dBFS  TPK:  -1.4 dBFS
[Parsed_ebur128_0 @ 0x146a064a0] t: 52.899979  TARGET:-23 LUFS    M: -24.9 S: -16.4     I: -16.7 LUFS       LRA:   3.5 LU  FTPK: -10.9 dBFS  TPK:  -1.4 dBFS
[Parsed_ebur128_0 @ 0x146a064a0] t: 52.999979  TARGET:-23 LUFS    M: -18.0 S: -16.2     I: -16.7 LUFS       LRA:   3.5 LU  FTPK:  -1.5 dBFS  TPK:  -1.4 dBFS
[Parsed_ebur128_0 @ 0x146a064a0] t: 53.099979  TARGET:-23 LUFS    M: -17.3 S: -16.1     I: -16.7 LUFS       LRA:   3.5 LU  FTPK:  -7.8 dBFS  TPK:  -1.4 dBFS
[Parsed_ebur128_0 @ 0x146a064a0] t: 53.199979  TARGET:-23 LUFS    M: -15.3 S: -15.9     I: -16.7 LUFS       LRA:   3.5 LU  FTPK:  -4.2 dBFS  TPK:  -1.4 dBFS
[Parsed_ebur128_0 @ 0x146a064a0] t: 53.299979  TARGET:-23 LUFS    M: -15.5 S: -15.9     I: -16.7 LUFS       LRA:   3.5 LU  FTPK: -10.7 dBFS  TPK:  -1.4 dBFS
[Parsed_ebur128_0 @ 0x146a064a0] t: 53.399979  TARGET:-23 LUFS    M: -15.3 S: -15.6     I: -16.7 LUFS       LRA:   3.5 LU  FTPK:  -1.5 dBFS  TPK:  -1.4 dBFS
[Parsed_ebur128_0 @ 0x146a064a0] t: 53.499979  TARGET:-23 LUFS    M: -15.1 S: -15.5     I: -16.7 LUFS       LRA:   3.5 LU  FTPK:  -6.2 dBFS  TPK:  -1.4 dBFS
[Parsed_ebur128_0 @ 0x146a064a0] t: 53.599979  TARGET:-23 LUFS    M: -14.7 S: -15.4     I: -16.7 LUFS       LRA:   3.5 LU  FTPK:  -1.5 dBFS  TPK:  -1.4 dBFS
[Parsed_ebur128_0 @ 0x146a064a0] t: 53.699979  TARGET:-23 LUFS    M: -14.7 S: -15.5     I: -16.7 LUFS       LRA:   3.5 LU  FTPK:  -5.9 dBFS  TPK:  -1.4 dBFS
[Parsed_ebur128_0 @ 0x146a064a0] t: 53.799979  TARGET:-23 LUFS    M: -16.9 S: -15.8     I: -16.7 LUFS       LRA:   3.5 LU  FTPK: -10.6 dBFS  TPK:  -1.4 dBFS
[Parsed_ebur128_0 @ 0x146a064a0] t: 53.899979  TARGET:-23 LUFS    M: -17.6 S: -15.9     I: -16.7 LUFS       LRA:   3.5 LU  FTPK: -15.5 dBFS  TPK:  -1.4 dBFS
[Parsed_ebur128_0 @ 0x146a064a0] t: 53.999979  TARGET:-23 LUFS    M: -24.4 S: -16.2     I: -16.7 LUFS       LRA:   3.5 LU  FTPK: -20.4 dBFS  TPK:  -1.4 dBFS
[Parsed_ebur128_0 @ 0x146a064a0] t: 54.099979  TARGET:-23 LUFS    M: -28.4 S: -16.4     I: -16.7 LUFS       LRA:   3.5 LU  FTPK: -43.9 dBFS  TPK:  -1.4 dBFS
[Parsed_ebur128_0 @ 0x146a064a0] t: 54.199979  TARGET:-23 LUFS    M: -30.6 S: -16.7     I: -16.7 LUFS       LRA:   3.5 LU  FTPK: -42.9 dBFS  TPK:  -1.4 dBFS
[Parsed_ebur128_0 @ 0x146a064a0] t: 54.299979  TARGET:-23 LUFS    M: -22.2 S: -16.6     I: -16.7 LUFS       LRA:   3.5 LU  FTPK:  -1.8 dBFS  TPK:  -1.4 dBFS
[Parsed_ebur128_0 @ 0x146a064a0] t: 54.399979  TARGET:-23 LUFS    M: -18.1 S: -16.5     I: -16.7 LUFS       LRA:   3.5 LU  FTPK:  -1.5 dBFS  TPK:  -1.4 dBFS
[Parsed_ebur128_0 @ 0x146a064a0] t: 54.499979  TARGET:-23 LUFS    M: -16.3 S: -16.5     I: -16.7 LUFS       LRA:   3.5 LU  FTPK:  -1.5 dBFS  TPK:  -1.4 dBFS
[Parsed_ebur128_0 @ 0x146a064a0] t: 54.599979  TARGET:-23 LUFS    M: -14.0 S: -16.2     I: -16.7 LUFS       LRA:   3.5 LU  FTPK:  -1.8 dBFS  TPK:  -1.4 dBFS
[Parsed_ebur128_0 @ 0x146a064a0] t: 54.699979  TARGET:-23 LUFS    M: -13.4 S: -16.1     I: -16.7 LUFS       LRA:   3.5 LU  FTPK:  -4.3 dBFS  TPK:  -1.4 dBFS
[Parsed_ebur128_0 @ 0x146a064a0] t: 54.799979  TARGET:-23 LUFS    M: -14.3 S: -16.3     I: -16.7 LUFS       LRA:   3.5 LU  FTPK:  -3.2 dBFS  TPK:  -1.4 dBFS
[Parsed_ebur128_0 @ 0x146a064a0] t: 54.899979  TARGET:-23 LUFS    M: -14.3 S: -16.3     I: -16.7 LUFS       LRA:   3.5 LU  FTPK:  -1.5 dBFS  TPK:  -1.4 dBFS
[Parsed_ebur128_0 @ 0x146a064a0] t: 54.999979  TARGET:-23 LUFS    M: -16.3 S: -16.4     I: -16.7 LUFS       LRA:   3.5 LU  FTPK: -11.2 dBFS  TPK:  -1.4 dBFS
[Parsed_ebur128_0 @ 0x146a064a0] t: 55.099979  TARGET:-23 LUFS    M: -19.4 S: -16.6     I: -16.7 LUFS       LRA:   3.5 LU  FTPK: -26.0 dBFS  TPK:  -1.4 dBFS
[Parsed_ebur128_0 @ 0x146a064a0] t: 55.199979  TARGET:-23 LUFS    M: -20.2 S: -16.6     I: -16.7 LUFS       LRA:   3.5 LU  FTPK: -42.4 dBFS  TPK:  -1.4 dBFS
[Parsed_ebur128_0 @ 0x146a064a0] t: 55.299979  TARGET:-23 LUFS    M: -26.0 S: -17.1     I: -16.7 LUFS       LRA:   3.5 LU  FTPK:  -6.2 dBFS  TPK:  -1.4 dBFS
[Parsed_ebur128_0 @ 0x146a064a0] t: 55.399979  TARGET:-23 LUFS    M: -21.4 S: -17.3     I: -16.7 LUFS       LRA:   3.5 LU  FTPK:  -5.4 dBFS  TPK:  -1.4 dBFS
[Parsed_ebur128_0 @ 0x146a064a0] t: 55.499979  TARGET:-23 LUFS    M: -17.8 S: -17.1     I: -16.7 LUFS       LRA:   3.5 LU  FTPK:  -4.1 dBFS  TPK:  -1.4 dBFS
[Parsed_ebur128_0 @ 0x146a064a0] t: 55.599979  TARGET:-23 LUFS    M: -16.9 S: -17.0     I: -16.7 LUFS       LRA:   3.5 LU  FTPK:  -6.5 dBFS  TPK:  -1.4 dBFS
[Parsed_ebur128_0 @ 0x146a064a0] t: 55.699979  TARGET:-23 LUFS    M: -15.2 S: -16.7     I: -16.7 LUFS       LRA:   3.5 LU  FTPK:  -3.6 dBFS  TPK:  -1.4 dBFS
[Parsed_ebur128_0 @ 0x146a064a0] t: 55.799979  TARGET:-23 LUFS    M: -15.5 S: -16.6     I: -16.7 LUFS       LRA:   3.5 LU  FTPK:  -5.2 dBFS  TPK:  -1.4 dBFS
[Parsed_ebur128_0 @ 0x146a064a0] t: 55.899979  TARGET:-23 LUFS    M: -16.6 S: -16.6     I: -16.7 LUFS       LRA:   3.5 LU  FTPK:  -5.1 dBFS  TPK:  -1.4 dBFS
[Parsed_ebur128_0 @ 0x146a064a0] t: 55.999979  TARGET:-23 LUFS    M: -16.1 S: -16.8     I: -16.7 LUFS       LRA:   3.4 LU  FTPK:  -1.5 dBFS  TPK:  -1.4 dBFS
[Parsed_ebur128_0 @ 0x146a064a0] t: 56.099979  TARGET:-23 LUFS    M: -17.1 S: -16.7     I: -16.7 LUFS       LRA:   3.4 LU  FTPK:  -2.5 dBFS  TPK:  -1.4 dBFS
[Parsed_ebur128_0 @ 0x146a064a0] t: 56.199979  TARGET:-23 LUFS    M: -18.1 S: -17.0     I: -16.7 LUFS       LRA:   3.4 LU  FTPK: -12.6 dBFS  TPK:  -1.4 dBFS
[Parsed_ebur128_0 @ 0x146a064a0] t: 56.299979  TARGET:-23 LUFS    M: -17.8 S: -16.9     I: -16.7 LUFS       LRA:   3.4 LU  FTPK:  -3.9 dBFS  TPK:  -1.4 dBFS
[Parsed_ebur128_0 @ 0x146a064a0] t: 56.399979  TARGET:-23 LUFS    M: -17.3 S: -17.1     I: -16.7 LUFS       LRA:   3.4 LU  FTPK:  -3.8 dBFS  TPK:  -1.4 dBFS
[Parsed_ebur128_0 @ 0x146a064a0] t: 56.499979  TARGET:-23 LUFS    M: -17.2 S: -17.0     I: -16.7 LUFS       LRA:   3.4 LU  FTPK:  -4.3 dBFS  TPK:  -1.4 dBFS
[Parsed_ebur128_0 @ 0x146a064a0] t: 56.599979  TARGET:-23 LUFS    M: -16.9 S: -17.4     I: -16.7 LUFS       LRA:   3.4 LU  FTPK:  -7.3 dBFS  TPK:  -1.4 dBFS
[Parsed_ebur128_0 @ 0x146a064a0] t: 56.699979  TARGET:-23 LUFS    M: -17.8 S: -17.4     I: -16.7 LUFS       LRA:   3.4 LU  FTPK: -13.3 dBFS  TPK:  -1.4 dBFS
[Parsed_ebur128_0 @ 0x146a064a0] t: 56.799979  TARGET:-23 LUFS    M: -19.2 S: -17.3     I: -16.7 LUFS       LRA:   3.4 LU  FTPK:  -2.5 dBFS  TPK:  -1.4 dBFS
[Parsed_ebur128_0 @ 0x146a064a0] t: 56.899979  TARGET:-23 LUFS    M: -21.9 S: -17.3     I: -16.7 LUFS       LRA:   3.4 LU  FTPK: -10.2 dBFS  TPK:  -1.4 dBFS
[Parsed_ebur128_0 @ 0x146a064a0] t: 56.999979  TARGET:-23 LUFS    M: -22.8 S: -17.3     I: -16.7 LUFS       LRA:   3.4 LU  FTPK: -13.0 dBFS  TPK:  -1.4 dBFS
[Parsed_ebur128_0 @ 0x146a064a0] t: 57.099979  TARGET:-23 LUFS    M: -22.6 S: -17.3     I: -16.7 LUFS       LRA:   3.4 LU  FTPK: -17.0 dBFS  TPK:  -1.4 dBFS
[Parsed_ebur128_0 @ 0x146a064a0] t: 57.199979  TARGET:-23 LUFS    M: -27.1 S: -17.3     I: -16.7 LUFS       LRA:   3.4 LU  FTPK: -28.3 dBFS  TPK:  -1.4 dBFS
[Parsed_ebur128_0 @ 0x146a064a0] t: 57.299979  TARGET:-23 LUFS    M: -28.9 S: -17.5     I: -16.7 LUFS       LRA:   3.4 LU  FTPK: -48.9 dBFS  TPK:  -1.4 dBFS
[Parsed_ebur128_0 @ 0x146a064a0] t: 57.399979  TARGET:-23 LUFS    M: -27.5 S: -17.8     I: -16.7 LUFS       LRA:   3.4 LU  FTPK:  -2.3 dBFS  TPK:  -1.4 dBFS
[Parsed_ebur128_0 @ 0x146a064a0] t: 57.499979  TARGET:-23 LUFS    M: -20.3 S: -17.8     I: -16.7 LUFS       LRA:   3.4 LU  FTPK:  -1.5 dBFS  TPK:  -1.4 dBFS
[Parsed_ebur128_0 @ 0x146a064a0] t: 57.599979  TARGET:-23 LUFS    M: -18.2 S: -18.1     I: -16.7 LUFS       LRA:   3.4 LU  FTPK:  -2.6 dBFS  TPK:  -1.4 dBFS
[Parsed_ebur128_0 @ 0x146a064a0] t: 57.699979  TARGET:-23 LUFS    M: -17.7 S: -18.5     I: -16.7 LUFS       LRA:   3.4 LU  FTPK:  -7.7 dBFS  TPK:  -1.4 dBFS
[Parsed_ebur128_0 @ 0x146a064a0] t: 57.799979  TARGET:-23 LUFS    M: -17.4 S: -18.5     I: -16.7 LUFS       LRA:   3.4 LU  FTPK:  -5.4 dBFS  TPK:  -1.4 dBFS
[Parsed_ebur128_0 @ 0x146a064a0] t: 57.899979  TARGET:-23 LUFS    M: -18.5 S: -18.7     I: -16.7 LUFS       LRA:   3.4 LU  FTPK:  -9.4 dBFS  TPK:  -1.4 dBFS
[Parsed_ebur128_0 @ 0x146a064a0] t: 57.999979  TARGET:-23 LUFS    M: -17.0 S: -18.2     I: -16.7 LUFS       LRA:   3.4 LU  FTPK:  -4.1 dBFS  TPK:  -1.4 dBFS
[Parsed_ebur128_0 @ 0x146a064a0] t: 58.099979  TARGET:-23 LUFS    M: -16.0 S: -18.0     I: -16.7 LUFS       LRA:   3.4 LU  FTPK:  -6.0 dBFS  TPK:  -1.4 dBFS
[Parsed_ebur128_0 @ 0x146a064a0] t: 58.199979  TARGET:-23 LUFS    M: -16.4 S: -18.0     I: -16.7 LUFS       LRA:   3.4 LU  FTPK: -17.7 dBFS  TPK:  -1.4 dBFS
[Parsed_ebur128_0 @ 0x146a064a0] t: 58.299979  TARGET:-23 LUFS    M: -16.0 S: -17.8     I: -16.7 LUFS       LRA:   3.4 LU  FTPK:  -1.5 dBFS  TPK:  -1.4 dBFS
[Parsed_ebur128_0 @ 0x146a064a0] t: 58.399979  TARGET:-23 LUFS    M: -17.0 S: -17.8     I: -16.7 LUFS       LRA:   3.3 LU  FTPK:  -2.9 dBFS  TPK:  -1.4 dBFS
[Parsed_ebur128_0 @ 0x146a064a0] t: 58.499979  TARGET:-23 LUFS    M: -17.1 S: -17.9     I: -16.7 LUFS       LRA:   3.3 LU  FTPK:  -3.1 dBFS  TPK:  -1.4 dBFS
[Parsed_ebur128_0 @ 0x146a064a0] t: 58.599979  TARGET:-23 LUFS    M: -16.1 S: -17.8     I: -16.7 LUFS       LRA:   3.3 LU  FTPK:  -4.0 dBFS  TPK:  -1.4 dBFS
[Parsed_ebur128_0 @ 0x146a064a0] t: 58.699979  TARGET:-23 LUFS    M: -17.4 S: -18.2     I: -16.7 LUFS       LRA:   3.3 LU  FTPK: -14.8 dBFS  TPK:  -1.4 dBFS
[Parsed_ebur128_0 @ 0x146a064a0] t: 58.799979  TARGET:-23 LUFS    M: -19.5 S: -18.4     I: -16.7 LUFS       LRA:   3.3 LU  FTPK: -37.0 dBFS  TPK:  -1.4 dBFS
[Parsed_ebur128_0 @ 0x146a064a0] t: 58.899979  TARGET:-23 LUFS    M: -22.8 S: -18.5     I: -16.7 LUFS       LRA:   3.3 LU  FTPK: -48.7 dBFS  TPK:  -1.4 dBFS
[Parsed_ebur128_0 @ 0x146a064a0] t: 58.999979  TARGET:-23 LUFS    M: -24.5 S: -18.6     I: -16.8 LUFS       LRA:   3.3 LU  FTPK:  -1.5 dBFS  TPK:  -1.4 dBFS
[Parsed_ebur128_0 @ 0x146a064a0] t: 59.099979  TARGET:-23 LUFS    M: -19.0 S: -18.5     I: -16.8 LUFS       LRA:   3.3 LU  FTPK:  -2.0 dBFS  TPK:  -1.4 dBFS
[Parsed_ebur128_0 @ 0x146a064a0] t: 59.199979  TARGET:-23 LUFS    M: -18.1 S: -18.4     I: -16.8 LUFS       LRA:   3.3 LU  FTPK:  -4.6 dBFS  TPK:  -1.4 dBFS
[Parsed_ebur128_0 @ 0x146a064a0] t: 59.299979  TARGET:-23 LUFS    M: -15.8 S: -18.1     I: -16.8 LUFS       LRA:   3.3 LU  FTPK:  -2.6 dBFS  TPK:  -1.4 dBFS
[Parsed_ebur128_0 @ 0x146a064a0] t: 59.399979  TARGET:-23 LUFS    M: -14.7 S: -18.0     I: -16.7 LUFS       LRA:   3.3 LU  FTPK:  -1.5 dBFS  TPK:  -1.4 dBFS
[Parsed_ebur128_0 @ 0x146a064a0] t: 59.499979  TARGET:-23 LUFS    M: -14.7 S: -17.9     I: -16.7 LUFS       LRA:   3.3 LU  FTPK:  -2.0 dBFS  TPK:  -1.4 dBFS
[Parsed_ebur128_0 @ 0x146a064a0] t: 59.599979  TARGET:-23 LUFS    M: -13.6 S: -17.6     I: -16.7 LUFS       LRA:   3.3 LU  FTPK:  -1.5 dBFS  TPK:  -1.4 dBFS
[Parsed_ebur128_0 @ 0x146a064a0] t: 59.699979  TARGET:-23 LUFS    M: -14.3 S: -17.4     I: -16.7 LUFS       LRA:   3.3 LU  FTPK:  -2.6 dBFS  TPK:  -1.4 dBFS
[Parsed_ebur128_0 @ 0x146a064a0] t: 59.799979  TARGET:-23 LUFS    M: -14.9 S: -17.3     I: -16.7 LUFS       LRA:   3.3 LU  FTPK:  -2.7 dBFS  TPK:  -1.4 dBFS
[Parsed_ebur128_0 @ 0x146a064a0] t: 59.899979  TARGET:-23 LUFS    M: -16.0 S: -17.3     I: -16.7 LUFS       LRA:   3.3 LU  FTPK:  -9.4 dBFS  TPK:  -1.4 dBFS
[Parsed_ebur128_0 @ 0x146a064a0] t: 59.999979  TARGET:-23 LUFS    M: -18.9 S: -17.3     I: -16.7 LUFS       LRA:   3.3 LU  FTPK: -19.2 dBFS  TPK:  -1.4 dBFS
[Parsed_ebur128_0 @ 0x146a064a0] t: 60.099979  TARGET:-23 LUFS    M: -20.4 S: -17.3     I: -16.7 LUFS       LRA:   3.3 LU  FTPK: -15.4 dBFS  TPK:  -1.4 dBFS
[Parsed_ebur128_0 @ 0x146a064a0] t: 60.199979  TARGET:-23 LUFS    M: -26.4 S: -17.3     I: -16.7 LUFS       LRA:   3.3 LU  FTPK: -32.4 dBFS  TPK:  -1.4 dBFS
[Parsed_ebur128_0 @ 0x146a064a0] t: 60.299979  TARGET:-23 LUFS    M: -30.6 S: -17.3     I: -16.7 LUFS       LRA:   3.3 LU  FTPK: -50.4 dBFS  TPK:  -1.4 dBFS
[Parsed_ebur128_0 @ 0x146a064a0] t: 60.399979  TARGET:-23 LUFS    M: -31.6 S: -17.4     I: -16.7 LUFS       LRA:   3.3 LU  FTPK: -52.0 dBFS  TPK:  -1.4 dBFS
[Parsed_ebur128_0 @ 0x146a064a0] t: 60.499979  TARGET:-23 LUFS    M: -53.2 S: -17.6     I: -16.7 LUFS       LRA:   3.3 LU  FTPK:  -inf dBFS  TPK:  -1.4 dBFS
[Parsed_ebur128_0 @ 0x146a064a0] t: 60.599979  TARGET:-23 LUFS    M: -76.7 S: -17.8     I: -16.7 LUFS       LRA:   3.3 LU  FTPK:  -inf dBFS  TPK:  -1.4 dBFS
[Parsed_ebur128_0 @ 0x146a064a0] t: 60.699979  TARGET:-23 LUFS    M: -34.6 S: -17.9     I: -16.7 LUFS       LRA:   3.3 LU  FTPK: -10.2 dBFS  TPK:  -1.4 dBFS
[Parsed_ebur128_0 @ 0x146a064a0] t: 60.799979  TARGET:-23 LUFS    M: -19.7 S: -17.6     I: -16.7 LUFS       LRA:   3.3 LU  FTPK:  -1.5 dBFS  TPK:  -1.4 dBFS
[Parsed_ebur128_0 @ 0x146a064a0] t: 60.899979  TARGET:-23 LUFS    M: -17.2 S: -17.5     I: -16.7 LUFS       LRA:   3.3 LU  FTPK:  -1.5 dBFS  TPK:  -1.4 dBFS
[Parsed_ebur128_0 @ 0x146a064a0] t: 60.999979  TARGET:-23 LUFS    M: -15.9 S: -17.6     I: -16.7 LUFS       LRA:   3.3 LU  FTPK:  -4.8 dBFS  TPK:  -1.4 dBFS
[Parsed_ebur128_0 @ 0x146a064a0] t: 61.099979  TARGET:-23 LUFS    M: -15.5 S: -17.8     I: -16.7 LUFS       LRA:   3.3 LU  FTPK:  -5.3 dBFS  TPK:  -1.4 dBFS
[Parsed_ebur128_0 @ 0x146a064a0] t: 61.199979  TARGET:-23 LUFS    M: -17.4 S: -17.8     I: -16.7 LUFS       LRA:   3.3 LU  FTPK: -31.2 dBFS  TPK:  -1.4 dBFS
[Parsed_ebur128_0 @ 0x146a064a0] t: 61.299979  TARGET:-23 LUFS    M: -20.1 S: -18.0     I: -16.7 LUFS       LRA:   3.3 LU  FTPK: -48.1 dBFS  TPK:  -1.4 dBFS
[Parsed_ebur128_0 @ 0x146a064a0] t: 61.399979  TARGET:-23 LUFS    M: -20.4 S: -18.0     I: -16.7 LUFS       LRA:   3.3 LU  FTPK:  -3.4 dBFS  TPK:  -1.4 dBFS
[Parsed_ebur128_0 @ 0x146a064a0] t: 61.499979  TARGET:-23 LUFS    M: -17.9 S: -17.9     I: -16.8 LUFS       LRA:   3.3 LU  FTPK:  -1.5 dBFS  TPK:  -1.4 dBFS
[Parsed_ebur128_0 @ 0x146a064a0] t: 61.599979  TARGET:-23 LUFS    M: -16.3 S: -17.8     I: -16.8 LUFS       LRA:   3.3 LU  FTPK:  -4.3 dBFS  TPK:  -1.4 dBFS
[Parsed_ebur128_0 @ 0x146a064a0] t: 61.699979  TARGET:-23 LUFS    M: -15.2 S: -17.6     I: -16.7 LUFS       LRA:   3.3 LU  FTPK:  -7.2 dBFS  TPK:  -1.4 dBFS
[Parsed_ebur128_0 @ 0x146a064a0] t: 61.799979  TARGET:-23 LUFS    M: -13.8 S: -17.0     I: -16.7 LUFS       LRA:   3.3 LU  FTPK:  -1.5 dBFS  TPK:  -1.4 dBFS
[Parsed_ebur128_0 @ 0x146a064a0] t: 61.899979  TARGET:-23 LUFS    M: -13.9 S: -16.8     I: -16.7 LUFS       LRA:   3.3 LU  FTPK:  -1.9 dBFS  TPK:  -1.4 dBFS
[Parsed_ebur128_0 @ 0x146a064a0] t: 61.999979  TARGET:-23 LUFS    M: -14.1 S: -16.7     I: -16.7 LUFS       LRA:   3.3 LU  FTPK:  -3.1 dBFS  TPK:  -1.4 dBFS
[Parsed_ebur128_0 @ 0x146a064a0] t: 62.099979  TARGET:-23 LUFS    M: -14.8 S: -16.9     I: -16.7 LUFS       LRA:   3.3 LU  FTPK: -10.5 dBFS  TPK:  -1.4 dBFS
[Parsed_ebur128_0 @ 0x146a064a0] t: 62.199979  TARGET:-23 LUFS    M: -18.2 S: -17.0     I: -16.7 LUFS       LRA:   3.3 LU  FTPK: -37.4 dBFS  TPK:  -1.4 dBFS
[Parsed_ebur128_0 @ 0x146a064a0] t: 62.299979  TARGET:-23 LUFS    M: -22.2 S: -17.3     I: -16.7 LUFS       LRA:   3.3 LU  FTPK: -16.3 dBFS  TPK:  -1.4 dBFS
[Parsed_ebur128_0 @ 0x146a064a0] t: 62.399979  TARGET:-23 LUFS    M: -20.5 S: -17.5     I: -16.7 LUFS       LRA:   3.3 LU  FTPK:  -1.5 dBFS  TPK:  -1.4 dBFS
[Parsed_ebur128_0 @ 0x146a064a0] t: 62.499979  TARGET:-23 LUFS    M: -19.4 S: -17.6     I: -16.7 LUFS       LRA:   3.3 LU  FTPK:  -5.0 dBFS  TPK:  -1.4 dBFS
[Parsed_ebur128_0 @ 0x146a064a0] t: 62.599979  TARGET:-23 LUFS    M: -19.3 S: -18.1     I: -16.7 LUFS       LRA:   3.3 LU  FTPK: -17.4 dBFS  TPK:  -1.4 dBFS
[Parsed_ebur128_0 @ 0x146a064a0] t: 62.699979  TARGET:-23 LUFS    M: -16.0 S: -17.7     I: -16.7 LUFS       LRA:   3.3 LU  FTPK:  -1.5 dBFS  TPK:  -1.4 dBFS
[Parsed_ebur128_0 @ 0x146a064a0] t: 62.799979  TARGET:-23 LUFS    M: -16.4 S: -17.8     I: -16.7 LUFS       LRA:   3.3 LU  FTPK:  -4.3 dBFS  TPK:  -1.4 dBFS
[Parsed_ebur128_0 @ 0x146a064a0] t: 62.899979  TARGET:-23 LUFS    M: -15.5 S: -17.5     I: -16.7 LUFS       LRA:   3.3 LU  FTPK:  -5.1 dBFS  TPK:  -1.4 dBFS
[Parsed_ebur128_0 @ 0x146a064a0] t: 62.999979  TARGET:-23 LUFS    M: -15.1 S: -17.4     I: -16.7 LUFS       LRA:   3.3 LU  FTPK:  -1.5 dBFS  TPK:  -1.4 dBFS
[Parsed_ebur128_0 @ 0x146a064a0] t: 63.099979  TARGET:-23 LUFS    M: -15.5 S: -17.1     I: -16.7 LUFS       LRA:   3.3 LU  FTPK:  -1.5 dBFS  TPK:  -1.4 dBFS
[Parsed_ebur128_0 @ 0x146a064a0] t: 63.199979  TARGET:-23 LUFS    M: -16.0 S: -17.1     I: -16.7 LUFS       LRA:   3.3 LU  FTPK:  -3.8 dBFS  TPK:  -1.4 dBFS
[Parsed_ebur128_0 @ 0x146a064a0] t: 63.299979  TARGET:-23 LUFS    M: -16.1 S: -16.8     I: -16.7 LUFS       LRA:   3.3 LU  FTPK:  -4.8 dBFS  TPK:  -1.4 dBFS
[Parsed_ebur128_0 @ 0x146a064a0] t: 63.399979  TARGET:-23 LUFS    M: -15.0 S: -16.5     I: -16.7 LUFS       LRA:   3.3 LU  FTPK:  -2.9 dBFS  TPK:  -1.4 dBFS
[Parsed_ebur128_0 @ 0x146a064a0] t: 63.499979  TARGET:-23 LUFS    M: -15.4 S: -16.4     I: -16.7 LUFS       LRA:   3.3 LU  FTPK:  -3.7 dBFS  TPK:  -1.4 dBFS
[Parsed_ebur128_0 @ 0x146a064a0] t: 63.599979  TARGET:-23 LUFS    M: -14.4 S: -16.1     I: -16.7 LUFS       LRA:   3.3 LU  FTPK:  -1.6 dBFS  TPK:  -1.4 dBFS
[Parsed_ebur128_0 @ 0x146a064a0] t: 63.699979  TARGET:-23 LUFS    M: -15.2 S: -16.0     I: -16.7 LUFS       LRA:   3.3 LU  FTPK:  -5.3 dBFS  TPK:  -1.4 dBFS
[Parsed_ebur128_0 @ 0x146a064a0] t: 63.799979  TARGET:-23 LUFS    M: -16.9 S: -16.3     I: -16.7 LUFS       LRA:   3.3 LU  FTPK: -18.1 dBFS  TPK:  -1.4 dBFS
[Parsed_ebur128_0 @ 0x146a064a0] t: 63.899979  TARGET:-23 LUFS    M: -18.8 S: -16.5     I: -16.7 LUFS       LRA:   3.3 LU  FTPK: -46.7 dBFS  TPK:  -1.4 dBFS
[Parsed_ebur128_0 @ 0x146a064a0] t: 63.999979  TARGET:-23 LUFS    M: -25.5 S: -16.7     I: -16.7 LUFS       LRA:   3.3 LU  FTPK: -48.7 dBFS  TPK:  -1.4 dBFS
[Parsed_ebur128_0 @ 0x146a064a0] t: 64.099979  TARGET:-23 LUFS    M: -37.8 S: -16.8     I: -16.7 LUFS       LRA:   3.3 LU  FTPK: -46.7 dBFS  TPK:  -1.4 dBFS
[Parsed_ebur128_0 @ 0x146a064a0] t: 64.199979  TARGET:-23 LUFS    M: -35.5 S: -16.8     I: -16.7 LUFS       LRA:   3.3 LU  FTPK: -10.3 dBFS  TPK:  -1.4 dBFS
[Parsed_ebur128_0 @ 0x146a064a0] t: 64.299979  TARGET:-23 LUFS    M: -20.0 S: -16.5     I: -16.7 LUFS       LRA:   3.3 LU  FTPK:  -1.5 dBFS  TPK:  -1.4 dBFS
[Parsed_ebur128_0 @ 0x146a064a0] t: 64.399979  TARGET:-23 LUFS    M: -15.8 S: -16.2     I: -16.7 LUFS       LRA:   3.2 LU  FTPK:  -1.5 dBFS  TPK:  -1.4 dBFS
[Parsed_ebur128_0 @ 0x146a064a0] t: 64.499979  TARGET:-23 LUFS    M: -13.7 S: -16.1     I: -16.7 LUFS       LRA:   3.2 LU  FTPK:  -1.5 dBFS  TPK:  -1.4 dBFS
[Parsed_ebur128_0 @ 0x146a064a0] t: 64.599979  TARGET:-23 LUFS    M: -12.9 S: -16.0     I: -16.7 LUFS       LRA:   3.2 LU  FTPK:  -3.1 dBFS  TPK:  -1.4 dBFS
[Parsed_ebur128_0 @ 0x146a064a0] t: 64.699979  TARGET:-23 LUFS    M: -12.6 S: -15.9     I: -16.7 LUFS       LRA:   3.2 LU  FTPK:  -3.0 dBFS  TPK:  -1.4 dBFS
[Parsed_ebur128_0 @ 0x146a064a0] t: 64.799979  TARGET:-23 LUFS    M: -13.3 S: -16.1     I: -16.7 LUFS       LRA:   3.2 LU  FTPK:  -2.9 dBFS  TPK:  -1.4 dBFS
[Parsed_ebur128_0 @ 0x146a064a0] t: 64.899979  TARGET:-23 LUFS    M: -13.5 S: -16.0     I: -16.7 LUFS       LRA:   3.2 LU  FTPK:  -1.5 dBFS  TPK:  -1.4 dBFS
[Parsed_ebur128_0 @ 0x146a064a0] t: 64.999979  TARGET:-23 LUFS    M: -13.3 S: -15.9     I: -16.7 LUFS       LRA:   3.2 LU  FTPK:  -3.0 dBFS  TPK:  -1.4 dBFS
[Parsed_ebur128_0 @ 0x146a064a0] t: 65.099979  TARGET:-23 LUFS    M: -14.5 S: -15.8     I: -16.7 LUFS       LRA:   3.2 LU  FTPK:  -6.9 dBFS  TPK:  -1.4 dBFS
[Parsed_ebur128_0 @ 0x146a064a0] t: 65.199979  TARGET:-23 LUFS    M: -15.5 S: -15.8     I: -16.7 LUFS       LRA:   3.2 LU  FTPK: -20.1 dBFS  TPK:  -1.4 dBFS
[Parsed_ebur128_0 @ 0x146a064a0] t: 65.299979  TARGET:-23 LUFS    M: -18.5 S: -15.8     I: -16.7 LUFS       LRA:   3.2 LU  FTPK: -47.9 dBFS  TPK:  -1.4 dBFS
[Parsed_ebur128_0 @ 0x146a064a0] t: 65.399979  TARGET:-23 LUFS    M: -26.7 S: -16.0     I: -16.7 LUFS       LRA:   3.2 LU  FTPK: -45.2 dBFS  TPK:  -1.4 dBFS
[Parsed_ebur128_0 @ 0x146a064a0] t: 65.499979  TARGET:-23 LUFS    M: -28.1 S: -16.1     I: -16.7 LUFS       LRA:   3.2 LU  FTPK:  -3.7 dBFS  TPK:  -1.4 dBFS
[Parsed_ebur128_0 @ 0x146a064a0] t: 65.599979  TARGET:-23 LUFS    M: -22.3 S: -16.0     I: -16.7 LUFS       LRA:   3.2 LU  FTPK:  -3.0 dBFS  TPK:  -1.4 dBFS
[Parsed_ebur128_0 @ 0x146a064a0] t: 65.699979  TARGET:-23 LUFS    M: -19.2 S: -16.1     I: -16.7 LUFS       LRA:   3.2 LU  FTPK:  -2.5 dBFS  TPK:  -1.4 dBFS
[Parsed_ebur128_0 @ 0x146a064a0] t: 65.799979  TARGET:-23 LUFS    M: -19.1 S: -16.3     I: -16.7 LUFS       LRA:   3.2 LU  FTPK: -18.7 dBFS  TPK:  -1.4 dBFS
[Parsed_ebur128_0 @ 0x146a064a0] t: 65.899979  TARGET:-23 LUFS    M: -16.3 S: -16.2     I: -16.7 LUFS       LRA:   3.2 LU  FTPK:  -1.4 dBFS  TPK:  -1.4 dBFS
[Parsed_ebur128_0 @ 0x146a064a0] t: 65.999979  TARGET:-23 LUFS    M: -15.7 S: -16.1     I: -16.7 LUFS       LRA:   3.2 LU  FTPK:  -2.2 dBFS  TPK:  -1.4 dBFS
[Parsed_ebur128_0 @ 0x146a064a0] t: 66.099979  TARGET:-23 LUFS    M: -15.4 S: -16.1     I: -16.7 LUFS       LRA:   3.2 LU  FTPK:  -2.1 dBFS  TPK:  -1.4 dBFS
[Parsed_ebur128_0 @ 0x146a064a0] t: 66.199979  TARGET:-23 LUFS    M: -14.5 S: -16.0     I: -16.7 LUFS       LRA:   3.2 LU  FTPK:  -1.5 dBFS  TPK:  -1.4 dBFS
[Parsed_ebur128_0 @ 0x146a064a0] t: 66.299979  TARGET:-23 LUFS    M: -15.4 S: -16.1     I: -16.7 LUFS       LRA:   3.2 LU  FTPK:  -3.2 dBFS  TPK:  -1.4 dBFS
[Parsed_ebur128_0 @ 0x146a064a0] t: 66.399979  TARGET:-23 LUFS    M: -15.8 S: -16.2     I: -16.7 LUFS       LRA:   3.2 LU  FTPK:  -4.6 dBFS  TPK:  -1.4 dBFS
[Parsed_ebur128_0 @ 0x146a064a0] t: 66.499979  TARGET:-23 LUFS    M: -17.2 S: -16.3     I: -16.7 LUFS       LRA:   3.2 LU  FTPK:  -8.0 dBFS  TPK:  -1.4 dBFS
[Parsed_ebur128_0 @ 0x146a064a0] t: 66.599979  TARGET:-23 LUFS    M: -19.0 S: -16.6     I: -16.7 LUFS       LRA:   3.2 LU  FTPK: -28.0 dBFS  TPK:  -1.4 dBFS
[Parsed_ebur128_0 @ 0x146a064a0] t: 66.699979  TARGET:-23 LUFS    M: -22.4 S: -16.7     I: -16.7 LUFS       LRA:   3.2 LU  FTPK: -42.3 dBFS  TPK:  -1.4 dBFS
[Parsed_ebur128_0 @ 0x146a064a0] t: 66.799979  TARGET:-23 LUFS    M: -30.7 S: -16.7     I: -16.7 LUFS       LRA:   3.2 LU  FTPK: -48.6 dBFS  TPK:  -1.4 dBFS
[Parsed_ebur128_0 @ 0x146a064a0] t: 66.899979  TARGET:-23 LUFS    M: -48.6 S: -16.7     I: -16.7 LUFS       LRA:   3.2 LU  FTPK: -49.9 dBFS  TPK:  -1.4 dBFS
[Parsed_ebur128_0 @ 0x146a064a0] t: 66.999979  TARGET:-23 LUFS    M: -41.4 S: -16.7     I: -16.7 LUFS       LRA:   3.2 LU  FTPK: -17.2 dBFS  TPK:  -1.4 dBFS
[Parsed_ebur128_0 @ 0x146a064a0] t: 67.099979  TARGET:-23 LUFS    M: -20.6 S: -16.5     I: -16.7 LUFS       LRA:   3.2 LU  FTPK:  -1.5 dBFS  TPK:  -1.4 dBFS
[Parsed_ebur128_0 @ 0x146a064a0] t: 67.199979  TARGET:-23 LUFS    M: -16.1 S: -16.1     I: -16.7 LUFS       LRA:   3.2 LU  FTPK:  -1.5 dBFS  TPK:  -1.4 dBFS
[Parsed_ebur128_0 @ 0x146a064a0] t: 67.299979  TARGET:-23 LUFS    M: -15.3 S: -16.2     I: -16.7 LUFS       LRA:   3.2 LU  FTPK:  -1.9 dBFS  TPK:  -1.4 dBFS
[Parsed_ebur128_0 @ 0x146a064a0] t: 67.399979  TARGET:-23 LUFS    M: -15.1 S: -16.6     I: -16.7 LUFS       LRA:   3.2 LU  FTPK:  -7.7 dBFS  TPK:  -1.4 dBFS
[Parsed_ebur128_0 @ 0x146a064a0] t: 67.499979  TARGET:-23 LUFS    M: -16.6 S: -17.0     I: -16.7 LUFS       LRA:   3.2 LU  FTPK: -18.2 dBFS  TPK:  -1.4 dBFS
[Parsed_ebur128_0 @ 0x146a064a0] t: 67.599979  TARGET:-23 LUFS    M: -21.9 S: -17.3     I: -16.7 LUFS       LRA:   3.2 LU  FTPK: -12.4 dBFS  TPK:  -1.4 dBFS
[Parsed_ebur128_0 @ 0x146a064a0] t: 67.699979  TARGET:-23 LUFS    M: -20.7 S: -17.5     I: -16.7 LUFS       LRA:   3.2 LU  FTPK:  -5.1 dBFS  TPK:  -1.4 dBFS
[Parsed_ebur128_0 @ 0x146a064a0] t: 67.799979  TARGET:-23 LUFS    M: -21.1 S: -17.7     I: -16.7 LUFS       LRA:   3.2 LU  FTPK: -11.0 dBFS  TPK:  -1.4 dBFS
[Parsed_ebur128_0 @ 0x146a064a0] t: 67.899979  TARGET:-23 LUFS    M: -18.0 S: -17.9     I: -16.7 LUFS       LRA:   3.2 LU  FTPK:  -1.5 dBFS  TPK:  -1.4 dBFS
[Parsed_ebur128_0 @ 0x146a064a0] t: 67.999979  TARGET:-23 LUFS    M: -17.3 S: -18.3     I: -16.7 LUFS       LRA:   3.2 LU  FTPK:  -1.5 dBFS  TPK:  -1.4 dBFS
[Parsed_ebur128_0 @ 0x146a064a0] t: 68.099979  TARGET:-23 LUFS    M: -17.5 S: -18.1     I: -16.7 LUFS       LRA:   3.2 LU  FTPK:  -4.5 dBFS  TPK:  -1.4 dBFS
[Parsed_ebur128_0 @ 0x146a064a0] t: 68.199979  TARGET:-23 LUFS    M: -16.4 S: -17.9     I: -16.7 LUFS       LRA:   3.2 LU  FTPK:  -4.3 dBFS  TPK:  -1.4 dBFS
[Parsed_ebur128_0 @ 0x146a064a0] t: 68.299979  TARGET:-23 LUFS    M: -16.6 S: -17.7     I: -16.7 LUFS       LRA:   3.2 LU  FTPK:  -3.6 dBFS  TPK:  -1.4 dBFS
[Parsed_ebur128_0 @ 0x146a064a0] t: 68.399979  TARGET:-23 LUFS    M: -16.2 S: -17.5     I: -16.7 LUFS       LRA:   3.1 LU  FTPK:  -2.4 dBFS  TPK:  -1.4 dBFS
[Parsed_ebur128_0 @ 0x146a064a0] t: 68.499979  TARGET:-23 LUFS    M: -17.0 S: -17.5     I: -16.7 LUFS       LRA:   3.1 LU  FTPK: -11.8 dBFS  TPK:  -1.4 dBFS
[Parsed_ebur128_0 @ 0x146a064a0] t: 68.599979  TARGET:-23 LUFS    M: -17.4 S: -17.5     I: -16.7 LUFS       LRA:   3.1 LU  FTPK:  -3.5 dBFS  TPK:  -1.4 dBFS
[Parsed_ebur128_0 @ 0x146a064a0] t: 68.699979  TARGET:-23 LUFS    M: -18.8 S: -17.6     I: -16.7 LUFS       LRA:   3.1 LU  FTPK:  -5.1 dBFS  TPK:  -1.4 dBFS
[Parsed_ebur128_0 @ 0x146a064a0] t: 68.799979  TARGET:-23 LUFS    M: -20.6 S: -17.6     I: -16.7 LUFS       LRA:   3.1 LU  FTPK: -29.0 dBFS  TPK:  -1.4 dBFS
[Parsed_ebur128_0 @ 0x146a064a0] t: 68.899979  TARGET:-23 LUFS    M: -22.0 S: -18.1     I: -16.7 LUFS       LRA:   3.1 LU  FTPK: -41.3 dBFS  TPK:  -1.4 dBFS
[Parsed_ebur128_0 @ 0x146a064a0] t: 68.999979  TARGET:-23 LUFS    M: -26.5 S: -18.4     I: -16.7 LUFS       LRA:   3.1 LU  FTPK: -48.3 dBFS  TPK:  -1.4 dBFS
[Parsed_ebur128_0 @ 0x146a064a0] t: 69.099979  TARGET:-23 LUFS    M: -52.2 S: -18.7     I: -16.7 LUFS       LRA:   3.1 LU  FTPK: -48.3 dBFS  TPK:  -1.4 dBFS
[Parsed_ebur128_0 @ 0x146a064a0] t: 69.199979  TARGET:-23 LUFS    M: -58.8 S: -19.0     I: -16.7 LUFS       LRA:   3.2 LU  FTPK: -46.2 dBFS  TPK:  -1.4 dBFS
[Parsed_ebur128_0 @ 0x146a064a0] t: 69.299979  TARGET:-23 LUFS    M: -34.9 S: -19.3     I: -16.7 LUFS       LRA:   3.2 LU  FTPK: -10.9 dBFS  TPK:  -1.4 dBFS
[Parsed_ebur128_0 @ 0x146a064a0] t: 69.399979  TARGET:-23 LUFS    M: -16.7 S: -18.6     I: -16.7 LUFS       LRA:   3.2 LU  FTPK:  -1.5 dBFS  TPK:  -1.4 dBFS
[Parsed_ebur128_0 @ 0x146a064a0] t: 69.499979  TARGET:-23 LUFS    M: -14.8 S: -18.1     I: -16.7 LUFS       LRA:   3.2 LU  FTPK:  -1.5 dBFS  TPK:  -1.4 dBFS
[Parsed_ebur128_0 @ 0x146a064a0] t: 69.599979  TARGET:-23 LUFS    M: -14.6 S: -18.1     I: -16.7 LUFS       LRA:   3.2 LU  FTPK:  -2.6 dBFS  TPK:  -1.4 dBFS
[Parsed_ebur128_0 @ 0x146a064a0] t: 69.699979  TARGET:-23 LUFS    M: -13.9 S: -17.9     I: -16.7 LUFS       LRA:   3.2 LU  FTPK:  -2.7 dBFS  TPK:  -1.4 dBFS
[Parsed_ebur128_0 @ 0x146a064a0] t: 69.799979  TARGET:-23 LUFS    M: -16.4 S: -17.7     I: -16.7 LUFS       LRA:   3.2 LU  FTPK:  -4.5 dBFS  TPK:  -1.4 dBFS
[Parsed_ebur128_0 @ 0x146a064a0] t: 69.899979  TARGET:-23 LUFS    M: -17.0 S: -17.5     I: -16.7 LUFS       LRA:   3.2 LU  FTPK:  -1.5 dBFS  TPK:  -1.4 dBFS
[Parsed_ebur128_0 @ 0x146a064a0] t: 69.999979  TARGET:-23 LUFS    M: -14.7 S: -17.0     I: -16.7 LUFS       LRA:   3.2 LU  FTPK:  -1.5 dBFS  TPK:  -1.4 dBFS
[Parsed_ebur128_0 @ 0x146a064a0] t: 70.099979  TARGET:-23 LUFS    M: -14.9 S: -17.1     I: -16.7 LUFS       LRA:   3.2 LU  FTPK:  -3.1 dBFS  TPK:  -1.4 dBFS
[Parsed_ebur128_0 @ 0x146a064a0] t: 70.199979  TARGET:-23 LUFS    M: -15.2 S: -17.5     I: -16.7 LUFS       LRA:   3.2 LU  FTPK:  -8.3 dBFS  TPK:  -1.4 dBFS
[Parsed_ebur128_0 @ 0x146a064a0] t: 70.299979  TARGET:-23 LUFS    M: -15.7 S: -17.5     I: -16.7 LUFS       LRA:   3.2 LU  FTPK:  -9.0 dBFS  TPK:  -1.4 dBFS
[Parsed_ebur128_0 @ 0x146a064a0] t: 70.399979  TARGET:-23 LUFS    M: -16.3 S: -17.2     I: -16.7 LUFS       LRA:   3.1 LU  FTPK:  -1.5 dBFS  TPK:  -1.4 dBFS
[Parsed_ebur128_0 @ 0x146a064a0] t: 70.499979  TARGET:-23 LUFS    M: -16.3 S: -17.0     I: -16.7 LUFS       LRA:   3.1 LU  FTPK:  -3.3 dBFS  TPK:  -1.4 dBFS
[Parsed_ebur128_0 @ 0x146a064a0] t: 70.599979  TARGET:-23 LUFS    M: -15.6 S: -16.9     I: -16.7 LUFS       LRA:   3.1 LU  FTPK:  -4.2 dBFS  TPK:  -1.4 dBFS
[Parsed_ebur128_0 @ 0x146a064a0] t: 70.699979  TARGET:-23 LUFS    M: -16.2 S: -17.1     I: -16.7 LUFS       LRA:   3.1 LU  FTPK:  -6.1 dBFS  TPK:  -1.4 dBFS
[Parsed_ebur128_0 @ 0x146a064a0] t: 70.799979  TARGET:-23 LUFS    M: -17.4 S: -16.9     I: -16.7 LUFS       LRA:   3.1 LU  FTPK:  -4.4 dBFS  TPK:  -1.4 dBFS
[Parsed_ebur128_0 @ 0x146a064a0] t: 70.899979  TARGET:-23 LUFS    M: -17.3 S: -17.0     I: -16.7 LUFS       LRA:   3.1 LU  FTPK:  -3.7 dBFS  TPK:  -1.4 dBFS
[Parsed_ebur128_0 @ 0x146a064a0] t: 70.999979  TARGET:-23 LUFS    M: -17.2 S: -16.9     I: -16.7 LUFS       LRA:   3.1 LU  FTPK:  -2.9 dBFS  TPK:  -1.4 dBFS
[Parsed_ebur128_0 @ 0x146a064a0] t: 71.099979  TARGET:-23 LUFS    M: -16.4 S: -16.9     I: -16.7 LUFS       LRA:   3.1 LU  FTPK:  -5.2 dBFS  TPK:  -1.4 dBFS
[Parsed_ebur128_0 @ 0x146a064a0] t: 71.199979  TARGET:-23 LUFS    M: -17.3 S: -17.0     I: -16.7 LUFS       LRA:   3.1 LU  FTPK: -10.5 dBFS  TPK:  -1.4 dBFS
[Parsed_ebur128_0 @ 0x146a064a0] t: 71.299979  TARGET:-23 LUFS    M: -17.1 S: -17.0     I: -16.7 LUFS       LRA:   3.1 LU  FTPK:  -2.3 dBFS  TPK:  -1.4 dBFS
[Parsed_ebur128_0 @ 0x146a064a0] t: 71.399979  TARGET:-23 LUFS    M: -18.2 S: -17.1     I: -16.7 LUFS       LRA:   3.1 LU  FTPK:  -5.6 dBFS  TPK:  -1.4 dBFS
[Parsed_ebur128_0 @ 0x146a064a0] t: 71.499979  TARGET:-23 LUFS    M: -19.0 S: -17.1     I: -16.7 LUFS       LRA:   3.1 LU  FTPK:  -6.5 dBFS  TPK:  -1.4 dBFS
[Parsed_ebur128_0 @ 0x146a064a0] t: 71.599979  TARGET:-23 LUFS    M: -17.6 S: -17.1     I: -16.7 LUFS       LRA:   3.1 LU  FTPK:  -5.4 dBFS  TPK:  -1.4 dBFS
[Parsed_ebur128_0 @ 0x146a064a0] t: 71.699979  TARGET:-23 LUFS    M: -18.3 S: -17.0     I: -16.7 LUFS       LRA:   3.1 LU  FTPK:  -5.2 dBFS  TPK:  -1.4 dBFS
[Parsed_ebur128_0 @ 0x146a064a0] t: 71.799979  TARGET:-23 LUFS    M: -18.4 S: -17.0     I: -16.7 LUFS       LRA:   3.1 LU  FTPK:  -9.8 dBFS  TPK:  -1.4 dBFS
[Parsed_ebur128_0 @ 0x146a064a0] t: 71.899979  TARGET:-23 LUFS    M: -19.2 S: -17.0     I: -16.7 LUFS       LRA:   3.1 LU  FTPK: -24.7 dBFS  TPK:  -1.4 dBFS
[Parsed_ebur128_0 @ 0x146a064a0] t: 71.999979  TARGET:-23 LUFS    M: -22.7 S: -17.0     I: -16.7 LUFS       LRA:   3.1 LU  FTPK: -60.6 dBFS  TPK:  -1.4 dBFS
[Parsed_ebur128_0 @ 0x146a064a0] t: 72.099979  TARGET:-23 LUFS    M: -29.6 S: -17.0     I: -16.7 LUFS       LRA:   3.1 LU  FTPK: -189.8 dBFS  TPK:  -1.4 dBFS
[Parsed_ebur128_0 @ 0x146a064a0] t: 72.199979  TARGET:-23 LUFS    M: -46.4 S: -17.0     I: -16.7 LUFS       LRA:   3.1 LU  FTPK:  -inf dBFS  TPK:  -1.4 dBFS
[Parsed_ebur128_0 @ 0x146a064a0] t: 72.299979  TARGET:-23 LUFS    M: -89.2 S: -17.0     I: -16.7 LUFS       LRA:   3.1 LU  FTPK:  -inf dBFS  TPK:  -1.4 dBFS
[Parsed_ebur128_0 @ 0x146a064a0] t: 72.399979  TARGET:-23 LUFS    M: -41.2 S: -17.6     I: -16.7 LUFS       LRA:   3.1 LU  FTPK: -23.0 dBFS  TPK:  -1.4 dBFS
[Parsed_ebur128_0 @ 0x146a064a0] t: 72.499979  TARGET:-23 LUFS    M: -17.4 S: -17.4     I: -16.7 LUFS       LRA:   3.1 LU  FTPK:  -1.9 dBFS  TPK:  -1.4 dBFS
[Parsed_ebur128_0 @ 0x146a064a0] t: 72.599979  TARGET:-23 LUFS    M: -13.6 S: -16.7     I: -16.7 LUFS       LRA:   3.1 LU  FTPK:  -1.5 dBFS  TPK:  -1.4 dBFS
[Parsed_ebur128_0 @ 0x146a064a0] t: 72.699979  TARGET:-23 LUFS    M: -12.4 S: -16.5     I: -16.7 LUFS       LRA:   3.1 LU  FTPK:  -2.8 dBFS  TPK:  -1.4 dBFS
[Parsed_ebur128_0 @ 0x146a064a0] t: 72.799979  TARGET:-23 LUFS    M: -12.0 S: -16.5     I: -16.7 LUFS       LRA:   3.1 LU  FTPK:  -6.5 dBFS  TPK:  -1.4 dBFS
[Parsed_ebur128_0 @ 0x146a064a0] t: 72.899979  TARGET:-23 LUFS    M: -13.0 S: -16.5     I: -16.7 LUFS       LRA:   3.1 LU  FTPK:  -4.8 dBFS  TPK:  -1.4 dBFS
[Parsed_ebur128_0 @ 0x146a064a0] t: 72.999979  TARGET:-23 LUFS    M: -14.9 S: -16.8     I: -16.7 LUFS       LRA:   3.1 LU  FTPK:  -4.3 dBFS  TPK:  -1.4 dBFS
[Parsed_ebur128_0 @ 0x146a064a0] t: 73.099979  TARGET:-23 LUFS    M: -17.5 S: -16.9     I: -16.7 LUFS       LRA:   3.1 LU  FTPK:  -9.7 dBFS  TPK:  -1.4 dBFS
[Parsed_ebur128_0 @ 0x146a064a0] t: 73.199979  TARGET:-23 LUFS    M: -16.3 S: -16.6     I: -16.7 LUFS       LRA:   3.1 LU  FTPK:  -1.5 dBFS  TPK:  -1.4 dBFS
[Parsed_ebur128_0 @ 0x146a064a0] t: 73.299979  TARGET:-23 LUFS    M: -16.8 S: -16.7     I: -16.7 LUFS       LRA:   3.1 LU  FTPK:  -7.6 dBFS  TPK:  -1.4 dBFS
[Parsed_ebur128_0 @ 0x146a064a0] t: 73.399979  TARGET:-23 LUFS    M: -18.1 S: -17.0     I: -16.7 LUFS       LRA:   3.1 LU  FTPK:  -9.4 dBFS  TPK:  -1.4 dBFS
[Parsed_ebur128_0 @ 0x146a064a0] t: 73.499979  TARGET:-23 LUFS    M: -16.7 S: -16.9     I: -16.7 LUFS       LRA:   3.1 LU  FTPK:  -6.3 dBFS  TPK:  -1.4 dBFS
[Parsed_ebur128_0 @ 0x146a064a0] t: 73.599979  TARGET:-23 LUFS    M: -18.2 S: -17.0     I: -16.7 LUFS       LRA:   3.1 LU  FTPK:  -3.3 dBFS  TPK:  -1.4 dBFS
[Parsed_ebur128_0 @ 0x146a064a0] t: 73.699979  TARGET:-23 LUFS    M: -18.2 S: -16.9     I: -16.7 LUFS       LRA:   3.1 LU  FTPK:  -7.9 dBFS  TPK:  -1.4 dBFS
[Parsed_ebur128_0 @ 0x146a064a0] t: 73.799979  TARGET:-23 LUFS    M: -18.2 S: -17.1     I: -16.7 LUFS       LRA:   3.1 LU  FTPK:  -9.8 dBFS  TPK:  -1.4 dBFS
[Parsed_ebur128_0 @ 0x146a064a0] t: 73.899979  TARGET:-23 LUFS    M: -20.7 S: -17.2     I: -16.7 LUFS       LRA:   3.1 LU  FTPK: -22.9 dBFS  TPK:  -1.4 dBFS
[Parsed_ebur128_0 @ 0x146a064a0] t: 73.999979  TARGET:-23 LUFS    M: -23.5 S: -17.4     I: -16.7 LUFS       LRA:   3.1 LU  FTPK: -27.4 dBFS  TPK:  -1.4 dBFS
[Parsed_ebur128_0 @ 0x146a064a0] t: 74.099979  TARGET:-23 LUFS    M: -27.3 S: -17.6     I: -16.7 LUFS       LRA:   3.1 LU  FTPK: -46.2 dBFS  TPK:  -1.4 dBFS
[Parsed_ebur128_0 @ 0x146a064a0] t: 74.199979  TARGET:-23 LUFS    M: -38.8 S: -17.7     I: -16.7 LUFS       LRA:   3.1 LU  FTPK: -48.0 dBFS  TPK:  -1.4 dBFS
[Parsed_ebur128_0 @ 0x146a064a0] t: 74.299979  TARGET:-23 LUFS    M: -47.4 S: -17.9     I: -16.7 LUFS       LRA:   3.1 LU  FTPK: -48.5 dBFS  TPK:  -1.4 dBFS
[Parsed_ebur128_0 @ 0x146a064a0] t: 74.399979  TARGET:-23 LUFS    M: -61.7 S: -17.9     I: -16.7 LUFS       LRA:   3.1 LU  FTPK: -48.4 dBFS  TPK:  -1.4 dBFS
[Parsed_ebur128_0 @ 0x146a064a0] t: 74.499979  TARGET:-23 LUFS    M: -30.1 S: -18.0     I: -16.7 LUFS       LRA:   3.1 LU  FTPK:  -5.2 dBFS  TPK:  -1.4 dBFS
[Parsed_ebur128_0 @ 0x146a064a0] t: 74.599979  TARGET:-23 LUFS    M: -23.1 S: -18.1     I: -16.7 LUFS       LRA:   3.1 LU  FTPK:  -3.4 dBFS  TPK:  -1.4 dBFS
[Parsed_ebur128_0 @ 0x146a064a0] t: 74.699979  TARGET:-23 LUFS    M: -19.5 S: -18.0     I: -16.7 LUFS       LRA:   3.1 LU  FTPK:  -1.5 dBFS  TPK:  -1.4 dBFS
[Parsed_ebur128_0 @ 0x146a064a0] t: 74.799979  TARGET:-23 LUFS    M: -14.8 S: -17.3     I: -16.7 LUFS       LRA:   3.1 LU  FTPK:  -1.5 dBFS  TPK:  -1.4 dBFS
[Parsed_ebur128_0 @ 0x146a064a0] t: 74.899979  TARGET:-23 LUFS    M: -13.9 S: -17.1     I: -16.7 LUFS       LRA:   3.1 LU  FTPK:  -3.4 dBFS  TPK:  -1.4 dBFS
[Parsed_ebur128_0 @ 0x146a064a0] t: 74.999979  TARGET:-23 LUFS    M: -13.3 S: -16.8     I: -16.7 LUFS       LRA:   3.1 LU  FTPK:  -1.5 dBFS  TPK:  -1.4 dBFS
[Parsed_ebur128_0 @ 0x146a064a0] t: 75.099979  TARGET:-23 LUFS    M: -13.3 S: -16.6     I: -16.7 LUFS       LRA:   3.1 LU  FTPK:  -3.4 dBFS  TPK:  -1.4 dBFS
[Parsed_ebur128_0 @ 0x146a064a0] t: 75.199979  TARGET:-23 LUFS    M: -14.8 S: -16.4     I: -16.7 LUFS       LRA:   3.1 LU  FTPK:  -2.7 dBFS  TPK:  -1.4 dBFS
[Parsed_ebur128_0 @ 0x146a064a0] t: 75.299979  TARGET:-23 LUFS    M: -15.0 S: -16.2     I: -16.6 LUFS       LRA:   3.1 LU  FTPK:  -1.5 dBFS  TPK:  -1.4 dBFS
[Parsed_ebur128_0 @ 0x146a064a0] t: 75.399979  TARGET:-23 LUFS    M: -14.6 S: -15.9     I: -16.6 LUFS       LRA:   3.1 LU  FTPK:  -1.5 dBFS  TPK:  -1.4 dBFS
[Parsed_ebur128_0 @ 0x146a064a0] t: 75.499979  TARGET:-23 LUFS    M: -14.9 S: -16.2     I: -16.6 LUFS       LRA:   3.1 LU  FTPK:  -3.1 dBFS  TPK:  -1.4 dBFS
[Parsed_ebur128_0 @ 0x146a064a0] t: 75.599979  TARGET:-23 LUFS    M: -16.2 S: -16.9     I: -16.6 LUFS       LRA:   3.1 LU  FTPK: -21.6 dBFS  TPK:  -1.4 dBFS
[Parsed_ebur128_0 @ 0x146a064a0] t: 75.699979  TARGET:-23 LUFS    M: -16.4 S: -17.2     I: -16.6 LUFS       LRA:   3.1 LU  FTPK:  -1.5 dBFS  TPK:  -1.4 dBFS
[Parsed_ebur128_0 @ 0x146a064a0] t: 75.799979  TARGET:-23 LUFS    M: -18.0 S: -17.1     I: -16.6 LUFS       LRA:   3.1 LU  FTPK:  -4.3 dBFS  TPK:  -1.4 dBFS
[Parsed_ebur128_0 @ 0x146a064a0] t: 75.899979  TARGET:-23 LUFS    M: -16.8 S: -17.0     I: -16.6 LUFS       LRA:   3.1 LU  FTPK:  -1.4 dBFS  TPK:  -1.4 dBFS
[Parsed_ebur128_0 @ 0x146a064a0] t: 75.999979  TARGET:-23 LUFS    M: -15.7 S: -17.1     I: -16.6 LUFS       LRA:   3.1 LU  FTPK:  -3.3 dBFS  TPK:  -1.4 dBFS
[Parsed_ebur128_0 @ 0x146a064a0] t: 76.099979  TARGET:-23 LUFS    M: -16.7 S: -17.0     I: -16.6 LUFS       LRA:   3.1 LU  FTPK:  -8.2 dBFS  TPK:  -1.4 dBFS
[Parsed_ebur128_0 @ 0x146a064a0] t: 76.199979  TARGET:-23 LUFS    M: -18.0 S: -17.4     I: -16.6 LUFS       LRA:   3.1 LU  FTPK: -25.4 dBFS  TPK:  -1.4 dBFS
[Parsed_ebur128_0 @ 0x146a064a0] t: 76.299979  TARGET:-23 LUFS    M: -21.6 S: -17.4     I: -16.6 LUFS       LRA:   3.1 LU  FTPK: -41.5 dBFS  TPK:  -1.4 dBFS
[Parsed_ebur128_0 @ 0x146a064a0] t: 76.399979  TARGET:-23 LUFS    M: -28.8 S: -17.5     I: -16.6 LUFS       LRA:   3.0 LU  FTPK: -50.6 dBFS  TPK:  -1.4 dBFS
[Parsed_ebur128_0 @ 0x146a064a0] t: 76.499979  TARGET:-23 LUFS    M: -28.3 S: -17.7     I: -16.6 LUFS       LRA:   3.0 LU  FTPK:  -9.5 dBFS  TPK:  -1.4 dBFS
[Parsed_ebur128_0 @ 0x146a064a0] t: 76.599979  TARGET:-23 LUFS    M: -19.7 S: -17.5     I: -16.7 LUFS       LRA:   3.0 LU  FTPK:  -1.5 dBFS  TPK:  -1.4 dBFS
[Parsed_ebur128_0 @ 0x146a064a0] t: 76.699979  TARGET:-23 LUFS    M: -18.5 S: -17.5     I: -16.7 LUFS       LRA:   3.0 LU  FTPK:  -7.8 dBFS  TPK:  -1.4 dBFS
[Parsed_ebur128_0 @ 0x146a064a0] t: 76.799979  TARGET:-23 LUFS    M: -16.1 S: -17.2     I: -16.7 LUFS       LRA:   3.0 LU  FTPK:  -1.5 dBFS  TPK:  -1.4 dBFS
[Parsed_ebur128_0 @ 0x146a064a0] t: 76.899979  TARGET:-23 LUFS    M: -15.5 S: -17.0     I: -16.7 LUFS       LRA:   3.0 LU  FTPK:  -3.4 dBFS  TPK:  -1.4 dBFS
[Parsed_ebur128_0 @ 0x146a064a0] t: 76.999979  TARGET:-23 LUFS    M: -16.6 S: -17.0     I: -16.7 LUFS       LRA:   3.0 LU  FTPK:  -9.2 dBFS  TPK:  -1.4 dBFS
[Parsed_ebur128_0 @ 0x146a064a0] t: 77.099979  TARGET:-23 LUFS    M: -16.3 S: -16.8     I: -16.6 LUFS       LRA:   3.0 LU  FTPK:  -8.4 dBFS  TPK:  -1.4 dBFS
[Parsed_ebur128_0 @ 0x146a064a0] t: 77.199979  TARGET:-23 LUFS    M: -17.7 S: -16.7     I: -16.7 LUFS       LRA:   3.0 LU  FTPK:  -7.4 dBFS  TPK:  -1.4 dBFS
[Parsed_ebur128_0 @ 0x146a064a0] t: 77.299979  TARGET:-23 LUFS    M: -14.9 S: -16.2     I: -16.6 LUFS       LRA:   3.0 LU  FTPK:  -1.5 dBFS  TPK:  -1.4 dBFS
[Parsed_ebur128_0 @ 0x146a064a0] t: 77.399979  TARGET:-23 LUFS    M: -14.5 S: -16.0     I: -16.6 LUFS       LRA:   3.0 LU  FTPK:  -3.4 dBFS  TPK:  -1.4 dBFS
[Parsed_ebur128_0 @ 0x146a064a0] t: 77.499979  TARGET:-23 LUFS    M: -13.2 S: -15.7     I: -16.6 LUFS       LRA:   3.0 LU  FTPK:  -1.5 dBFS  TPK:  -1.4 dBFS
[Parsed_ebur128_0 @ 0x146a064a0] t: 77.599979  TARGET:-23 LUFS    M: -13.4 S: -15.7     I: -16.6 LUFS       LRA:   3.0 LU  FTPK:  -6.8 dBFS  TPK:  -1.4 dBFS
[Parsed_ebur128_0 @ 0x146a064a0] t: 77.699979  TARGET:-23 LUFS    M: -15.6 S: -15.8     I: -16.6 LUFS       LRA:   3.0 LU  FTPK:  -5.8 dBFS  TPK:  -1.4 dBFS
[Parsed_ebur128_0 @ 0x146a064a0] t: 77.799979  TARGET:-23 LUFS    M: -16.6 S: -16.3     I: -16.6 LUFS       LRA:   3.0 LU  FTPK: -13.6 dBFS  TPK:  -1.4 dBFS
[Parsed_ebur128_0 @ 0x146a064a0] t: 77.899979  TARGET:-23 LUFS    M: -23.6 S: -16.5     I: -16.6 LUFS       LRA:   3.0 LU  FTPK: -42.5 dBFS  TPK:  -1.4 dBFS
[Parsed_ebur128_0 @ 0x146a064a0] t: 77.999979  TARGET:-23 LUFS    M: -24.8 S: -16.8     I: -16.6 LUFS       LRA:   3.0 LU  FTPK: -14.7 dBFS  TPK:  -1.4 dBFS
[Parsed_ebur128_0 @ 0x146a064a0] t: 78.099979  TARGET:-23 LUFS    M: -21.9 S: -16.8     I: -16.6 LUFS       LRA:   3.0 LU  FTPK:  -3.9 dBFS  TPK:  -1.4 dBFS
[Parsed_ebur128_0 @ 0x146a064a0] t: 78.199979  TARGET:-23 LUFS    M: -17.6 S: -16.7     I: -16.6 LUFS       LRA:   3.0 LU  FTPK:  -1.5 dBFS  TPK:  -1.4 dBFS
[Parsed_ebur128_0 @ 0x146a064a0] t: 78.299979  TARGET:-23 LUFS    M: -17.0 S: -16.9     I: -16.6 LUFS       LRA:   3.0 LU  FTPK:  -4.8 dBFS  TPK:  -1.4 dBFS
[Parsed_ebur128_0 @ 0x146a064a0] t: 78.399979  TARGET:-23 LUFS    M: -16.3 S: -17.1     I: -16.6 LUFS       LRA:   3.0 LU  FTPK:  -5.2 dBFS  TPK:  -1.4 dBFS
[Parsed_ebur128_0 @ 0x146a064a0] t: 78.499979  TARGET:-23 LUFS    M: -15.6 S: -16.9     I: -16.6 LUFS       LRA:   3.0 LU  FTPK:  -5.6 dBFS  TPK:  -1.4 dBFS
[Parsed_ebur128_0 @ 0x146a064a0] t: 78.599979  TARGET:-23 LUFS    M: -15.4 S: -16.6     I: -16.6 LUFS       LRA:   3.0 LU  FTPK:  -1.5 dBFS  TPK:  -1.4 dBFS
[Parsed_ebur128_0 @ 0x146a064a0] t: 78.699979  TARGET:-23 LUFS    M: -15.0 S: -16.6     I: -16.6 LUFS       LRA:   3.0 LU  FTPK:  -3.9 dBFS  TPK:  -1.4 dBFS
[Parsed_ebur128_0 @ 0x146a064a0] t: 78.799979  TARGET:-23 LUFS    M: -15.5 S: -16.8     I: -16.6 LUFS       LRA:   3.0 LU  FTPK: -20.6 dBFS  TPK:  -1.4 dBFS
[Parsed_ebur128_0 @ 0x146a064a0] t: 78.899979  TARGET:-23 LUFS    M: -17.3 S: -17.0     I: -16.6 LUFS       LRA:   3.0 LU  FTPK: -52.3 dBFS  TPK:  -1.4 dBFS
[Parsed_ebur128_0 @ 0x146a064a0] t: 78.999979  TARGET:-23 LUFS    M: -21.3 S: -17.1     I: -16.6 LUFS       LRA:   3.0 LU  FTPK:  -2.9 dBFS  TPK:  -1.4 dBFS
[Parsed_ebur128_0 @ 0x146a064a0] t: 79.099979  TARGET:-23 LUFS    M: -19.4 S: -16.9     I: -16.6 LUFS       LRA:   3.0 LU  FTPK:  -3.6 dBFS  TPK:  -1.4 dBFS
[Parsed_ebur128_0 @ 0x146a064a0] t: 79.199979  TARGET:-23 LUFS    M: -18.8 S: -16.8     I: -16.6 LUFS       LRA:   3.0 LU  FTPK:  -4.4 dBFS  TPK:  -1.4 dBFS
[Parsed_ebur128_0 @ 0x146a064a0] t: 79.299979  TARGET:-23 LUFS    M: -15.9 S: -16.5     I: -16.6 LUFS       LRA:   3.0 LU  FTPK:  -2.0 dBFS  TPK:  -1.4 dBFS
[Parsed_ebur128_0 @ 0x146a064a0] t: 79.399979  TARGET:-23 LUFS    M: -14.5 S: -16.2     I: -16.6 LUFS       LRA:   3.0 LU  FTPK:  -1.6 dBFS  TPK:  -1.4 dBFS
[Parsed_ebur128_0 @ 0x146a064a0] t: 79.499979  TARGET:-23 LUFS    M: -14.5 S: -16.0     I: -16.6 LUFS       LRA:   3.0 LU  FTPK:  -3.2 dBFS  TPK:  -1.4 dBFS
[Parsed_ebur128_0 @ 0x146a064a0] t: 79.599979  TARGET:-23 LUFS    M: -12.9 S: -15.8     I: -16.6 LUFS       LRA:   3.0 LU  FTPK:  -1.4 dBFS  TPK:  -1.4 dBFS
[Parsed_ebur128_0 @ 0x146a064a0] t: 79.699979  TARGET:-23 LUFS    M: -13.3 S: -15.7     I: -16.6 LUFS       LRA:   3.0 LU  FTPK:  -1.5 dBFS  TPK:  -1.4 dBFS
[Parsed_ebur128_0 @ 0x146a064a0] t: 79.799979  TARGET:-23 LUFS    M: -13.0 S: -15.6     I: -16.6 LUFS       LRA:   3.0 LU  FTPK:  -1.5 dBFS  TPK:  -1.4 dBFS
[Parsed_ebur128_0 @ 0x146a064a0] t: 79.899979  TARGET:-23 LUFS    M: -13.3 S: -15.6     I: -16.6 LUFS       LRA:   3.0 LU  FTPK:  -2.7 dBFS  TPK:  -1.4 dBFS
[Parsed_ebur128_0 @ 0x146a064a0] t: 79.999979  TARGET:-23 LUFS    M: -15.4 S: -15.7     I: -16.6 LUFS       LRA:   3.0 LU  FTPK: -17.4 dBFS  TPK:  -1.4 dBFS
[Parsed_ebur128_0 @ 0x146a064a0] t: 80.099979  TARGET:-23 LUFS    M: -16.8 S: -15.8     I: -16.6 LUFS       LRA:   3.0 LU  FTPK: -51.5 dBFS  TPK:  -1.4 dBFS
[Parsed_ebur128_0 @ 0x146a064a0] t: 80.199979  TARGET:-23 LUFS    M: -22.3 S: -15.9     I: -16.6 LUFS       LRA:   3.0 LU  FTPK:  -4.7 dBFS  TPK:  -1.4 dBFS
[Parsed_ebur128_0 @ 0x146a064a0] t: 80.299979  TARGET:-23 LUFS    M: -20.7 S: -16.2     I: -16.6 LUFS       LRA:   3.0 LU  FTPK:  -1.6 dBFS  TPK:  -1.4 dBFS
[Parsed_ebur128_0 @ 0x146a064a0] t: 80.399979  TARGET:-23 LUFS    M: -17.0 S: -16.0     I: -16.6 LUFS       LRA:   2.9 LU  FTPK:  -5.0 dBFS  TPK:  -1.4 dBFS
[Parsed_ebur128_0 @ 0x146a064a0] t: 80.499979  TARGET:-23 LUFS    M: -16.0 S: -16.3     I: -16.6 LUFS       LRA:   2.9 LU  FTPK:  -1.5 dBFS  TPK:  -1.4 dBFS
[Parsed_ebur128_0 @ 0x146a064a0] t: 80.599979  TARGET:-23 LUFS    M: -15.3 S: -16.2     I: -16.6 LUFS       LRA:   2.9 LU  FTPK:  -2.9 dBFS  TPK:  -1.4 dBFS
[Parsed_ebur128_0 @ 0x146a064a0] t: 80.699979  TARGET:-23 LUFS    M: -15.4 S: -16.1     I: -16.6 LUFS       LRA:   2.9 LU  FTPK:  -3.8 dBFS  TPK:  -1.4 dBFS
[Parsed_ebur128_0 @ 0x146a064a0] t: 80.799979  TARGET:-23 LUFS    M: -16.8 S: -16.1     I: -16.6 LUFS       LRA:   2.9 LU  FTPK:  -3.6 dBFS  TPK:  -1.4 dBFS
[Parsed_ebur128_0 @ 0x146a064a0] t: 80.899979  TARGET:-23 LUFS    M: -17.9 S: -16.0     I: -16.6 LUFS       LRA:   2.9 LU  FTPK:  -8.2 dBFS  TPK:  -1.4 dBFS
[Parsed_ebur128_0 @ 0x146a064a0] t: 80.999979  TARGET:-23 LUFS    M: -18.8 S: -16.0     I: -16.6 LUFS       LRA:   2.9 LU  FTPK:  -8.8 dBFS  TPK:  -1.4 dBFS
[Parsed_ebur128_0 @ 0x146a064a0] t: 81.099979  TARGET:-23 LUFS    M: -20.7 S: -16.1     I: -16.6 LUFS       LRA:   2.9 LU  FTPK:  -8.6 dBFS  TPK:  -1.4 dBFS
[Parsed_ebur128_0 @ 0x146a064a0] t: 81.199979  TARGET:-23 LUFS    M: -23.0 S: -16.4     I: -16.6 LUFS       LRA:   2.9 LU  FTPK: -36.8 dBFS  TPK:  -1.4 dBFS
[Parsed_ebur128_0 @ 0x146a064a0] t: 81.299979  TARGET:-23 LUFS    M: -23.5 S: -16.4     I: -16.6 LUFS       LRA:   2.9 LU  FTPK: -19.5 dBFS  TPK:  -1.4 dBFS
[Parsed_ebur128_0 @ 0x146a064a0] t: 81.399979  TARGET:-23 LUFS    M: -22.0 S: -16.4     I: -16.6 LUFS       LRA:   2.9 LU  FTPK:  -2.1 dBFS  TPK:  -1.4 dBFS
[Parsed_ebur128_0 @ 0x146a064a0] t: 81.499979  TARGET:-23 LUFS    M: -19.5 S: -16.5     I: -16.6 LUFS       LRA:   2.9 LU  FTPK:  -1.5 dBFS  TPK:  -1.4 dBFS
[Parsed_ebur128_0 @ 0x146a064a0] t: 81.599979  TARGET:-23 LUFS    M: -17.2 S: -16.6     I: -16.6 LUFS       LRA:   2.9 LU  FTPK:  -1.5 dBFS  TPK:  -1.4 dBFS
[Parsed_ebur128_0 @ 0x146a064a0] t: 81.699979  TARGET:-23 LUFS    M: -15.8 S: -16.6     I: -16.6 LUFS       LRA:   2.9 LU  FTPK:  -7.1 dBFS  TPK:  -1.4 dBFS
[Parsed_ebur128_0 @ 0x146a064a0] t: 81.799979  TARGET:-23 LUFS    M: -15.3 S: -16.4     I: -16.6 LUFS       LRA:   2.9 LU  FTPK:  -5.5 dBFS  TPK:  -1.4 dBFS
[Parsed_ebur128_0 @ 0x146a064a0] t: 81.899979  TARGET:-23 LUFS    M: -14.9 S: -16.1     I: -16.6 LUFS       LRA:   2.9 LU  FTPK:  -1.5 dBFS  TPK:  -1.4 dBFS
[Parsed_ebur128_0 @ 0x146a064a0] t: 81.999979  TARGET:-23 LUFS    M: -15.4 S: -16.1     I: -16.6 LUFS       LRA:   2.9 LU  FTPK:  -4.0 dBFS  TPK:  -1.4 dBFS
[Parsed_ebur128_0 @ 0x146a064a0] t: 82.099979  TARGET:-23 LUFS    M: -16.2 S: -16.2     I: -16.6 LUFS       LRA:   2.9 LU  FTPK:  -7.3 dBFS  TPK:  -1.4 dBFS
[Parsed_ebur128_0 @ 0x146a064a0] t: 82.199979  TARGET:-23 LUFS    M: -17.4 S: -16.3     I: -16.6 LUFS       LRA:   2.9 LU  FTPK: -13.2 dBFS  TPK:  -1.4 dBFS
[Parsed_ebur128_0 @ 0x146a064a0] t: 82.299979  TARGET:-23 LUFS    M: -20.1 S: -16.5     I: -16.6 LUFS       LRA:   2.9 LU  FTPK:  -8.4 dBFS  TPK:  -1.4 dBFS
[Parsed_ebur128_0 @ 0x146a064a0] t: 82.399979  TARGET:-23 LUFS    M: -20.3 S: -16.7     I: -16.6 LUFS       LRA:   2.9 LU  FTPK:  -6.2 dBFS  TPK:  -1.4 dBFS
[Parsed_ebur128_0 @ 0x146a064a0] t: 82.499979  TARGET:-23 LUFS    M: -17.9 S: -16.7     I: -16.6 LUFS       LRA:   2.9 LU  FTPK:  -1.5 dBFS  TPK:  -1.4 dBFS
[Parsed_ebur128_0 @ 0x146a064a0] t: 82.599979  TARGET:-23 LUFS    M: -17.4 S: -17.2     I: -16.6 LUFS       LRA:   2.9 LU  FTPK:  -5.2 dBFS  TPK:  -1.4 dBFS
[Parsed_ebur128_0 @ 0x146a064a0] t: 82.699979  TARGET:-23 LUFS    M: -15.9 S: -17.1     I: -16.6 LUFS       LRA:   2.9 LU  FTPK:  -1.5 dBFS  TPK:  -1.4 dBFS
[Parsed_ebur128_0 @ 0x146a064a0] t: 82.799979  TARGET:-23 LUFS    M: -16.1 S: -17.5     I: -16.6 LUFS       LRA:   2.9 LU  FTPK:  -5.8 dBFS  TPK:  -1.4 dBFS
[Parsed_ebur128_0 @ 0x146a064a0] t: 82.899979  TARGET:-23 LUFS    M: -17.9 S: -17.7     I: -16.6 LUFS       LRA:   2.9 LU  FTPK:  -5.3 dBFS  TPK:  -1.4 dBFS
[Parsed_ebur128_0 @ 0x146a064a0] t: 82.999979  TARGET:-23 LUFS    M: -16.4 S: -17.3     I: -16.6 LUFS       LRA:   2.9 LU  FTPK:  -2.3 dBFS  TPK:  -1.4 dBFS
[Parsed_ebur128_0 @ 0x146a064a0] t: 83.099979  TARGET:-23 LUFS    M: -17.3 S: -17.2     I: -16.6 LUFS       LRA:   2.9 LU  FTPK:  -4.5 dBFS  TPK:  -1.4 dBFS
[Parsed_ebur128_0 @ 0x146a064a0] t: 83.199979  TARGET:-23 LUFS    M: -16.3 S: -17.0     I: -16.6 LUFS       LRA:   2.9 LU  FTPK:  -5.8 dBFS  TPK:  -1.4 dBFS
[Parsed_ebur128_0 @ 0x146a064a0] t: 83.299979  TARGET:-23 LUFS    M: -15.7 S: -17.1     I: -16.6 LUFS       LRA:   2.9 LU  FTPK:  -3.9 dBFS  TPK:  -1.4 dBFS
[Parsed_ebur128_0 @ 0x146a064a0] t: 83.399979  TARGET:-23 LUFS    M: -17.0 S: -17.3     I: -16.6 LUFS       LRA:   2.9 LU  FTPK:  -1.5 dBFS  TPK:  -1.4 dBFS
[Parsed_ebur128_0 @ 0x146a064a0] t: 83.499979  TARGET:-23 LUFS    M: -17.7 S: -17.4     I: -16.6 LUFS       LRA:   2.9 LU  FTPK:  -1.7 dBFS  TPK:  -1.4 dBFS
[Parsed_ebur128_0 @ 0x146a064a0] t: 83.599979  TARGET:-23 LUFS    M: -18.3 S: -17.4     I: -16.6 LUFS       LRA:   2.9 LU  FTPK:  -6.5 dBFS  TPK:  -1.4 dBFS
[Parsed_ebur128_0 @ 0x146a064a0] t: 83.699979  TARGET:-23 LUFS    M: -19.0 S: -17.6     I: -16.6 LUFS       LRA:   2.9 LU  FTPK:  -8.7 dBFS  TPK:  -1.4 dBFS
[Parsed_ebur128_0 @ 0x146a064a0] t: 83.799979  TARGET:-23 LUFS    M: -19.4 S: -17.6     I: -16.6 LUFS       LRA:   2.9 LU  FTPK:  -6.7 dBFS  TPK:  -1.4 dBFS
[Parsed_ebur128_0 @ 0x146a064a0] t: 83.899979  TARGET:-23 LUFS    M: -20.3 S: -17.6     I: -16.6 LUFS       LRA:   2.9 LU  FTPK: -18.1 dBFS  TPK:  -1.4 dBFS
[Parsed_ebur128_0 @ 0x146a064a0] t: 83.999979  TARGET:-23 LUFS    M: -22.8 S: -17.7     I: -16.6 LUFS       LRA:   2.9 LU  FTPK: -14.5 dBFS  TPK:  -1.4 dBFS
[Parsed_ebur128_0 @ 0x146a064a0] t: 84.099979  TARGET:-23 LUFS    M: -25.4 S: -17.8     I: -16.6 LUFS       LRA:   2.9 LU  FTPK: -28.0 dBFS  TPK:  -1.4 dBFS
[Parsed_ebur128_0 @ 0x146a064a0] t: 84.199979  TARGET:-23 LUFS    M: -30.2 S: -17.8     I: -16.6 LUFS       LRA:   2.9 LU  FTPK: -49.6 dBFS  TPK:  -1.4 dBFS
[Parsed_ebur128_0 @ 0x146a064a0] t: 84.299979  TARGET:-23 LUFS    M: -31.2 S: -17.8     I: -16.7 LUFS       LRA:   2.9 LU  FTPK: -48.1 dBFS  TPK:  -1.4 dBFS
[Parsed_ebur128_0 @ 0x146a064a0] t: 84.399979  TARGET:-23 LUFS    M: -49.3 S: -17.9     I: -16.7 LUFS       LRA:   2.9 LU  FTPK: -49.3 dBFS  TPK:  -1.4 dBFS
[Parsed_ebur128_0 @ 0x146a064a0] t: 84.499979  TARGET:-23 LUFS    M: -66.2 S: -18.2     I: -16.7 LUFS       LRA:   2.9 LU  FTPK:  -inf dBFS  TPK:  -1.4 dBFS
[Parsed_ebur128_0 @ 0x146a064a0] t: 84.599979  TARGET:-23 LUFS    M: -67.4 S: -18.5     I: -16.7 LUFS       LRA:   2.9 LU  FTPK:  -inf dBFS  TPK:  -1.4 dBFS
[Parsed_ebur128_0 @ 0x146a064a0] t: 84.699979  TARGET:-23 LUFS    M: -60.9 S: -18.8     I: -16.7 LUFS       LRA:   2.9 LU  FTPK: -35.1 dBFS  TPK:  -1.4 dBFS
[Parsed_ebur128_0 @ 0x146a064a0] t: 84.799979  TARGET:-23 LUFS    M: -20.1 S: -18.7     I: -16.7 LUFS       LRA:   2.9 LU  FTPK:  -1.5 dBFS  TPK:  -1.4 dBFS
[Parsed_ebur128_0 @ 0x146a064a0] t: 84.899979  TARGET:-23 LUFS    M: -19.0 S: -19.0     I: -16.7 LUFS       LRA:   2.9 LU  FTPK:  -1.5 dBFS  TPK:  -1.4 dBFS
[Parsed_ebur128_0 @ 0x146a064a0] t: 84.999979  TARGET:-23 LUFS    M: -16.4 S: -18.8     I: -16.7 LUFS       LRA:   2.9 LU  FTPK:  -3.4 dBFS  TPK:  -1.4 dBFS
[Parsed_ebur128_0 @ 0x146a064a0] t: 85.099979  TARGET:-23 LUFS    M: -14.7 S: -18.4     I: -16.7 LUFS       LRA:   2.9 LU  FTPK:  -3.2 dBFS  TPK:  -1.4 dBFS
[Parsed_ebur128_0 @ 0x146a064a0] t: 85.199979  TARGET:-23 LUFS    M: -15.4 S: -18.2     I: -16.7 LUFS       LRA:   2.9 LU  FTPK:  -1.5 dBFS  TPK:  -1.4 dBFS
[Parsed_ebur128_0 @ 0x146a064a0] t: 85.299979  TARGET:-23 LUFS    M: -14.2 S: -17.9     I: -16.6 LUFS       LRA:   2.9 LU  FTPK:  -1.5 dBFS  TPK:  -1.4 dBFS
[Parsed_ebur128_0 @ 0x146a064a0] t: 85.399979  TARGET:-23 LUFS    M: -14.6 S: -17.8     I: -16.6 LUFS       LRA:   2.9 LU  FTPK:  -1.5 dBFS  TPK:  -1.4 dBFS
[Parsed_ebur128_0 @ 0x146a064a0] t: 85.499979  TARGET:-23 LUFS    M: -15.1 S: -17.8     I: -16.6 LUFS       LRA:   2.9 LU  FTPK:  -6.1 dBFS  TPK:  -1.4 dBFS
[Parsed_ebur128_0 @ 0x146a064a0] t: 85.599979  TARGET:-23 LUFS    M: -13.9 S: -17.4     I: -16.6 LUFS       LRA:   2.9 LU  FTPK:  -1.5 dBFS  TPK:  -1.4 dBFS
[Parsed_ebur128_0 @ 0x146a064a0] t: 85.699979  TARGET:-23 LUFS    M: -14.6 S: -17.6     I: -16.6 LUFS       LRA:   2.9 LU  FTPK:  -7.0 dBFS  TPK:  -1.4 dBFS
[Parsed_ebur128_0 @ 0x146a064a0] t: 85.799979  TARGET:-23 LUFS    M: -14.7 S: -17.4     I: -16.6 LUFS       LRA:   2.9 LU  FTPK:  -4.9 dBFS  TPK:  -1.4 dBFS
[Parsed_ebur128_0 @ 0x146a064a0] t: 85.899979  TARGET:-23 LUFS    M: -15.1 S: -17.3     I: -16.6 LUFS       LRA:   2.9 LU  FTPK:  -4.3 dBFS  TPK:  -1.4 dBFS
[Parsed_ebur128_0 @ 0x146a064a0] t: 85.999979  TARGET:-23 LUFS    M: -17.5 S: -17.6     I: -16.6 LUFS       LRA:   2.9 LU  FTPK:  -5.3 dBFS  TPK:  -1.4 dBFS
[Parsed_ebur128_0 @ 0x146a064a0] t: 86.099979  TARGET:-23 LUFS    M: -17.8 S: -17.6     I: -16.6 LUFS       LRA:   2.9 LU  FTPK:  -3.7 dBFS  TPK:  -1.4 dBFS
[Parsed_ebur128_0 @ 0x146a064a0] t: 86.199979  TARGET:-23 LUFS    M: -16.8 S: -17.5     I: -16.6 LUFS       LRA:   2.9 LU  FTPK:  -2.5 dBFS  TPK:  -1.4 dBFS
[Parsed_ebur128_0 @ 0x146a064a0] t: 86.299979  TARGET:-23 LUFS    M: -16.2 S: -17.4     I: -16.6 LUFS       LRA:   2.9 LU  FTPK:  -5.8 dBFS  TPK:  -1.4 dBFS
[Parsed_ebur128_0 @ 0x146a064a0] t: 86.399979  TARGET:-23 LUFS    M: -16.2 S: -17.5     I: -16.6 LUFS       LRA:   2.9 LU  FTPK:  -6.8 dBFS  TPK:  -1.4 dBFS
[Parsed_ebur128_0 @ 0x146a064a0] t: 86.499979  TARGET:-23 LUFS    M: -17.0 S: -17.6     I: -16.6 LUFS       LRA:   2.9 LU  FTPK: -16.3 dBFS  TPK:  -1.4 dBFS
[Parsed_ebur128_0 @ 0x146a064a0] t: 86.599979  TARGET:-23 LUFS    M: -20.6 S: -17.7     I: -16.6 LUFS       LRA:   2.9 LU  FTPK: -42.6 dBFS  TPK:  -1.4 dBFS
[Parsed_ebur128_0 @ 0x146a064a0] t: 86.699979  TARGET:-23 LUFS    M: -26.6 S: -17.8     I: -16.6 LUFS       LRA:   2.9 LU  FTPK: -45.3 dBFS  TPK:  -1.4 dBFS
[Parsed_ebur128_0 @ 0x146a064a0] t: 86.799979  TARGET:-23 LUFS    M: -34.2 S: -17.9     I: -16.6 LUFS       LRA:   2.9 LU  FTPK: -43.1 dBFS  TPK:  -1.4 dBFS
[Parsed_ebur128_0 @ 0x146a064a0] t: 86.899979  TARGET:-23 LUFS    M: -23.3 S: -17.7     I: -16.6 LUFS       LRA:   2.9 LU  FTPK:  -1.8 dBFS  TPK:  -1.4 dBFS
[Parsed_ebur128_0 @ 0x146a064a0] t: 86.999979  TARGET:-23 LUFS    M: -21.8 S: -17.7     I: -16.6 LUFS       LRA:   2.9 LU  FTPK:  -3.9 dBFS  TPK:  -1.4 dBFS
[Parsed_ebur128_0 @ 0x146a064a0] t: 87.099979  TARGET:-23 LUFS    M: -17.1 S: -17.3     I: -16.6 LUFS       LRA:   2.9 LU  FTPK:  -1.5 dBFS  TPK:  -1.4 dBFS
[Parsed_ebur128_0 @ 0x146a064a0] t: 87.199979  TARGET:-23 LUFS    M: -14.2 S: -16.7     I: -16.6 LUFS       LRA:   2.9 LU  FTPK:  -1.6 dBFS  TPK:  -1.4 dBFS
[Parsed_ebur128_0 @ 0x146a064a0] t: 87.299979  TARGET:-23 LUFS    M: -14.5 S: -16.7     I: -16.6 LUFS       LRA:   2.9 LU  FTPK:  -6.9 dBFS  TPK:  -1.4 dBFS
[Parsed_ebur128_0 @ 0x146a064a0] t: 87.399979  TARGET:-23 LUFS    M: -12.4 S: -16.1     I: -16.6 LUFS       LRA:   2.9 LU  FTPK:  -1.6 dBFS  TPK:  -1.4 dBFS
[Parsed_ebur128_0 @ 0x146a064a0] t: 87.499979  TARGET:-23 LUFS    M: -11.8 S: -15.6     I: -16.6 LUFS       LRA:   2.9 LU  FTPK:  -1.5 dBFS  TPK:  -1.4 dBFS
[Parsed_ebur128_0 @ 0x146a064a0] t: 87.599979  TARGET:-23 LUFS    M: -12.6 S: -15.4     I: -16.6 LUFS       LRA:   2.9 LU  FTPK:  -1.5 dBFS  TPK:  -1.4 dBFS
[Parsed_ebur128_0 @ 0x146a064a0] t: 87.699979  TARGET:-23 LUFS    M: -11.2 S: -15.0     I: -16.6 LUFS       LRA:   2.9 LU  FTPK:  -1.5 dBFS  TPK:  -1.4 dBFS
[Parsed_ebur128_0 @ 0x146a064a0] t: 87.799979  TARGET:-23 LUFS    M: -12.2 S: -15.0     I: -16.6 LUFS       LRA:   2.9 LU  FTPK:  -3.6 dBFS  TPK:  -1.4 dBFS
[Parsed_ebur128_0 @ 0x146a064a0] t: 87.899979  TARGET:-23 LUFS    M: -12.5 S: -14.8     I: -16.6 LUFS       LRA:   2.9 LU  FTPK:  -1.4 dBFS  TPK:  -1.4 dBFS
[Parsed_ebur128_0 @ 0x146a064a0] t: 87.999979  TARGET:-23 LUFS    M: -12.4 S: -14.8     I: -16.6 LUFS       LRA:   2.9 LU  FTPK:  -1.5 dBFS  TPK:  -1.4 dBFS
[Parsed_ebur128_0 @ 0x146a064a0] t: 88.099979  TARGET:-23 LUFS    M: -13.3 S: -14.8     I: -16.6 LUFS       LRA:   2.9 LU  FTPK:  -1.5 dBFS  TPK:  -1.4 dBFS
[Parsed_ebur128_0 @ 0x146a064a0] t: 88.199979  TARGET:-23 LUFS    M: -13.9 S: -14.8     I: -16.5 LUFS       LRA:   2.9 LU  FTPK:  -4.8 dBFS  TPK:  -1.4 dBFS
[Parsed_ebur128_0 @ 0x146a064a0] t: 88.299979  TARGET:-23 LUFS    M: -16.2 S: -15.0     I: -16.5 LUFS       LRA:   2.9 LU  FTPK: -26.7 dBFS  TPK:  -1.4 dBFS
[Parsed_ebur128_0 @ 0x146a064a0] t: 88.399979  TARGET:-23 LUFS    M: -18.7 S: -15.2     I: -16.6 LUFS       LRA:   2.9 LU  FTPK: -46.1 dBFS  TPK:  -1.4 dBFS
[Parsed_ebur128_0 @ 0x146a064a0] t: 88.499979  TARGET:-23 LUFS    M: -28.4 S: -15.3     I: -16.6 LUFS       LRA:   2.9 LU  FTPK: -54.5 dBFS  TPK:  -1.4 dBFS
[Parsed_ebur128_0 @ 0x146a064a0] t: 88.599979  TARGET:-23 LUFS    M: -27.8 S: -15.6     I: -16.6 LUFS       LRA:   3.0 LU  FTPK:  -6.1 dBFS  TPK:  -1.4 dBFS
[Parsed_ebur128_0 @ 0x146a064a0] t: 88.699979  TARGET:-23 LUFS    M: -22.1 S: -15.6     I: -16.6 LUFS       LRA:   3.0 LU  FTPK:  -4.3 dBFS  TPK:  -1.4 dBFS
[Parsed_ebur128_0 @ 0x146a064a0] t: 88.799979  TARGET:-23 LUFS    M: -18.4 S: -15.6     I: -16.6 LUFS       LRA:   3.0 LU  FTPK:  -1.5 dBFS  TPK:  -1.4 dBFS
[Parsed_ebur128_0 @ 0x146a064a0] t: 88.899979  TARGET:-23 LUFS    M: -17.0 S: -15.5     I: -16.6 LUFS       LRA:   3.0 LU  FTPK:  -1.5 dBFS  TPK:  -1.4 dBFS
[Parsed_ebur128_0 @ 0x146a064a0] t: 88.999979  TARGET:-23 LUFS    M: -16.1 S: -15.4     I: -16.6 LUFS       LRA:   3.0 LU  FTPK:  -3.4 dBFS  TPK:  -1.4 dBFS
[Parsed_ebur128_0 @ 0x146a064a0] t: 89.099979  TARGET:-23 LUFS    M: -16.0 S: -15.4     I: -16.6 LUFS       LRA:   3.0 LU  FTPK:  -1.9 dBFS  TPK:  -1.4 dBFS
[Parsed_ebur128_0 @ 0x146a064a0] t: 89.199979  TARGET:-23 LUFS    M: -16.7 S: -15.5     I: -16.6 LUFS       LRA:   3.0 LU  FTPK:  -1.9 dBFS  TPK:  -1.4 dBFS
[Parsed_ebur128_0 @ 0x146a064a0] t: 89.299979  TARGET:-23 LUFS    M: -18.0 S: -15.7     I: -16.6 LUFS       LRA:   3.0 LU  FTPK: -23.0 dBFS  TPK:  -1.4 dBFS
[Parsed_ebur128_0 @ 0x146a064a0] t: 89.399979  TARGET:-23 LUFS    M: -20.2 S: -15.7     I: -16.6 LUFS       LRA:   3.0 LU  FTPK: -47.8 dBFS  TPK:  -1.4 dBFS
[Parsed_ebur128_0 @ 0x146a064a0] t: 89.499979  TARGET:-23 LUFS    M: -23.5 S: -15.7     I: -16.6 LUFS       LRA:   3.0 LU  FTPK: -60.3 dBFS  TPK:  -1.4 dBFS
[Parsed_ebur128_0 @ 0x146a064a0] t: 89.599979  TARGET:-23 LUFS    M: -32.6 S: -15.7     I: -16.6 LUFS       LRA:   3.0 LU  FTPK:  -7.6 dBFS  TPK:  -1.4 dBFS
[Parsed_ebur128_0 @ 0x146a064a0] t: 89.699979  TARGET:-23 LUFS    M: -18.0 S: -15.4     I: -16.6 LUFS       LRA:   3.0 LU  FTPK:  -2.9 dBFS  TPK:  -1.4 dBFS
[Parsed_ebur128_0 @ 0x146a064a0] t: 89.799979  TARGET:-23 LUFS    M: -17.9 S: -15.4     I: -16.6 LUFS       LRA:   3.0 LU  FTPK: -13.3 dBFS  TPK:  -1.4 dBFS
[Parsed_ebur128_0 @ 0x146a064a0] t: 89.899979  TARGET:-23 LUFS    M: -15.3 S: -15.2     I: -16.6 LUFS       LRA:   3.0 LU  FTPK:  -1.5 dBFS  TPK:  -1.4 dBFS
[Parsed_ebur128_0 @ 0x146a064a0] t: 89.999979  TARGET:-23 LUFS    M: -14.1 S: -15.1     I: -16.6 LUFS       LRA:   3.0 LU  FTPK:  -3.7 dBFS  TPK:  -1.4 dBFS
[Parsed_ebur128_0 @ 0x146a064a0] t: 90.099979  TARGET:-23 LUFS    M: -14.7 S: -15.1     I: -16.6 LUFS       LRA:   3.0 LU  FTPK:  -6.8 dBFS  TPK:  -1.4 dBFS
[Parsed_ebur128_0 @ 0x146a064a0] t: 90.199979  TARGET:-23 LUFS    M: -14.1 S: -15.4     I: -16.6 LUFS       LRA:   3.1 LU  FTPK:  -3.0 dBFS  TPK:  -1.4 dBFS
[Parsed_ebur128_0 @ 0x146a064a0] t: 90.299979  TARGET:-23 LUFS    M: -15.8 S: -15.4     I: -16.6 LUFS       LRA:   3.1 LU  FTPK:  -7.7 dBFS  TPK:  -1.4 dBFS
[Parsed_ebur128_0 @ 0x146a064a0] t: 90.399979  TARGET:-23 LUFS    M: -16.5 S: -15.8     I: -16.6 LUFS       LRA:   3.1 LU  FTPK:  -1.5 dBFS  TPK:  -1.4 dBFS
[Parsed_ebur128_0 @ 0x146a064a0] t: 90.499979  TARGET:-23 LUFS    M: -15.2 S: -15.8     I: -16.6 LUFS       LRA:   3.1 LU  FTPK:  -2.0 dBFS  TPK:  -1.4 dBFS
[Parsed_ebur128_0 @ 0x146a064a0] t: 90.599979  TARGET:-23 LUFS    M: -15.7 S: -16.0     I: -16.6 LUFS       LRA:   3.1 LU  FTPK: -11.8 dBFS  TPK:  -1.4 dBFS
[Parsed_ebur128_0 @ 0x146a064a0] t: 90.699979  TARGET:-23 LUFS    M: -14.6 S: -16.3     I: -16.5 LUFS       LRA:   3.1 LU  FTPK:  -4.3 dBFS  TPK:  -1.4 dBFS
[Parsed_ebur128_0 @ 0x146a064a0] t: 90.799979  TARGET:-23 LUFS    M: -14.6 S: -16.4     I: -16.5 LUFS       LRA:   3.1 LU  FTPK:  -6.4 dBFS  TPK:  -1.4 dBFS
[Parsed_ebur128_0 @ 0x146a064a0] t: 90.899979  TARGET:-23 LUFS    M: -15.3 S: -16.5     I: -16.5 LUFS       LRA:   3.1 LU  FTPK:  -1.5 dBFS  TPK:  -1.4 dBFS
[Parsed_ebur128_0 @ 0x146a064a0] t: 90.999979  TARGET:-23 LUFS    M: -14.6 S: -16.5     I: -16.5 LUFS       LRA:   3.1 LU  FTPK:  -1.5 dBFS  TPK:  -1.4 dBFS
[Parsed_ebur128_0 @ 0x146a064a0] t: 91.099979  TARGET:-23 LUFS    M: -15.8 S: -16.9     I: -16.5 LUFS       LRA:   3.1 LU  FTPK: -13.5 dBFS  TPK:  -1.4 dBFS
[Parsed_ebur128_0 @ 0x146a064a0] t: 91.199979  TARGET:-23 LUFS    M: -14.2 S: -16.4     I: -16.5 LUFS       LRA:   3.1 LU  FTPK:  -1.5 dBFS  TPK:  -1.4 dBFS
[Parsed_ebur128_0 @ 0x146a064a0] t: 91.299979  TARGET:-23 LUFS    M: -15.7 S: -16.4     I: -16.5 LUFS       LRA:   3.1 LU  FTPK:  -7.1 dBFS  TPK:  -1.4 dBFS
[Parsed_ebur128_0 @ 0x146a064a0] t: 91.399979  TARGET:-23 LUFS    M: -17.0 S: -16.4     I: -16.5 LUFS       LRA:   3.1 LU  FTPK: -15.0 dBFS  TPK:  -1.4 dBFS
[Parsed_ebur128_0 @ 0x146a064a0] t: 91.499979  TARGET:-23 LUFS    M: -17.0 S: -16.4     I: -16.5 LUFS       LRA:   3.1 LU  FTPK: -38.2 dBFS  TPK:  -1.4 dBFS
[Parsed_ebur128_0 @ 0x146a064a0] t: 91.599979  TARGET:-23 LUFS    M: -25.8 S: -16.4     I: -16.5 LUFS       LRA:   3.1 LU  FTPK: -42.9 dBFS  TPK:  -1.4 dBFS
[Parsed_ebur128_0 @ 0x146a064a0] t: 91.699979  TARGET:-23 LUFS    M: -35.5 S: -16.5     I: -16.5 LUFS       LRA:   3.1 LU  FTPK: -44.4 dBFS  TPK:  -1.4 dBFS
[Parsed_ebur128_0 @ 0x146a064a0] t: 91.799979  TARGET:-23 LUFS    M: -52.5 S: -16.8     I: -16.5 LUFS       LRA:   3.1 LU  FTPK: -44.8 dBFS  TPK:  -1.4 dBFS
[Parsed_ebur128_0 @ 0x146a064a0] t: 91.899979  TARGET:-23 LUFS    M: -28.3 S: -16.9     I: -16.5 LUFS       LRA:   3.1 LU  FTPK:  -4.4 dBFS  TPK:  -1.4 dBFS
[Parsed_ebur128_0 @ 0x146a064a0] t: 91.999979  TARGET:-23 LUFS    M: -19.1 S: -16.7     I: -16.5 LUFS       LRA:   3.1 LU  FTPK:  -1.5 dBFS  TPK:  -1.4 dBFS
[Parsed_ebur128_0 @ 0x146a064a0] t: 92.099979  TARGET:-23 LUFS    M: -16.5 S: -16.6     I: -16.5 LUFS       LRA:   3.1 LU  FTPK:  -3.4 dBFS  TPK:  -1.4 dBFS
[Parsed_ebur128_0 @ 0x146a064a0] t: 92.199979  TARGET:-23 LUFS    M: -16.0 S: -16.6     I: -16.5 LUFS       LRA:   3.1 LU  FTPK:  -5.8 dBFS  TPK:  -1.4 dBFS
[Parsed_ebur128_0 @ 0x146a064a0] t: 92.299979  TARGET:-23 LUFS    M: -15.9 S: -16.6     I: -16.5 LUFS       LRA:   3.1 LU  FTPK:  -7.8 dBFS  TPK:  -1.4 dBFS
[Parsed_ebur128_0 @ 0x146a064a0] t: 92.399979  TARGET:-23 LUFS    M: -18.2 S: -16.6     I: -16.5 LUFS       LRA:   3.0 LU  FTPK: -16.6 dBFS  TPK:  -1.4 dBFS
[Parsed_ebur128_0 @ 0x146a064a0] t: 92.499979  TARGET:-23 LUFS    M: -16.1 S: -16.1     I: -16.5 LUFS       LRA:   3.0 LU  FTPK:  -1.5 dBFS  TPK:  -1.4 dBFS
[Parsed_ebur128_0 @ 0x146a064a0] t: 92.599979  TARGET:-23 LUFS    M: -14.6 S: -15.8     I: -16.5 LUFS       LRA:   3.0 LU  FTPK:  -1.9 dBFS  TPK:  -1.4 dBFS
[Parsed_ebur128_0 @ 0x146a064a0] t: 92.699979  TARGET:-23 LUFS    M: -14.8 S: -16.2     I: -16.5 LUFS       LRA:   3.0 LU  FTPK: -17.2 dBFS  TPK:  -1.4 dBFS
[Parsed_ebur128_0 @ 0x146a064a0] t: 92.799979  TARGET:-23 LUFS    M: -13.3 S: -15.9     I: -16.5 LUFS       LRA:   3.0 LU  FTPK:  -1.5 dBFS  TPK:  -1.4 dBFS
[Parsed_ebur128_0 @ 0x146a064a0] t: 92.899979  TARGET:-23 LUFS    M: -14.7 S: -16.0     I: -16.5 LUFS       LRA:   3.0 LU  FTPK:  -1.5 dBFS  TPK:  -1.4 dBFS
[Parsed_ebur128_0 @ 0x146a064a0] t: 92.999979  TARGET:-23 LUFS    M: -15.0 S: -16.0     I: -16.5 LUFS       LRA:   3.0 LU  FTPK:  -1.6 dBFS  TPK:  -1.4 dBFS
[Parsed_ebur128_0 @ 0x146a064a0] t: 93.099979  TARGET:-23 LUFS    M: -14.8 S: -16.2     I: -16.5 LUFS       LRA:   3.0 LU  FTPK:  -7.8 dBFS  TPK:  -1.4 dBFS
[Parsed_ebur128_0 @ 0x146a064a0] t: 93.199979  TARGET:-23 LUFS    M: -17.0 S: -16.3     I: -16.5 LUFS       LRA:   3.0 LU  FTPK: -15.3 dBFS  TPK:  -1.4 dBFS
[Parsed_ebur128_0 @ 0x146a064a0] t: 93.299979  TARGET:-23 LUFS    M: -18.7 S: -16.3     I: -16.5 LUFS       LRA:   3.0 LU  FTPK: -34.8 dBFS  TPK:  -1.4 dBFS
[Parsed_ebur128_0 @ 0x146a064a0] t: 93.399979  TARGET:-23 LUFS    M: -25.7 S: -16.5     I: -16.5 LUFS       LRA:   3.0 LU  FTPK: -47.0 dBFS  TPK:  -1.4 dBFS
[Parsed_ebur128_0 @ 0x146a064a0] t: 93.499979  TARGET:-23 LUFS    M: -35.3 S: -17.0     I: -16.5 LUFS       LRA:   3.0 LU  FTPK: -50.0 dBFS  TPK:  -1.4 dBFS
[Parsed_ebur128_0 @ 0x146a064a0] t: 93.599979  TARGET:-23 LUFS    M: -38.7 S: -17.0     I: -16.5 LUFS       LRA:   3.0 LU  FTPK: -15.8 dBFS  TPK:  -1.4 dBFS
[Parsed_ebur128_0 @ 0x146a064a0] t: 93.699979  TARGET:-23 LUFS    M: -19.3 S: -16.9     I: -16.5 LUFS       LRA:   3.0 LU  FTPK:  -1.5 dBFS  TPK:  -1.4 dBFS
[Parsed_ebur128_0 @ 0x146a064a0] t: 93.799979  TARGET:-23 LUFS    M: -19.2 S: -17.1     I: -16.5 LUFS       LRA:   3.0 LU  FTPK: -16.4 dBFS  TPK:  -1.4 dBFS
[Parsed_ebur128_0 @ 0x146a064a0] t: 93.899979  TARGET:-23 LUFS    M: -16.5 S: -17.2     I: -16.5 LUFS       LRA:   3.0 LU  FTPK:  -3.3 dBFS  TPK:  -1.4 dBFS
[Parsed_ebur128_0 @ 0x146a064a0] t: 93.999979  TARGET:-23 LUFS    M: -15.1 S: -17.1     I: -16.5 LUFS       LRA:   3.0 LU  FTPK:  -5.7 dBFS  TPK:  -1.4 dBFS
[Parsed_ebur128_0 @ 0x146a064a0] t: 94.099979  TARGET:-23 LUFS    M: -16.1 S: -17.0     I: -16.5 LUFS       LRA:   3.0 LU  FTPK:  -2.4 dBFS  TPK:  -1.4 dBFS
[Parsed_ebur128_0 @ 0x146a064a0] t: 94.199979  TARGET:-23 LUFS    M: -15.1 S: -17.3     I: -16.5 LUFS       LRA:   3.0 LU  FTPK:  -3.7 dBFS  TPK:  -1.4 dBFS
[Parsed_ebur128_0 @ 0x146a064a0] t: 94.299979  TARGET:-23 LUFS    M: -16.4 S: -17.3     I: -16.5 LUFS       LRA:   3.0 LU  FTPK:  -9.1 dBFS  TPK:  -1.4 dBFS
[Parsed_ebur128_0 @ 0x146a064a0] t: 94.399979  TARGET:-23 LUFS    M: -18.4 S: -17.3     I: -16.5 LUFS       LRA:   3.0 LU  FTPK: -20.2 dBFS  TPK:  -1.4 dBFS
[Parsed_ebur128_0 @ 0x146a064a0] t: 94.499979  TARGET:-23 LUFS    M: -16.7 S: -16.9     I: -16.5 LUFS       LRA:   3.0 LU  FTPK:  -1.5 dBFS  TPK:  -1.4 dBFS
[Parsed_ebur128_0 @ 0x146a064a0] t: 94.599979  TARGET:-23 LUFS    M: -16.6 S: -16.7     I: -16.5 LUFS       LRA:   3.0 LU  FTPK:  -1.5 dBFS  TPK:  -1.4 dBFS
[Parsed_ebur128_0 @ 0x146a064a0] t: 94.699979  TARGET:-23 LUFS    M: -13.8 S: -16.2     I: -16.5 LUFS       LRA:   3.0 LU  FTPK:  -1.5 dBFS  TPK:  -1.4 dBFS
[Parsed_ebur128_0 @ 0x146a064a0] t: 94.799979  TARGET:-23 LUFS    M: -13.4 S: -16.1     I: -16.5 LUFS       LRA:   3.0 LU  FTPK:  -4.2 dBFS  TPK:  -1.4 dBFS
[Parsed_ebur128_0 @ 0x146a064a0] t: 94.899979  TARGET:-23 LUFS    M: -14.0 S: -16.0     I: -16.5 LUFS       LRA:   3.0 LU  FTPK:  -2.8 dBFS  TPK:  -1.4 dBFS
[Parsed_ebur128_0 @ 0x146a064a0] t: 94.999979  TARGET:-23 LUFS    M: -14.6 S: -16.2     I: -16.5 LUFS       LRA:   3.0 LU  FTPK:  -7.9 dBFS  TPK:  -1.4 dBFS
[Parsed_ebur128_0 @ 0x146a064a0] t: 95.099979  TARGET:-23 LUFS    M: -16.0 S: -16.1     I: -16.5 LUFS       LRA:   3.0 LU  FTPK:  -4.5 dBFS  TPK:  -1.4 dBFS
[Parsed_ebur128_0 @ 0x146a064a0] t: 95.199979  TARGET:-23 LUFS    M: -14.8 S: -15.9     I: -16.5 LUFS       LRA:   3.0 LU  FTPK:  -3.0 dBFS  TPK:  -1.4 dBFS
[Parsed_ebur128_0 @ 0x146a064a0] t: 95.299979  TARGET:-23 LUFS    M: -13.9 S: -15.6     I: -16.5 LUFS       LRA:   3.0 LU  FTPK:  -3.2 dBFS  TPK:  -1.4 dBFS
[Parsed_ebur128_0 @ 0x146a064a0] t: 95.399979  TARGET:-23 LUFS    M: -13.4 S: -15.5     I: -16.5 LUFS       LRA:   3.0 LU  FTPK:  -1.5 dBFS  TPK:  -1.4 dBFS
[Parsed_ebur128_0 @ 0x146a064a0] t: 95.499979  TARGET:-23 LUFS    M: -13.8 S: -15.7     I: -16.5 LUFS       LRA:   3.0 LU  FTPK:  -1.5 dBFS  TPK:  -1.4 dBFS
[Parsed_ebur128_0 @ 0x146a064a0] t: 95.599979  TARGET:-23 LUFS    M: -13.6 S: -15.7     I: -16.5 LUFS       LRA:   3.0 LU  FTPK:  -1.5 dBFS  TPK:  -1.4 dBFS
[Parsed_ebur128_0 @ 0x146a064a0] t: 95.699979  TARGET:-23 LUFS    M: -14.4 S: -15.6     I: -16.5 LUFS       LRA:   3.0 LU  FTPK:  -1.5 dBFS  TPK:  -1.4 dBFS
[Parsed_ebur128_0 @ 0x146a064a0] t: 95.799979  TARGET:-23 LUFS    M: -14.1 S: -15.7     I: -16.5 LUFS       LRA:   3.0 LU  FTPK:  -2.2 dBFS  TPK:  -1.4 dBFS
[Parsed_ebur128_0 @ 0x146a064a0] t: 95.899979  TARGET:-23 LUFS    M: -14.7 S: -15.7     I: -16.5 LUFS       LRA:   3.0 LU  FTPK:  -6.9 dBFS  TPK:  -1.4 dBFS
[Parsed_ebur128_0 @ 0x146a064a0] t: 95.999979  TARGET:-23 LUFS    M: -16.7 S: -16.0     I: -16.5 LUFS       LRA:   3.0 LU  FTPK: -13.3 dBFS  TPK:  -1.4 dBFS
[Parsed_ebur128_0 @ 0x146a064a0] t: 96.099979  TARGET:-23 LUFS    M: -18.7 S: -16.0     I: -16.5 LUFS       LRA:   3.0 LU  FTPK: -31.0 dBFS  TPK:  -1.4 dBFS
[Parsed_ebur128_0 @ 0x146a064a0] t: 96.199979  TARGET:-23 LUFS    M: -24.5 S: -16.0     I: -16.5 LUFS       LRA:   3.0 LU  FTPK: -51.7 dBFS  TPK:  -1.4 dBFS
[Parsed_ebur128_0 @ 0x146a064a0] t: 96.299979  TARGET:-23 LUFS    M: -35.7 S: -16.0     I: -16.5 LUFS       LRA:   3.0 LU  FTPK: -48.6 dBFS  TPK:  -1.4 dBFS
[Parsed_ebur128_0 @ 0x146a064a0] t: 96.399979  TARGET:-23 LUFS    M: -44.2 S: -16.0     I: -16.5 LUFS       LRA:   3.0 LU  FTPK: -21.1 dBFS  TPK:  -1.4 dBFS
[Parsed_ebur128_0 @ 0x146a064a0] t: 96.499979  TARGET:-23 LUFS    M: -20.4 S: -15.8     I: -16.5 LUFS       LRA:   3.0 LU  FTPK:  -1.5 dBFS  TPK:  -1.4 dBFS
[Parsed_ebur128_0 @ 0x146a064a0] t: 96.599979  TARGET:-23 LUFS    M: -16.9 S: -15.6     I: -16.5 LUFS       LRA:   3.0 LU  FTPK:  -1.5 dBFS  TPK:  -1.4 dBFS
[Parsed_ebur128_0 @ 0x146a064a0] t: 96.699979  TARGET:-23 LUFS    M: -16.8 S: -15.8     I: -16.5 LUFS       LRA:   3.0 LU  FTPK: -10.3 dBFS  TPK:  -1.4 dBFS
[Parsed_ebur128_0 @ 0x146a064a0] t: 96.799979  TARGET:-23 LUFS    M: -14.9 S: -15.6     I: -16.5 LUFS       LRA:   3.0 LU  FTPK:  -1.5 dBFS  TPK:  -1.4 dBFS
[Parsed_ebur128_0 @ 0x146a064a0] t: 96.899979  TARGET:-23 LUFS    M: -14.3 S: -15.5     I: -16.5 LUFS       LRA:   3.0 LU  FTPK:  -1.6 dBFS  TPK:  -1.4 dBFS
[Parsed_ebur128_0 @ 0x146a064a0] t: 96.999979  TARGET:-23 LUFS    M: -15.7 S: -15.6     I: -16.5 LUFS       LRA:   3.0 LU  FTPK:  -8.5 dBFS  TPK:  -1.4 dBFS
[Parsed_ebur128_0 @ 0x146a064a0] t: 97.099979  TARGET:-23 LUFS    M: -14.3 S: -15.5     I: -16.5 LUFS       LRA:   3.0 LU  FTPK:  -2.8 dBFS  TPK:  -1.4 dBFS
[Parsed_ebur128_0 @ 0x146a064a0] t: 97.199979  TARGET:-23 LUFS    M: -15.0 S: -15.6     I: -16.5 LUFS       LRA:   3.0 LU  FTPK:  -3.1 dBFS  TPK:  -1.4 dBFS
[Parsed_ebur128_0 @ 0x146a064a0] t: 97.299979  TARGET:-23 LUFS    M: -17.5 S: -15.6     I: -16.5 LUFS       LRA:   3.0 LU  FTPK: -18.2 dBFS  TPK:  -1.4 dBFS
[Parsed_ebur128_0 @ 0x146a064a0] t: 97.399979  TARGET:-23 LUFS    M: -16.2 S: -15.4     I: -16.5 LUFS       LRA:   3.0 LU  FTPK:  -3.9 dBFS  TPK:  -1.4 dBFS
[Parsed_ebur128_0 @ 0x146a064a0] t: 97.499979  TARGET:-23 LUFS    M: -16.6 S: -15.5     I: -16.5 LUFS       LRA:   3.0 LU  FTPK:  -3.9 dBFS  TPK:  -1.4 dBFS
[Parsed_ebur128_0 @ 0x146a064a0] t: 97.599979  TARGET:-23 LUFS    M: -17.9 S: -15.7     I: -16.5 LUFS       LRA:   3.0 LU  FTPK:  -9.1 dBFS  TPK:  -1.4 dBFS
[Parsed_ebur128_0 @ 0x146a064a0] t: 97.699979  TARGET:-23 LUFS    M: -17.7 S: -16.2     I: -16.5 LUFS       LRA:   3.0 LU  FTPK:  -8.3 dBFS  TPK:  -1.4 dBFS
[Parsed_ebur128_0 @ 0x146a064a0] t: 97.799979  TARGET:-23 LUFS    M: -19.9 S: -16.2     I: -16.5 LUFS       LRA:   3.0 LU  FTPK: -14.1 dBFS  TPK:  -1.4 dBFS
[Parsed_ebur128_0 @ 0x146a064a0] t: 97.899979  TARGET:-23 LUFS    M: -19.6 S: -16.2     I: -16.5 LUFS       LRA:   3.0 LU  FTPK:  -1.7 dBFS  TPK:  -1.4 dBFS
[Parsed_ebur128_0 @ 0x146a064a0] t: 97.999979  TARGET:-23 LUFS    M: -18.4 S: -16.1     I: -16.5 LUFS       LRA:   3.0 LU  FTPK:  -2.9 dBFS  TPK:  -1.4 dBFS
[Parsed_ebur128_0 @ 0x146a064a0] t: 98.099979  TARGET:-23 LUFS    M: -17.2 S: -16.3     I: -16.5 LUFS       LRA:   3.0 LU  FTPK:  -4.2 dBFS  TPK:  -1.4 dBFS
[Parsed_ebur128_0 @ 0x146a064a0] t: 98.199979  TARGET:-23 LUFS    M: -16.1 S: -16.4     I: -16.5 LUFS       LRA:   3.0 LU  FTPK:  -5.2 dBFS  TPK:  -1.4 dBFS
[Parsed_ebur128_0 @ 0x146a064a0] t: 98.299979  TARGET:-23 LUFS    M: -17.4 S: -16.7     I: -16.5 LUFS       LRA:   3.0 LU  FTPK:  -5.8 dBFS  TPK:  -1.4 dBFS
[Parsed_ebur128_0 @ 0x146a064a0] t: 98.399979  TARGET:-23 LUFS    M: -17.5 S: -16.9     I: -16.5 LUFS       LRA:   3.0 LU  FTPK:  -6.1 dBFS  TPK:  -1.4 dBFS
[Parsed_ebur128_0 @ 0x146a064a0] t: 98.499979  TARGET:-23 LUFS    M: -19.1 S: -17.1     I: -16.5 LUFS       LRA:   3.0 LU  FTPK: -17.9 dBFS  TPK:  -1.4 dBFS
[Parsed_ebur128_0 @ 0x146a064a0] t: 98.599979  TARGET:-23 LUFS    M: -21.9 S: -17.5     I: -16.5 LUFS       LRA:   3.0 LU  FTPK: -41.4 dBFS  TPK:  -1.4 dBFS
[Parsed_ebur128_0 @ 0x146a064a0] t: 98.699979  TARGET:-23 LUFS    M: -24.4 S: -17.7     I: -16.5 LUFS       LRA:   3.0 LU  FTPK: -47.9 dBFS  TPK:  -1.4 dBFS
[Parsed_ebur128_0 @ 0x146a064a0] t: 98.799979  TARGET:-23 LUFS    M: -38.2 S: -18.1     I: -16.5 LUFS       LRA:   3.0 LU  FTPK: -47.2 dBFS  TPK:  -1.4 dBFS
[Parsed_ebur128_0 @ 0x146a064a0] t: 98.899979  TARGET:-23 LUFS    M: -63.8 S: -18.2     I: -16.5 LUFS       LRA:   3.0 LU  FTPK:  -inf dBFS  TPK:  -1.4 dBFS
[Parsed_ebur128_0 @ 0x146a064a0] t: 98.999979  TARGET:-23 LUFS    M: -70.8 S: -18.2     I: -16.5 LUFS       LRA:   3.0 LU  FTPK:  -inf dBFS  TPK:  -1.4 dBFS
[Parsed_ebur128_0 @ 0x146a064a0] t: 99.099979  TARGET:-23 LUFS    M: -35.5 S: -18.2     I: -16.5 LUFS       LRA:   3.0 LU  FTPK: -13.5 dBFS  TPK:  -1.4 dBFS
[Parsed_ebur128_0 @ 0x146a064a0] t: 99.199979  TARGET:-23 LUFS    M: -22.0 S: -18.0     I: -16.5 LUFS       LRA:   3.0 LU  FTPK:  -1.5 dBFS  TPK:  -1.4 dBFS
[Parsed_ebur128_0 @ 0x146a064a0] t: 99.299979  TARGET:-23 LUFS    M: -20.1 S: -17.9     I: -16.5 LUFS       LRA:   3.0 LU  FTPK:  -4.4 dBFS  TPK:  -1.4 dBFS
[Parsed_ebur128_0 @ 0x146a064a0] t: 99.399979  TARGET:-23 LUFS    M: -20.0 S: -17.9     I: -16.5 LUFS       LRA:   3.0 LU  FTPK: -24.6 dBFS  TPK:  -1.4 dBFS
[Parsed_ebur128_0 @ 0x146a064a0] t: 99.499979  TARGET:-23 LUFS    M: -18.9 S: -18.1     I: -16.5 LUFS       LRA:   3.0 LU  FTPK:  -3.8 dBFS  TPK:  -1.4 dBFS
[Parsed_ebur128_0 @ 0x146a064a0] t: 99.599979  TARGET:-23 LUFS    M: -20.5 S: -18.4     I: -16.5 LUFS       LRA:   3.0 LU  FTPK:  -1.5 dBFS  TPK:  -1.4 dBFS
[Parsed_ebur128_0 @ 0x146a064a0] t: 99.699979  TARGET:-23 LUFS    M: -17.9 S: -18.0     I: -16.5 LUFS       LRA:   3.0 LU  FTPK:  -1.5 dBFS  TPK:  -1.4 dBFS
[Parsed_ebur128_0 @ 0x146a064a0] t: 99.799979  TARGET:-23 LUFS    M: -16.0 S: -18.1     I: -16.5 LUFS       LRA:   3.0 LU  FTPK:  -1.5 dBFS  TPK:  -1.4 dBFS
[Parsed_ebur128_0 @ 0x146a064a0] t: 99.899979  TARGET:-23 LUFS    M: -15.9 S: -18.5     I: -16.5 LUFS       LRA:   3.0 LU  FTPK:  -4.2 dBFS  TPK:  -1.4 dBFS
[Parsed_ebur128_0 @ 0x146a064a0] t: 99.999979  TARGET:-23 LUFS    M: -15.9 S: -18.5     I: -16.5 LUFS       LRA:   3.0 LU  FTPK:  -6.4 dBFS  TPK:  -1.4 dBFS
[Parsed_ebur128_0 @ 0x146a064a0] t: 100.099979 TARGET:-23 LUFS    M: -17.3 S: -18.8     I: -16.5 LUFS       LRA:   3.0 LU  FTPK:  -5.7 dBFS  TPK:  -1.4 dBFS
[Parsed_ebur128_0 @ 0x146a064a0] t: 100.199979 TARGET:-23 LUFS    M: -18.0 S: -18.8     I: -16.5 LUFS       LRA:   3.0 LU  FTPK:  -1.5 dBFS  TPK:  -1.4 dBFS
[Parsed_ebur128_0 @ 0x146a064a0] t: 100.299979 TARGET:-23 LUFS    M: -18.6 S: -18.7     I: -16.5 LUFS       LRA:   3.0 LU  FTPK:  -1.6 dBFS  TPK:  -1.4 dBFS
[Parsed_ebur128_0 @ 0x146a064a0] t: 100.399979 TARGET:-23 LUFS    M: -18.3 S: -18.9     I: -16.5 LUFS       LRA:   3.0 LU  FTPK:  -6.7 dBFS  TPK:  -1.4 dBFS
[Parsed_ebur128_0 @ 0x146a064a0] t: 100.499979 TARGET:-23 LUFS    M: -18.6 S: -19.2     I: -16.5 LUFS       LRA:   3.0 LU  FTPK:  -1.5 dBFS  TPK:  -1.4 dBFS
[Parsed_ebur128_0 @ 0x146a064a0] t: 100.599979 TARGET:-23 LUFS    M: -19.0 S: -18.9     I: -16.5 LUFS       LRA:   3.0 LU  FTPK:  -2.1 dBFS  TPK:  -1.4 dBFS
[Parsed_ebur128_0 @ 0x146a064a0] t: 100.699979 TARGET:-23 LUFS    M: -18.7 S: -18.8     I: -16.5 LUFS       LRA:   3.0 LU  FTPK:  -5.6 dBFS  TPK:  -1.4 dBFS
[Parsed_ebur128_0 @ 0x146a064a0] t: 100.799979 TARGET:-23 LUFS    M: -18.6 S: -18.7     I: -16.5 LUFS       LRA:   3.0 LU  FTPK:  -7.2 dBFS  TPK:  -1.4 dBFS
[Parsed_ebur128_0 @ 0x146a064a0] t: 100.899979 TARGET:-23 LUFS    M: -18.4 S: -19.0     I: -16.5 LUFS       LRA:   3.1 LU  FTPK:  -6.4 dBFS  TPK:  -1.4 dBFS
[Parsed_ebur128_0 @ 0x146a064a0] t: 100.999979 TARGET:-23 LUFS    M: -19.7 S: -19.1     I: -16.5 LUFS       LRA:   3.1 LU  FTPK: -11.8 dBFS  TPK:  -1.4 dBFS
[Parsed_ebur128_0 @ 0x146a064a0] t: 101.099979 TARGET:-23 LUFS    M: -20.6 S: -19.3     I: -16.5 LUFS       LRA:   3.1 LU  FTPK: -12.2 dBFS  TPK:  -1.4 dBFS
[Parsed_ebur128_0 @ 0x146a064a0] t: 101.199979 TARGET:-23 LUFS    M: -22.4 S: -19.6     I: -16.5 LUFS       LRA:   3.1 LU  FTPK: -21.1 dBFS  TPK:  -1.4 dBFS
[Parsed_ebur128_0 @ 0x146a064a0] t: 101.299979 TARGET:-23 LUFS    M: -26.0 S: -19.8     I: -16.5 LUFS       LRA:   3.1 LU  FTPK: -41.8 dBFS  TPK:  -1.4 dBFS
[Parsed_ebur128_0 @ 0x146a064a0] t: 101.399979 TARGET:-23 LUFS    M: -30.7 S: -20.0     I: -16.5 LUFS       LRA:   3.1 LU  FTPK: -44.4 dBFS  TPK:  -1.4 dBFS
[Parsed_ebur128_0 @ 0x146a064a0] t: 101.499979 TARGET:-23 LUFS    M: -38.8 S: -20.0     I: -16.5 LUFS       LRA:   3.1 LU  FTPK: -49.3 dBFS  TPK:  -1.4 dBFS
[Parsed_ebur128_0 @ 0x146a064a0] t: 101.599979 TARGET:-23 LUFS    M: -55.6 S: -20.0     I: -16.5 LUFS       LRA:   3.1 LU  FTPK: -44.7 dBFS  TPK:  -1.4 dBFS
[Parsed_ebur128_0 @ 0x146a064a0] t: 101.699979 TARGET:-23 LUFS    M: -58.0 S: -20.0     I: -16.5 LUFS       LRA:   3.1 LU  FTPK: -45.4 dBFS  TPK:  -1.4 dBFS
[Parsed_ebur128_0 @ 0x146a064a0] t: 101.799979 TARGET:-23 LUFS    M: -59.0 S: -20.0     I: -16.5 LUFS       LRA:   3.1 LU  FTPK: -45.3 dBFS  TPK:  -1.4 dBFS
[Parsed_ebur128_0 @ 0x146a064a0] t: 101.899979 TARGET:-23 LUFS    M: -21.1 S: -19.6     I: -16.6 LUFS       LRA:   3.1 LU  FTPK:  -2.0 dBFS  TPK:  -1.4 dBFS
[Parsed_ebur128_0 @ 0x146a064a0] t: 101.999979 TARGET:-23 LUFS    M: -19.7 S: -19.4     I: -16.6 LUFS       LRA:   3.1 LU  FTPK:  -5.4 dBFS  TPK:  -1.4 dBFS
[Parsed_ebur128_0 @ 0x146a064a0] t: 102.099979 TARGET:-23 LUFS    M: -14.7 S: -18.4     I: -16.6 LUFS       LRA:   3.1 LU  FTPK:  -1.5 dBFS  TPK:  -1.4 dBFS
[Parsed_ebur128_0 @ 0x146a064a0] t: 102.199979 TARGET:-23 LUFS    M: -13.5 S: -18.2     I: -16.5 LUFS       LRA:   3.1 LU  FTPK:  -2.9 dBFS  TPK:  -1.4 dBFS
[Parsed_ebur128_0 @ 0x146a064a0] t: 102.299979 TARGET:-23 LUFS    M: -14.3 S: -18.3     I: -16.5 LUFS       LRA:   3.1 LU  FTPK: -17.1 dBFS  TPK:  -1.4 dBFS
[Parsed_ebur128_0 @ 0x146a064a0] t: 102.399979 TARGET:-23 LUFS    M: -13.8 S: -18.1     I: -16.5 LUFS       LRA:   3.1 LU  FTPK:  -4.0 dBFS  TPK:  -1.4 dBFS
[Parsed_ebur128_0 @ 0x146a064a0] t: 102.499979 TARGET:-23 LUFS    M: -16.0 S: -17.9     I: -16.5 LUFS       LRA:   3.1 LU  FTPK:  -4.0 dBFS  TPK:  -1.4 dBFS
[Parsed_ebur128_0 @ 0x146a064a0] t: 102.599979 TARGET:-23 LUFS    M: -18.3 S: -18.0     I: -16.5 LUFS       LRA:   3.1 LU  FTPK: -22.0 dBFS  TPK:  -1.4 dBFS
[Parsed_ebur128_0 @ 0x146a064a0] t: 102.699979 TARGET:-23 LUFS    M: -18.0 S: -18.3     I: -16.5 LUFS       LRA:   3.1 LU  FTPK:  -6.2 dBFS  TPK:  -1.4 dBFS
[Parsed_ebur128_0 @ 0x146a064a0] t: 102.799979 TARGET:-23 LUFS    M: -18.3 S: -18.5     I: -16.5 LUFS       LRA:   3.1 LU  FTPK:  -4.3 dBFS  TPK:  -1.4 dBFS
[Parsed_ebur128_0 @ 0x146a064a0] t: 102.899979 TARGET:-23 LUFS    M: -20.2 S: -18.6     I: -16.5 LUFS       LRA:   3.1 LU  FTPK:  -9.7 dBFS  TPK:  -1.4 dBFS
[Parsed_ebur128_0 @ 0x146a064a0] t: 102.999979 TARGET:-23 LUFS    M: -19.0 S: -18.5     I: -16.5 LUFS       LRA:   3.1 LU  FTPK:  -1.6 dBFS  TPK:  -1.4 dBFS
[Parsed_ebur128_0 @ 0x146a064a0] t: 103.099979 TARGET:-23 LUFS    M: -16.2 S: -18.1     I: -16.5 LUFS       LRA:   3.1 LU  FTPK:  -1.5 dBFS  TPK:  -1.4 dBFS
[Parsed_ebur128_0 @ 0x146a064a0] t: 103.199979 TARGET:-23 LUFS    M: -15.3 S: -17.9     I: -16.5 LUFS       LRA:   3.1 LU  FTPK:  -2.7 dBFS  TPK:  -1.4 dBFS
[Parsed_ebur128_0 @ 0x146a064a0] t: 103.299979 TARGET:-23 LUFS    M: -13.9 S: -17.6     I: -16.5 LUFS       LRA:   3.1 LU  FTPK:  -1.5 dBFS  TPK:  -1.4 dBFS
[Parsed_ebur128_0 @ 0x146a064a0] t: 103.399979 TARGET:-23 LUFS    M: -14.2 S: -17.6     I: -16.5 LUFS       LRA:   3.1 LU  FTPK: -13.9 dBFS  TPK:  -1.4 dBFS
[Parsed_ebur128_0 @ 0x146a064a0] t: 103.499979 TARGET:-23 LUFS    M: -15.8 S: -17.7     I: -16.5 LUFS       LRA:   3.1 LU  FTPK: -14.1 dBFS  TPK:  -1.4 dBFS
[Parsed_ebur128_0 @ 0x146a064a0] t: 103.599979 TARGET:-23 LUFS    M: -18.4 S: -17.9     I: -16.5 LUFS       LRA:   3.1 LU  FTPK: -46.3 dBFS  TPK:  -1.4 dBFS
[Parsed_ebur128_0 @ 0x146a064a0] t: 103.699979 TARGET:-23 LUFS    M: -26.7 S: -18.0     I: -16.5 LUFS       LRA:   3.1 LU  FTPK:  -5.8 dBFS  TPK:  -1.4 dBFS
[Parsed_ebur128_0 @ 0x146a064a0] t: 103.799979 TARGET:-23 LUFS    M: -20.7 S: -17.8     I: -16.5 LUFS       LRA:   3.1 LU  FTPK:  -5.1 dBFS  TPK:  -1.4 dBFS
[Parsed_ebur128_0 @ 0x146a064a0] t: 103.899979 TARGET:-23 LUFS    M: -18.3 S: -17.7     I: -16.5 LUFS       LRA:   3.1 LU  FTPK:  -5.1 dBFS  TPK:  -1.4 dBFS
[Parsed_ebur128_0 @ 0x146a064a0] t: 103.999979 TARGET:-23 LUFS    M: -14.5 S: -17.1     I: -16.5 LUFS       LRA:   3.1 LU  FTPK:  -1.8 dBFS  TPK:  -1.4 dBFS
[Parsed_ebur128_0 @ 0x146a064a0] t: 104.099979 TARGET:-23 LUFS    M: -14.1 S: -17.0     I: -16.5 LUFS       LRA:   3.1 LU  FTPK:  -6.8 dBFS  TPK:  -1.4 dBFS
[Parsed_ebur128_0 @ 0x146a064a0] t: 104.199979 TARGET:-23 LUFS    M: -14.5 S: -16.9     I: -16.5 LUFS       LRA:   3.1 LU  FTPK:  -1.5 dBFS  TPK:  -1.4 dBFS
[Parsed_ebur128_0 @ 0x146a064a0] t: 104.299979 TARGET:-23 LUFS    M: -15.0 S: -16.8     I: -16.5 LUFS       LRA:   3.1 LU  FTPK:  -3.0 dBFS  TPK:  -1.4 dBFS
[Parsed_ebur128_0 @ 0x146a064a0] t: 104.399979 TARGET:-23 LUFS    M: -19.4 S: -16.8     I: -16.5 LUFS       LRA:   3.1 LU  FTPK: -14.0 dBFS  TPK:  -1.4 dBFS
[Parsed_ebur128_0 @ 0x146a064a0] t: 104.499979 TARGET:-23 LUFS    M: -21.1 S: -16.8     I: -16.5 LUFS       LRA:   3.1 LU  FTPK: -19.1 dBFS  TPK:  -1.4 dBFS
[Parsed_ebur128_0 @ 0x146a064a0] t: 104.599979 TARGET:-23 LUFS    M: -23.4 S: -16.8     I: -16.5 LUFS       LRA:   3.1 LU  FTPK: -13.0 dBFS  TPK:  -1.4 dBFS
[Parsed_ebur128_0 @ 0x146a064a0] t: 104.699979 TARGET:-23 LUFS    M: -24.3 S: -16.7     I: -16.5 LUFS       LRA:   3.1 LU  FTPK:  -3.9 dBFS  TPK:  -1.4 dBFS
[Parsed_ebur128_0 @ 0x146a064a0] t: 104.799979 TARGET:-23 LUFS    M: -18.6 S: -16.4     I: -16.6 LUFS       LRA:   3.1 LU  FTPK:  -1.5 dBFS  TPK:  -1.4 dBFS
[Parsed_ebur128_0 @ 0x146a064a0] t: 104.899979 TARGET:-23 LUFS    M: -18.3 S: -16.6     I: -16.6 LUFS       LRA:   3.1 LU  FTPK:  -9.5 dBFS  TPK:  -1.4 dBFS
[Parsed_ebur128_0 @ 0x146a064a0] t: 104.999979 TARGET:-23 LUFS    M: -18.3 S: -16.6     I: -16.6 LUFS       LRA:   3.1 LU  FTPK: -11.5 dBFS  TPK:  -1.4 dBFS
[Parsed_ebur128_0 @ 0x146a064a0] t: 105.099979 TARGET:-23 LUFS    M: -18.9 S: -17.3     I: -16.6 LUFS       LRA:   3.1 LU  FTPK: -35.6 dBFS  TPK:  -1.4 dBFS
[Parsed_ebur128_0 @ 0x146a064a0] t: 105.199979 TARGET:-23 LUFS    M: -27.9 S: -17.7     I: -16.6 LUFS       LRA:   3.1 LU  FTPK: -45.7 dBFS  TPK:  -1.4 dBFS
[Parsed_ebur128_0 @ 0x146a064a0] t: 105.299979 TARGET:-23 LUFS    M: -32.8 S: -17.7     I: -16.6 LUFS       LRA:   3.1 LU  FTPK: -23.8 dBFS  TPK:  -1.4 dBFS
[Parsed_ebur128_0 @ 0x146a064a0] t: 105.399979 TARGET:-23 LUFS    M: -25.1 S: -17.8     I: -16.6 LUFS       LRA:   3.1 LU  FTPK:  -1.5 dBFS  TPK:  -1.4 dBFS
[Parsed_ebur128_0 @ 0x146a064a0] t: 105.499979 TARGET:-23 LUFS    M: -20.9 S: -17.9     I: -16.6 LUFS       LRA:   3.1 LU  FTPK:  -3.0 dBFS  TPK:  -1.4 dBFS
[Parsed_ebur128_0 @ 0x146a064a0] t: 105.599979 TARGET:-23 LUFS    M: -17.6 S: -17.6     I: -16.6 LUFS       LRA:   3.1 LU  FTPK:  -5.0 dBFS  TPK:  -1.4 dBFS
[Parsed_ebur128_0 @ 0x146a064a0] t: 105.699979 TARGET:-23 LUFS    M: -15.5 S: -17.3     I: -16.6 LUFS       LRA:   3.1 LU  FTPK:  -4.4 dBFS  TPK:  -1.4 dBFS
[Parsed_ebur128_0 @ 0x146a064a0] t: 105.799979 TARGET:-23 LUFS    M: -15.4 S: -17.3     I: -16.6 LUFS       LRA:   3.1 LU  FTPK:  -1.5 dBFS  TPK:  -1.4 dBFS
[Parsed_ebur128_0 @ 0x146a064a0] t: 105.899979 TARGET:-23 LUFS    M: -14.8 S: -17.1     I: -16.6 LUFS       LRA:   3.1 LU  FTPK:  -1.5 dBFS  TPK:  -1.4 dBFS
[Parsed_ebur128_0 @ 0x146a064a0] t: 105.999979 TARGET:-23 LUFS    M: -15.9 S: -17.2     I: -16.6 LUFS       LRA:   3.1 LU  FTPK:  -7.2 dBFS  TPK:  -1.4 dBFS
[Parsed_ebur128_0 @ 0x146a064a0] t: 106.099979 TARGET:-23 LUFS    M: -16.3 S: -17.3     I: -16.6 LUFS       LRA:   3.1 LU  FTPK:  -6.3 dBFS  TPK:  -1.4 dBFS
[Parsed_ebur128_0 @ 0x146a064a0] t: 106.199979 TARGET:-23 LUFS    M: -16.3 S: -17.5     I: -16.6 LUFS       LRA:   3.1 LU  FTPK:  -7.2 dBFS  TPK:  -1.4 dBFS
[Parsed_ebur128_0 @ 0x146a064a0] t: 106.299979 TARGET:-23 LUFS    M: -18.5 S: -18.0     I: -16.6 LUFS       LRA:   3.1 LU  FTPK: -17.8 dBFS  TPK:  -1.4 dBFS
[Parsed_ebur128_0 @ 0x146a064a0] t: 106.399979 TARGET:-23 LUFS    M: -18.9 S: -18.0     I: -16.6 LUFS       LRA:   3.1 LU  FTPK: -36.2 dBFS  TPK:  -1.4 dBFS
[Parsed_ebur128_0 @ 0x146a064a0] t: 106.499979 TARGET:-23 LUFS    M: -23.8 S: -18.0     I: -16.6 LUFS       LRA:   3.1 LU  FTPK: -15.1 dBFS  TPK:  -1.4 dBFS
[Parsed_ebur128_0 @ 0x146a064a0] t: 106.599979 TARGET:-23 LUFS    M: -17.9 S: -17.5     I: -16.6 LUFS       LRA:   3.1 LU  FTPK:  -1.5 dBFS  TPK:  -1.4 dBFS
[Parsed_ebur128_0 @ 0x146a064a0] t: 106.699979 TARGET:-23 LUFS    M: -15.4 S: -17.1     I: -16.6 LUFS       LRA:   3.1 LU  FTPK:  -3.7 dBFS  TPK:  -1.4 dBFS
[Parsed_ebur128_0 @ 0x146a064a0] t: 106.799979 TARGET:-23 LUFS    M: -15.2 S: -17.3     I: -16.6 LUFS       LRA:   3.1 LU  FTPK:  -9.1 dBFS  TPK:  -1.4 dBFS
[Parsed_ebur128_0 @ 0x146a064a0] t: 106.899979 TARGET:-23 LUFS    M: -14.0 S: -17.2     I: -16.6 LUFS       LRA:   3.1 LU  FTPK:  -1.5 dBFS  TPK:  -1.4 dBFS
[Parsed_ebur128_0 @ 0x146a064a0] t: 106.999979 TARGET:-23 LUFS    M: -16.0 S: -17.8     I: -16.6 LUFS       LRA:   3.1 LU  FTPK:  -6.8 dBFS  TPK:  -1.4 dBFS
[Parsed_ebur128_0 @ 0x146a064a0] t: 107.099979 TARGET:-23 LUFS    M: -16.7 S: -17.7     I: -16.6 LUFS       LRA:   3.1 LU  FTPK:  -1.5 dBFS  TPK:  -1.4 dBFS
[Parsed_ebur128_0 @ 0x146a064a0] t: 107.199979 TARGET:-23 LUFS    M: -14.6 S: -17.3     I: -16.6 LUFS       LRA:   3.1 LU  FTPK:  -1.5 dBFS  TPK:  -1.4 dBFS
[Parsed_ebur128_0 @ 0x146a064a0] t: 107.299979 TARGET:-23 LUFS    M: -14.4 S: -17.0     I: -16.6 LUFS       LRA:   3.1 LU  FTPK:  -3.7 dBFS  TPK:  -1.4 dBFS
[Parsed_ebur128_0 @ 0x146a064a0] t: 107.399979 TARGET:-23 LUFS    M: -14.2 S: -17.0     I: -16.5 LUFS       LRA:   3.0 LU  FTPK: -10.0 dBFS  TPK:  -1.4 dBFS
[Parsed_ebur128_0 @ 0x146a064a0] t: 107.499979 TARGET:-23 LUFS    M: -15.0 S: -16.9     I: -16.5 LUFS       LRA:   3.0 LU  FTPK:  -3.1 dBFS  TPK:  -1.4 dBFS
[Parsed_ebur128_0 @ 0x146a064a0] t: 107.599979 TARGET:-23 LUFS    M: -16.4 S: -16.7     I: -16.5 LUFS       LRA:   3.0 LU  FTPK:  -1.5 dBFS  TPK:  -1.4 dBFS
[Parsed_ebur128_0 @ 0x146a064a0] t: 107.699979 TARGET:-23 LUFS    M: -19.3 S: -16.8     I: -16.5 LUFS       LRA:   3.0 LU  FTPK: -19.7 dBFS  TPK:  -1.4 dBFS
[Parsed_ebur128_0 @ 0x146a064a0] t: 107.799979 TARGET:-23 LUFS    M: -19.9 S: -17.1     I: -16.6 LUFS       LRA:   3.0 LU  FTPK: -10.4 dBFS  TPK:  -1.4 dBFS
[Parsed_ebur128_0 @ 0x146a064a0] t: 107.899979 TARGET:-23 LUFS    M: -21.1 S: -17.1     I: -16.6 LUFS       LRA:   3.0 LU  FTPK: -16.6 dBFS  TPK:  -1.4 dBFS
[Parsed_ebur128_0 @ 0x146a064a0] t: 107.999979 TARGET:-23 LUFS    M: -28.7 S: -17.1     I: -16.6 LUFS       LRA:   3.0 LU  FTPK: -53.6 dBFS  TPK:  -1.4 dBFS
[Parsed_ebur128_0 @ 0x146a064a0] t: 108.099979 TARGET:-23 LUFS    M: -29.0 S: -17.1     I: -16.6 LUFS       LRA:   3.0 LU  FTPK: -48.9 dBFS  TPK:  -1.4 dBFS
[Parsed_ebur128_0 @ 0x146a064a0] t: 108.199979 TARGET:-23 LUFS    M: -36.0 S: -17.1     I: -16.6 LUFS       LRA:   3.0 LU  FTPK: -50.2 dBFS  TPK:  -1.4 dBFS
[Parsed_ebur128_0 @ 0x146a064a0] t: 108.299979 TARGET:-23 LUFS    M: -31.5 S: -17.1     I: -16.6 LUFS       LRA:   3.0 LU  FTPK:  -4.7 dBFS  TPK:  -1.4 dBFS
[Parsed_ebur128_0 @ 0x146a064a0] t: 108.399979 TARGET:-23 LUFS    M: -19.7 S: -16.9     I: -16.6 LUFS       LRA:   3.0 LU  FTPK:  -1.5 dBFS  TPK:  -1.4 dBFS
[Parsed_ebur128_0 @ 0x146a064a0] t: 108.499979 TARGET:-23 LUFS    M: -17.5 S: -16.9     I: -16.6 LUFS       LRA:   3.0 LU  FTPK:  -3.5 dBFS  TPK:  -1.4 dBFS
[Parsed_ebur128_0 @ 0x146a064a0] t: 108.599979 TARGET:-23 LUFS    M: -15.6 S: -16.8     I: -16.6 LUFS       LRA:   3.0 LU  FTPK:  -1.5 dBFS  TPK:  -1.4 dBFS
[Parsed_ebur128_0 @ 0x146a064a0] t: 108.699979 TARGET:-23 LUFS    M: -14.2 S: -16.8     I: -16.6 LUFS       LRA:   3.0 LU  FTPK:  -1.5 dBFS  TPK:  -1.4 dBFS
[Parsed_ebur128_0 @ 0x146a064a0] t: 108.799979 TARGET:-23 LUFS    M: -14.1 S: -16.6     I: -16.6 LUFS       LRA:   3.0 LU  FTPK:  -5.4 dBFS  TPK:  -1.4 dBFS
[Parsed_ebur128_0 @ 0x146a064a0] t: 108.899979 TARGET:-23 LUFS    M: -13.7 S: -16.6     I: -16.5 LUFS       LRA:   3.0 LU  FTPK:  -3.7 dBFS  TPK:  -1.4 dBFS
[Parsed_ebur128_0 @ 0x146a064a0] t: 108.999979 TARGET:-23 LUFS    M: -13.8 S: -16.4     I: -16.5 LUFS       LRA:   3.0 LU  FTPK:  -4.3 dBFS  TPK:  -1.4 dBFS
[Parsed_ebur128_0 @ 0x146a064a0] t: 109.099979 TARGET:-23 LUFS    M: -14.5 S: -16.5     I: -16.5 LUFS       LRA:   3.0 LU  FTPK:  -7.4 dBFS  TPK:  -1.4 dBFS
[Parsed_ebur128_0 @ 0x146a064a0] t: 109.199979 TARGET:-23 LUFS    M: -15.9 S: -16.6     I: -16.5 LUFS       LRA:   3.0 LU  FTPK:  -2.9 dBFS  TPK:  -1.4 dBFS
[Parsed_ebur128_0 @ 0x146a064a0] t: 109.299979 TARGET:-23 LUFS    M: -15.8 S: -16.3     I: -16.5 LUFS       LRA:   3.0 LU  FTPK:  -2.1 dBFS  TPK:  -1.4 dBFS
[Parsed_ebur128_0 @ 0x146a064a0] t: 109.399979 TARGET:-23 LUFS    M: -16.7 S: -16.2     I: -16.5 LUFS       LRA:   3.0 LU  FTPK:  -4.4 dBFS  TPK:  -1.4 dBFS
[Parsed_ebur128_0 @ 0x146a064a0] t: 109.499979 TARGET:-23 LUFS    M: -17.2 S: -16.1     I: -16.5 LUFS       LRA:   3.0 LU  FTPK:  -3.9 dBFS  TPK:  -1.4 dBFS
[Parsed_ebur128_0 @ 0x146a064a0] t: 109.599979 TARGET:-23 LUFS    M: -17.2 S: -16.5     I: -16.5 LUFS       LRA:   3.0 LU  FTPK:  -8.6 dBFS  TPK:  -1.4 dBFS
[Parsed_ebur128_0 @ 0x146a064a0] t: 109.699979 TARGET:-23 LUFS    M: -19.7 S: -16.8     I: -16.5 LUFS       LRA:   3.0 LU  FTPK: -10.4 dBFS  TPK:  -1.4 dBFS
[Parsed_ebur128_0 @ 0x146a064a0] t: 109.799979 TARGET:-23 LUFS    M: -21.3 S: -16.8     I: -16.5 LUFS       LRA:   3.0 LU  FTPK: -11.5 dBFS  TPK:  -1.4 dBFS
[Parsed_ebur128_0 @ 0x146a064a0] t: 109.899979 TARGET:-23 LUFS    M: -22.3 S: -17.0     I: -16.5 LUFS       LRA:   3.0 LU  FTPK: -38.5 dBFS  TPK:  -1.4 dBFS
[Parsed_ebur128_0 @ 0x146a064a0] t: 109.999979 TARGET:-23 LUFS    M: -23.7 S: -17.1     I: -16.6 LUFS       LRA:   3.0 LU  FTPK: -42.3 dBFS  TPK:  -1.4 dBFS
[Parsed_ebur128_0 @ 0x146a064a0] t: 110.099979 TARGET:-23 LUFS    M: -27.5 S: -17.3     I: -16.6 LUFS       LRA:   3.0 LU  FTPK: -42.3 dBFS  TPK:  -1.4 dBFS
[Parsed_ebur128_0 @ 0x146a064a0] t: 110.199979 TARGET:-23 LUFS    M: -27.1 S: -17.8     I: -16.6 LUFS       LRA:   3.0 LU  FTPK:  -4.7 dBFS  TPK:  -1.4 dBFS
[Parsed_ebur128_0 @ 0x146a064a0] t: 110.299979 TARGET:-23 LUFS    M: -17.1 S: -17.6     I: -16.6 LUFS       LRA:   3.0 LU  FTPK:  -1.5 dBFS  TPK:  -1.4 dBFS
[Parsed_ebur128_0 @ 0x146a064a0] t: 110.399979 TARGET:-23 LUFS    M: -14.2 S: -17.1     I: -16.5 LUFS       LRA:   3.0 LU  FTPK:  -1.5 dBFS  TPK:  -1.4 dBFS
[Parsed_ebur128_0 @ 0x146a064a0] t: 110.499979 TARGET:-23 LUFS    M: -13.6 S: -17.0     I: -16.5 LUFS       LRA:   3.0 LU  FTPK:  -2.4 dBFS  TPK:  -1.4 dBFS
[Parsed_ebur128_0 @ 0x146a064a0] t: 110.599979 TARGET:-23 LUFS    M: -12.8 S: -16.9     I: -16.5 LUFS       LRA:   3.0 LU  FTPK:  -1.5 dBFS  TPK:  -1.4 dBFS
[Parsed_ebur128_0 @ 0x146a064a0] t: 110.699979 TARGET:-23 LUFS    M: -13.0 S: -16.5     I: -16.5 LUFS       LRA:   3.0 LU  FTPK:  -1.6 dBFS  TPK:  -1.4 dBFS
[Parsed_ebur128_0 @ 0x146a064a0] t: 110.799979 TARGET:-23 LUFS    M: -13.8 S: -16.2     I: -16.5 LUFS       LRA:   3.0 LU  FTPK:  -3.6 dBFS  TPK:  -1.4 dBFS
[Parsed_ebur128_0 @ 0x146a064a0] t: 110.899979 TARGET:-23 LUFS    M: -14.2 S: -16.2     I: -16.5 LUFS       LRA:   3.0 LU  FTPK:  -7.5 dBFS  TPK:  -1.4 dBFS
[Parsed_ebur128_0 @ 0x146a064a0] t: 110.999979 TARGET:-23 LUFS    M: -15.6 S: -16.2     I: -16.5 LUFS       LRA:   3.0 LU  FTPK: -47.9 dBFS  TPK:  -1.4 dBFS
[Parsed_ebur128_0 @ 0x146a064a0] t: 111.099979 TARGET:-23 LUFS    M: -18.8 S: -16.2     I: -16.5 LUFS       LRA:   3.0 LU  FTPK: -41.1 dBFS  TPK:  -1.4 dBFS
frame= 3317 fps=0.0 q=-0.0 size=N/A time=00:01:50.60 bitrate=N/A speed= 219x    
[Parsed_ebur128_0 @ 0x146a064a0] t: 111.199979 TARGET:-23 LUFS    M: -18.9 S: -15.9     I: -16.5 LUFS       LRA:   3.0 LU  FTPK:  -2.1 dBFS  TPK:  -1.4 dBFS
[Parsed_ebur128_0 @ 0x146a064a0] t: 111.299979 TARGET:-23 LUFS    M: -16.0 S: -15.6     I: -16.5 LUFS       LRA:   3.0 LU  FTPK:  -1.5 dBFS  TPK:  -1.4 dBFS
[Parsed_ebur128_0 @ 0x146a064a0] t: 111.399979 TARGET:-23 LUFS    M: -14.3 S: -15.6     I: -16.5 LUFS       LRA:   3.0 LU  FTPK:  -2.2 dBFS  TPK:  -1.4 dBFS
[Parsed_ebur128_0 @ 0x146a064a0] t: 111.499979 TARGET:-23 LUFS    M: -13.4 S: -15.5     I: -16.5 LUFS       LRA:   3.0 LU  FTPK:  -1.5 dBFS  TPK:  -1.4 dBFS
[Parsed_ebur128_0 @ 0x146a064a0] t: 111.599979 TARGET:-23 LUFS    M: -14.0 S: -15.7     I: -16.5 LUFS       LRA:   3.0 LU  FTPK:  -2.3 dBFS  TPK:  -1.4 dBFS
[Parsed_ebur128_0 @ 0x146a064a0] t: 111.699979 TARGET:-23 LUFS    M: -15.7 S: -15.9     I: -16.5 LUFS       LRA:   3.0 LU  FTPK: -11.9 dBFS  TPK:  -1.4 dBFS
[Parsed_ebur128_0 @ 0x146a064a0] t: 111.799979 TARGET:-23 LUFS    M: -18.3 S: -16.1     I: -16.5 LUFS       LRA:   3.0 LU  FTPK: -15.5 dBFS  TPK:  -1.4 dBFS
[Parsed_ebur128_0 @ 0x146a064a0] t: 111.899979 TARGET:-23 LUFS    M: -22.1 S: -16.4     I: -16.5 LUFS       LRA:   3.0 LU  FTPK: -50.0 dBFS  TPK:  -1.4 dBFS
[Parsed_ebur128_0 @ 0x146a064a0] t: 111.999979 TARGET:-23 LUFS    M: -26.3 S: -16.6     I: -16.5 LUFS       LRA:   3.0 LU  FTPK: -50.1 dBFS  TPK:  -1.4 dBFS
[Parsed_ebur128_0 @ 0x146a064a0] t: 112.099979 TARGET:-23 LUFS    M: -34.4 S: -16.7     I: -16.5 LUFS       LRA:   3.0 LU  FTPK:  -9.5 dBFS  TPK:  -1.4 dBFS
[Parsed_ebur128_0 @ 0x146a064a0] t: 112.199979 TARGET:-23 LUFS    M: -21.4 S: -16.6     I: -16.5 LUFS       LRA:   3.0 LU  FTPK:  -4.7 dBFS  TPK:  -1.4 dBFS
[Parsed_ebur128_0 @ 0x146a064a0] t: 112.299979 TARGET:-23 LUFS    M: -17.1 S: -16.5     I: -16.5 LUFS       LRA:   3.0 LU  FTPK:  -1.5 dBFS  TPK:  -1.4 dBFS
[Parsed_ebur128_0 @ 0x146a064a0] t: 112.399979 TARGET:-23 LUFS    M: -14.0 S: -16.2     I: -16.5 LUFS       LRA:   3.0 LU  FTPK:  -1.4 dBFS  TPK:  -1.4 dBFS
[Parsed_ebur128_0 @ 0x146a064a0] t: 112.499979 TARGET:-23 LUFS    M: -13.3 S: -16.0     I: -16.5 LUFS       LRA:   3.0 LU  FTPK:  -4.2 dBFS  TPK:  -1.4 dBFS
[Parsed_ebur128_0 @ 0x146a064a0] t: 112.599979 TARGET:-23 LUFS    M: -14.0 S: -16.1     I: -16.5 LUFS       LRA:   3.0 LU  FTPK: -18.6 dBFS  TPK:  -1.4 dBFS
[Parsed_ebur128_0 @ 0x146a064a0] t: 112.699979 TARGET:-23 LUFS    M: -14.2 S: -15.9     I: -16.5 LUFS       LRA:   3.0 LU  FTPK:  -1.5 dBFS  TPK:  -1.4 dBFS
[Parsed_ebur128_0 @ 0x146a064a0] t: 112.799979 TARGET:-23 LUFS    M: -15.5 S: -15.7     I: -16.5 LUFS       LRA:   3.0 LU  FTPK:  -2.8 dBFS  TPK:  -1.4 dBFS
[Parsed_ebur128_0 @ 0x146a064a0] t: 112.899979 TARGET:-23 LUFS    M: -15.4 S: -15.5     I: -16.5 LUFS       LRA:   3.0 LU  FTPK:  -4.2 dBFS  TPK:  -1.4 dBFS
[Parsed_ebur128_0 @ 0x146a064a0] t: 112.999979 TARGET:-23 LUFS    M: -14.9 S: -15.5     I: -16.5 LUFS       LRA:   3.0 LU  FTPK:  -2.6 dBFS  TPK:  -1.4 dBFS
[Parsed_ebur128_0 @ 0x146a064a0] t: 113.099979 TARGET:-23 LUFS    M: -15.5 S: -15.3     I: -16.5 LUFS       LRA:   3.0 LU  FTPK:  -1.5 dBFS  TPK:  -1.4 dBFS
[Parsed_ebur128_0 @ 0x146a064a0] t: 113.199979 TARGET:-23 LUFS    M: -16.7 S: -15.3     I: -16.5 LUFS       LRA:   3.0 LU  FTPK:  -4.2 dBFS  TPK:  -1.4 dBFS
[Parsed_ebur128_0 @ 0x146a064a0] t: 113.299979 TARGET:-23 LUFS    M: -18.2 S: -15.6     I: -16.5 LUFS       LRA:   3.0 LU  FTPK: -13.2 dBFS  TPK:  -1.4 dBFS
[Parsed_ebur128_0 @ 0x146a064a0] t: 113.399979 TARGET:-23 LUFS    M: -19.0 S: -16.0     I: -16.5 LUFS       LRA:   3.0 LU  FTPK: -11.5 dBFS  TPK:  -1.4 dBFS
[Parsed_ebur128_0 @ 0x146a064a0] t: 113.499979 TARGET:-23 LUFS    M: -22.0 S: -16.1     I: -16.5 LUFS       LRA:   3.0 LU  FTPK: -43.9 dBFS  TPK:  -1.4 dBFS
[Parsed_ebur128_0 @ 0x146a064a0] t: 113.599979 TARGET:-23 LUFS    M: -26.3 S: -16.4     I: -16.5 LUFS       LRA:   3.0 LU  FTPK: -65.0 dBFS  TPK:  -1.4 dBFS
[Parsed_ebur128_0 @ 0x146a064a0] t: 113.699979 TARGET:-23 LUFS    M: -28.1 S: -16.8     I: -16.5 LUFS       LRA:   3.0 LU  FTPK:  -inf dBFS  TPK:  -1.4 dBFS
[Parsed_ebur128_0 @ 0x146a064a0] t: 113.799979 TARGET:-23 LUFS    M: -67.0 S: -17.1     I: -16.5 LUFS       LRA:   3.0 LU  FTPK:  -inf dBFS  TPK:  -1.4 dBFS
[Parsed_ebur128_0 @ 0x146a064a0] t: 113.899979 TARGET:-23 LUFS    M: -87.9 S: -17.2     I: -16.5 LUFS       LRA:   3.0 LU  FTPK: -60.6 dBFS  TPK:  -1.4 dBFS
[Parsed_ebur128_0 @ 0x146a064a0] t: 113.999979 TARGET:-23 LUFS    M: -22.3 S: -17.0     I: -16.5 LUFS       LRA:   3.0 LU  FTPK:  -1.5 dBFS  TPK:  -1.4 dBFS
[Parsed_ebur128_0 @ 0x146a064a0] t: 114.099979 TARGET:-23 LUFS    M: -20.6 S: -16.9     I: -16.5 LUFS       LRA:   3.0 LU  FTPK:  -1.5 dBFS  TPK:  -1.4 dBFS
[Parsed_ebur128_0 @ 0x146a064a0] t: 114.199979 TARGET:-23 LUFS    M: -19.5 S: -17.1     I: -16.5 LUFS       LRA:   3.0 LU  FTPK:  -1.5 dBFS  TPK:  -1.4 dBFS
[Parsed_ebur128_0 @ 0x146a064a0] t: 114.299979 TARGET:-23 LUFS    M: -15.4 S: -17.0     I: -16.5 LUFS       LRA:   3.0 LU  FTPK:  -1.5 dBFS  TPK:  -1.4 dBFS
[Parsed_ebur128_0 @ 0x146a064a0] t: 114.399979 TARGET:-23 LUFS    M: -15.8 S: -17.3     I: -16.5 LUFS       LRA:   3.0 LU  FTPK:  -6.8 dBFS  TPK:  -1.4 dBFS
[Parsed_ebur128_0 @ 0x146a064a0] t: 114.499979 TARGET:-23 LUFS    M: -16.1 S: -17.6     I: -16.5 LUFS       LRA:   3.0 LU  FTPK: -10.1 dBFS  TPK:  -1.4 dBFS
[Parsed_ebur128_0 @ 0x146a064a0] t: 114.599979 TARGET:-23 LUFS    M: -15.0 S: -17.4     I: -16.5 LUFS       LRA:   3.0 LU  FTPK:  -1.5 dBFS  TPK:  -1.4 dBFS
[Parsed_ebur128_0 @ 0x146a064a0] t: 114.699979 TARGET:-23 LUFS    M: -18.0 S: -17.4     I: -16.5 LUFS       LRA:   3.0 LU  FTPK:  -8.5 dBFS  TPK:  -1.4 dBFS
[Parsed_ebur128_0 @ 0x146a064a0] t: 114.799979 TARGET:-23 LUFS    M: -16.1 S: -17.0     I: -16.5 LUFS       LRA:   3.0 LU  FTPK:  -1.5 dBFS  TPK:  -1.4 dBFS
[Parsed_ebur128_0 @ 0x146a064a0] t: 114.899979 TARGET:-23 LUFS    M: -15.9 S: -17.0     I: -16.5 LUFS       LRA:   3.0 LU  FTPK:  -4.2 dBFS  TPK:  -1.4 dBFS
[Parsed_ebur128_0 @ 0x146a064a0] t: 114.999979 TARGET:-23 LUFS    M: -17.2 S: -16.9     I: -16.5 LUFS       LRA:   3.0 LU  FTPK:  -3.4 dBFS  TPK:  -1.4 dBFS
[Parsed_ebur128_0 @ 0x146a064a0] t: 115.099979 TARGET:-23 LUFS    M: -16.2 S: -16.7     I: -16.5 LUFS       LRA:   3.0 LU  FTPK:  -1.5 dBFS  TPK:  -1.4 dBFS
[Parsed_ebur128_0 @ 0x146a064a0] t: 115.199979 TARGET:-23 LUFS    M: -17.3 S: -16.7     I: -16.5 LUFS       LRA:   3.0 LU  FTPK:  -2.3 dBFS  TPK:  -1.4 dBFS
[Parsed_ebur128_0 @ 0x146a064a0] t: 115.299979 TARGET:-23 LUFS    M: -17.3 S: -17.0     I: -16.5 LUFS       LRA:   3.0 LU  FTPK:  -8.9 dBFS  TPK:  -1.4 dBFS
[Parsed_ebur128_0 @ 0x146a064a0] t: 115.399979 TARGET:-23 LUFS    M: -18.2 S: -17.6     I: -16.5 LUFS       LRA:   3.0 LU  FTPK: -19.1 dBFS  TPK:  -1.4 dBFS
[Parsed_ebur128_0 @ 0x146a064a0] t: 115.499979 TARGET:-23 LUFS    M: -18.3 S: -17.6     I: -16.5 LUFS       LRA:   3.0 LU  FTPK:  -3.5 dBFS  TPK:  -1.4 dBFS
[Parsed_ebur128_0 @ 0x146a064a0] t: 115.599979 TARGET:-23 LUFS    M: -18.8 S: -17.5     I: -16.5 LUFS       LRA:   3.0 LU  FTPK:  -1.5 dBFS  TPK:  -1.4 dBFS
[Parsed_ebur128_0 @ 0x146a064a0] t: 115.699979 TARGET:-23 LUFS    M: -19.4 S: -17.9     I: -16.5 LUFS       LRA:   3.0 LU  FTPK: -12.5 dBFS  TPK:  -1.4 dBFS
[Parsed_ebur128_0 @ 0x146a064a0] t: 115.799979 TARGET:-23 LUFS    M: -16.2 S: -17.8     I: -16.5 LUFS       LRA:   3.0 LU  FTPK:  -1.5 dBFS  TPK:  -1.4 dBFS
[Parsed_ebur128_0 @ 0x146a064a0] t: 115.899979 TARGET:-23 LUFS    M: -16.5 S: -17.9     I: -16.5 LUFS       LRA:   3.0 LU  FTPK:  -6.7 dBFS  TPK:  -1.4 dBFS
[Parsed_ebur128_0 @ 0x146a064a0] t: 115.999979 TARGET:-23 LUFS    M: -15.7 S: -17.7     I: -16.5 LUFS       LRA:   3.0 LU  FTPK:  -5.3 dBFS  TPK:  -1.4 dBFS
[Parsed_ebur128_0 @ 0x146a064a0] t: 116.099979 TARGET:-23 LUFS    M: -15.2 S: -17.8     I: -16.5 LUFS       LRA:   3.0 LU  FTPK:  -5.2 dBFS  TPK:  -1.4 dBFS
[Parsed_ebur128_0 @ 0x146a064a0] t: 116.199979 TARGET:-23 LUFS    M: -16.3 S: -17.7     I: -16.5 LUFS       LRA:   3.0 LU  FTPK:  -1.5 dBFS  TPK:  -1.4 dBFS
[Parsed_ebur128_0 @ 0x146a064a0] t: 116.299979 TARGET:-23 LUFS    M: -14.7 S: -17.3     I: -16.5 LUFS       LRA:   3.0 LU  FTPK:  -1.5 dBFS  TPK:  -1.4 dBFS
[Parsed_ebur128_0 @ 0x146a064a0] t: 116.399979 TARGET:-23 LUFS    M: -15.2 S: -17.1     I: -16.5 LUFS       LRA:   3.0 LU  FTPK:  -5.0 dBFS  TPK:  -1.4 dBFS
[Parsed_ebur128_0 @ 0x146a064a0] t: 116.499979 TARGET:-23 LUFS    M: -14.9 S: -17.0     I: -16.5 LUFS       LRA:   3.0 LU  FTPK:  -4.0 dBFS  TPK:  -1.4 dBFS
[Parsed_ebur128_0 @ 0x146a064a0] t: 116.599979 TARGET:-23 LUFS    M: -15.7 S: -17.0     I: -16.5 LUFS       LRA:   3.0 LU  FTPK: -15.6 dBFS  TPK:  -1.4 dBFS
[Parsed_ebur128_0 @ 0x146a064a0] t: 116.699979 TARGET:-23 LUFS    M: -16.6 S: -16.7     I: -16.5 LUFS       LRA:   3.0 LU  FTPK:  -1.5 dBFS  TPK:  -1.4 dBFS
[Parsed_ebur128_0 @ 0x146a064a0] t: 116.799979 TARGET:-23 LUFS    M: -16.4 S: -16.5     I: -16.5 LUFS       LRA:   3.0 LU  FTPK:  -3.8 dBFS  TPK:  -1.4 dBFS
[Parsed_ebur128_0 @ 0x146a064a0] t: 116.899979 TARGET:-23 LUFS    M: -15.3 S: -16.2     I: -16.5 LUFS       LRA:   3.0 LU  FTPK:  -1.5 dBFS  TPK:  -1.4 dBFS
[Parsed_ebur128_0 @ 0x146a064a0] t: 116.999979 TARGET:-23 LUFS    M: -13.9 S: -16.1     I: -16.5 LUFS       LRA:   3.0 LU  FTPK:  -2.1 dBFS  TPK:  -1.4 dBFS
[Parsed_ebur128_0 @ 0x146a064a0] t: 117.099979 TARGET:-23 LUFS    M: -14.8 S: -16.1     I: -16.5 LUFS       LRA:   3.0 LU  FTPK:  -6.2 dBFS  TPK:  -1.4 dBFS
[Parsed_ebur128_0 @ 0x146a064a0] t: 117.199979 TARGET:-23 LUFS    M: -14.4 S: -15.9     I: -16.5 LUFS       LRA:   3.0 LU  FTPK:  -1.5 dBFS  TPK:  -1.4 dBFS
[Parsed_ebur128_0 @ 0x146a064a0] t: 117.299979 TARGET:-23 LUFS    M: -15.2 S: -16.2     I: -16.5 LUFS       LRA:   3.0 LU  FTPK:  -1.5 dBFS  TPK:  -1.4 dBFS
[Parsed_ebur128_0 @ 0x146a064a0] t: 117.399979 TARGET:-23 LUFS    M: -16.4 S: -16.1     I: -16.5 LUFS       LRA:   3.0 LU  FTPK:  -8.2 dBFS  TPK:  -1.4 dBFS
[Parsed_ebur128_0 @ 0x146a064a0] t: 117.499979 TARGET:-23 LUFS    M: -16.8 S: -16.1     I: -16.5 LUFS       LRA:   3.0 LU  FTPK:  -9.9 dBFS  TPK:  -1.4 dBFS
[Parsed_ebur128_0 @ 0x146a064a0] t: 117.599979 TARGET:-23 LUFS    M: -19.2 S: -16.4     I: -16.5 LUFS       LRA:   3.0 LU  FTPK: -15.0 dBFS  TPK:  -1.4 dBFS
[Parsed_ebur128_0 @ 0x146a064a0] t: 117.699979 TARGET:-23 LUFS    M: -22.8 S: -16.4     I: -16.5 LUFS       LRA:   3.0 LU  FTPK: -47.4 dBFS  TPK:  -1.4 dBFS
[Parsed_ebur128_0 @ 0x146a064a0] t: 117.799979 TARGET:-23 LUFS    M: -27.4 S: -16.7     I: -16.5 LUFS       LRA:   3.0 LU  FTPK: -50.5 dBFS  TPK:  -1.4 dBFS
[Parsed_ebur128_0 @ 0x146a064a0] t: 117.899979 TARGET:-23 LUFS    M: -34.3 S: -16.8     I: -16.5 LUFS       LRA:   3.0 LU  FTPK: -49.5 dBFS  TPK:  -1.4 dBFS
[Parsed_ebur128_0 @ 0x146a064a0] t: 117.999979 TARGET:-23 LUFS    M: -25.6 S: -16.8     I: -16.5 LUFS       LRA:   3.0 LU  FTPK:  -3.6 dBFS  TPK:  -1.4 dBFS
[Parsed_ebur128_0 @ 0x146a064a0] t: 118.099979 TARGET:-23 LUFS    M: -16.2 S: -16.4     I: -16.5 LUFS       LRA:   3.0 LU  FTPK:  -1.5 dBFS  TPK:  -1.4 dBFS
[Parsed_ebur128_0 @ 0x146a064a0] t: 118.199979 TARGET:-23 LUFS    M: -14.5 S: -16.3     I: -16.5 LUFS       LRA:   3.0 LU  FTPK:  -3.0 dBFS  TPK:  -1.4 dBFS
[Parsed_ebur128_0 @ 0x146a064a0] t: 118.299979 TARGET:-23 LUFS    M: -13.6 S: -16.1     I: -16.5 LUFS       LRA:   3.0 LU  FTPK:  -3.7 dBFS  TPK:  -1.4 dBFS
[Parsed_ebur128_0 @ 0x146a064a0] t: 118.399979 TARGET:-23 LUFS    M: -13.4 S: -16.0     I: -16.5 LUFS       LRA:   3.0 LU  FTPK:  -3.9 dBFS  TPK:  -1.4 dBFS
[Parsed_ebur128_0 @ 0x146a064a0] t: 118.499979 TARGET:-23 LUFS    M: -14.7 S: -15.9     I: -16.5 LUFS       LRA:   3.0 LU  FTPK:  -1.6 dBFS  TPK:  -1.4 dBFS
[Parsed_ebur128_0 @ 0x146a064a0] t: 118.599979 TARGET:-23 LUFS    M: -15.5 S: -15.9     I: -16.5 LUFS       LRA:   3.0 LU  FTPK:  -5.2 dBFS  TPK:  -1.4 dBFS
[Parsed_ebur128_0 @ 0x146a064a0] t: 118.699979 TARGET:-23 LUFS    M: -15.7 S: -15.8     I: -16.5 LUFS       LRA:   3.0 LU  FTPK:  -3.2 dBFS  TPK:  -1.4 dBFS
[Parsed_ebur128_0 @ 0x146a064a0] t: 118.799979 TARGET:-23 LUFS    M: -15.8 S: -16.0     I: -16.5 LUFS       LRA:   3.0 LU  FTPK:  -4.1 dBFS  TPK:  -1.4 dBFS
[Parsed_ebur128_0 @ 0x146a064a0] t: 118.899979 TARGET:-23 LUFS    M: -17.2 S: -16.0     I: -16.5 LUFS       LRA:   3.0 LU  FTPK:  -9.3 dBFS  TPK:  -1.4 dBFS
[Parsed_ebur128_0 @ 0x146a064a0] t: 118.999979 TARGET:-23 LUFS    M: -16.7 S: -16.1     I: -16.5 LUFS       LRA:   3.0 LU  FTPK:  -1.5 dBFS  TPK:  -1.4 dBFS
[Parsed_ebur128_0 @ 0x146a064a0] t: 119.099979 TARGET:-23 LUFS    M: -17.0 S: -16.0     I: -16.5 LUFS       LRA:   3.0 LU  FTPK:  -1.5 dBFS  TPK:  -1.4 dBFS
[Parsed_ebur128_0 @ 0x146a064a0] t: 119.199979 TARGET:-23 LUFS    M: -18.1 S: -16.1     I: -16.5 LUFS       LRA:   3.0 LU  FTPK: -16.1 dBFS  TPK:  -1.4 dBFS
[Parsed_ebur128_0 @ 0x146a064a0] t: 119.299979 TARGET:-23 LUFS    M: -16.7 S: -16.3     I: -16.5 LUFS       LRA:   3.0 LU  FTPK:  -1.5 dBFS  TPK:  -1.4 dBFS
[Parsed_ebur128_0 @ 0x146a064a0] t: 119.399979 TARGET:-23 LUFS    M: -17.6 S: -16.4     I: -16.5 LUFS       LRA:   3.0 LU  FTPK:  -5.4 dBFS  TPK:  -1.4 dBFS
[Parsed_ebur128_0 @ 0x146a064a0] t: 119.499979 TARGET:-23 LUFS    M: -18.7 S: -16.5     I: -16.5 LUFS       LRA:   3.0 LU  FTPK:  -9.0 dBFS  TPK:  -1.4 dBFS
[Parsed_ebur128_0 @ 0x146a064a0] t: 119.599979 TARGET:-23 LUFS    M: -18.8 S: -16.5     I: -16.5 LUFS       LRA:   3.0 LU  FTPK: -21.6 dBFS  TPK:  -1.4 dBFS
[Parsed_ebur128_0 @ 0x146a064a0] t: 119.699979 TARGET:-23 LUFS    M: -23.3 S: -16.8     I: -16.5 LUFS       LRA:   3.0 LU  FTPK: -33.6 dBFS  TPK:  -1.4 dBFS
[Parsed_ebur128_0 @ 0x146a064a0] t: 119.799979 TARGET:-23 LUFS    M: -28.6 S: -16.9     I: -16.5 LUFS       LRA:   3.0 LU  FTPK: -51.8 dBFS  TPK:  -1.4 dBFS
[Parsed_ebur128_0 @ 0x146a064a0] t: 119.899979 TARGET:-23 LUFS    M: -46.7 S: -17.3     I: -16.5 LUFS       LRA:   3.0 LU  FTPK: -50.4 dBFS  TPK:  -1.4 dBFS
[Parsed_ebur128_0 @ 0x146a064a0] t: 119.999979 TARGET:-23 LUFS    M: -20.0 S: -17.3     I: -16.5 LUFS       LRA:   3.0 LU  FTPK:  -1.5 dBFS  TPK:  -1.4 dBFS
[Parsed_ebur128_0 @ 0x146a064a0] t: 120.099979 TARGET:-23 LUFS    M: -16.0 S: -17.0     I: -16.5 LUFS       LRA:   3.0 LU  FTPK:  -3.5 dBFS  TPK:  -1.4 dBFS
[Parsed_ebur128_0 @ 0x146a064a0] t: 120.199979 TARGET:-23 LUFS    M: -14.9 S: -17.0     I: -16.5 LUFS       LRA:   3.0 LU  FTPK:  -3.7 dBFS  TPK:  -1.4 dBFS
[Parsed_ebur128_0 @ 0x146a064a0] t: 120.299979 TARGET:-23 LUFS    M: -13.6 S: -16.9     I: -16.5 LUFS       LRA:   3.0 LU  FTPK:  -1.5 dBFS  TPK:  -1.4 dBFS
[Parsed_ebur128_0 @ 0x146a064a0] t: 120.399979 TARGET:-23 LUFS    M: -13.8 S: -16.8     I: -16.5 LUFS       LRA:   2.9 LU  FTPK:  -4.7 dBFS  TPK:  -1.4 dBFS
[Parsed_ebur128_0 @ 0x146a064a0] t: 120.499979 TARGET:-23 LUFS    M: -14.5 S: -16.6     I: -16.5 LUFS       LRA:   2.9 LU  FTPK:  -5.2 dBFS  TPK:  -1.4 dBFS
[Parsed_ebur128_0 @ 0x146a064a0] t: 120.599979 TARGET:-23 LUFS    M: -15.2 S: -16.5     I: -16.5 LUFS       LRA:   2.9 LU  FTPK:  -9.3 dBFS  TPK:  -1.4 dBFS
[Parsed_ebur128_0 @ 0x146a064a0] t: 120.699979 TARGET:-23 LUFS    M: -15.9 S: -16.4     I: -16.5 LUFS       LRA:   2.9 LU  FTPK:  -1.9 dBFS  TPK:  -1.4 dBFS
[Parsed_ebur128_0 @ 0x146a064a0] t: 120.799979 TARGET:-23 LUFS    M: -16.1 S: -16.2     I: -16.5 LUFS       LRA:   2.9 LU  FTPK:  -6.0 dBFS  TPK:  -1.4 dBFS
[Parsed_ebur128_0 @ 0x146a064a0] t: 120.899979 TARGET:-23 LUFS    M: -16.4 S: -16.0     I: -16.5 LUFS       LRA:   2.9 LU  FTPK:  -1.5 dBFS  TPK:  -1.4 dBFS
[Parsed_ebur128_0 @ 0x146a064a0] t: 120.999979 TARGET:-23 LUFS    M: -16.6 S: -16.1     I: -16.5 LUFS       LRA:   2.9 LU  FTPK:  -5.9 dBFS  TPK:  -1.4 dBFS
[Parsed_ebur128_0 @ 0x146a064a0] t: 121.099979 TARGET:-23 LUFS    M: -15.2 S: -16.2     I: -16.5 LUFS       LRA:   2.9 LU  FTPK:  -1.5 dBFS  TPK:  -1.4 dBFS
[Parsed_ebur128_0 @ 0x146a064a0] t: 121.199979 TARGET:-23 LUFS    M: -16.0 S: -16.4     I: -16.5 LUFS       LRA:   2.9 LU  FTPK:  -5.8 dBFS  TPK:  -1.4 dBFS
[Parsed_ebur128_0 @ 0x146a064a0] t: 121.299979 TARGET:-23 LUFS    M: -16.9 S: -16.6     I: -16.5 LUFS       LRA:   2.9 LU  FTPK:  -8.5 dBFS  TPK:  -1.4 dBFS
[Parsed_ebur128_0 @ 0x146a064a0] t: 121.399979 TARGET:-23 LUFS    M: -16.7 S: -16.7     I: -16.5 LUFS       LRA:   2.9 LU  FTPK:  -9.2 dBFS  TPK:  -1.4 dBFS
[Parsed_ebur128_0 @ 0x146a064a0] t: 121.499979 TARGET:-23 LUFS    M: -20.9 S: -16.9     I: -16.5 LUFS       LRA:   2.9 LU  FTPK: -14.0 dBFS  TPK:  -1.4 dBFS
[Parsed_ebur128_0 @ 0x146a064a0] t: 121.599979 TARGET:-23 LUFS    M: -21.9 S: -17.0     I: -16.5 LUFS       LRA:   2.9 LU  FTPK: -23.6 dBFS  TPK:  -1.4 dBFS
[Parsed_ebur128_0 @ 0x146a064a0] t: 121.699979 TARGET:-23 LUFS    M: -24.2 S: -17.2     I: -16.5 LUFS       LRA:   2.9 LU  FTPK: -44.0 dBFS  TPK:  -1.4 dBFS
[Parsed_ebur128_0 @ 0x146a064a0] t: 121.799979 TARGET:-23 LUFS    M: -27.2 S: -17.4     I: -16.5 LUFS       LRA:   2.9 LU  FTPK: -23.8 dBFS  TPK:  -1.4 dBFS
[Parsed_ebur128_0 @ 0x146a064a0] t: 121.899979 TARGET:-23 LUFS    M: -19.8 S: -17.2     I: -16.5 LUFS       LRA:   2.9 LU  FTPK:  -3.6 dBFS  TPK:  -1.4 dBFS
[Parsed_ebur128_0 @ 0x146a064a0] t: 121.999979 TARGET:-23 LUFS    M: -18.5 S: -17.3     I: -16.5 LUFS       LRA:   2.9 LU  FTPK:  -6.2 dBFS  TPK:  -1.4 dBFS
[Parsed_ebur128_0 @ 0x146a064a0] t: 122.099979 TARGET:-23 LUFS    M: -15.2 S: -16.9     I: -16.5 LUFS       LRA:   2.9 LU  FTPK:  -1.5 dBFS  TPK:  -1.4 dBFS
[Parsed_ebur128_0 @ 0x146a064a0] t: 122.199979 TARGET:-23 LUFS    M: -13.9 S: -16.7     I: -16.5 LUFS       LRA:   2.9 LU  FTPK:  -7.0 dBFS  TPK:  -1.4 dBFS
[Parsed_ebur128_0 @ 0x146a064a0] t: 122.299979 TARGET:-23 LUFS    M: -13.5 S: -16.5     I: -16.5 LUFS       LRA:   2.9 LU  FTPK:  -1.5 dBFS  TPK:  -1.4 dBFS
[Parsed_ebur128_0 @ 0x146a064a0] t: 122.399979 TARGET:-23 LUFS    M: -12.5 S: -16.2     I: -16.5 LUFS       LRA:   2.9 LU  FTPK:  -2.3 dBFS  TPK:  -1.4 dBFS
[Parsed_ebur128_0 @ 0x146a064a0] t: 122.499979 TARGET:-23 LUFS    M: -12.2 S: -15.8     I: -16.5 LUFS       LRA:   2.9 LU  FTPK:  -1.5 dBFS  TPK:  -1.4 dBFS
[Parsed_ebur128_0 @ 0x146a064a0] t: 122.599979 TARGET:-23 LUFS    M: -13.0 S: -15.8     I: -16.5 LUFS       LRA:   2.9 LU  FTPK:  -8.2 dBFS  TPK:  -1.4 dBFS
[Parsed_ebur128_0 @ 0x146a064a0] t: 122.699979 TARGET:-23 LUFS    M: -12.7 S: -15.4     I: -16.5 LUFS       LRA:   2.9 LU  FTPK:  -1.5 dBFS  TPK:  -1.4 dBFS
[Parsed_ebur128_0 @ 0x146a064a0] t: 122.799979 TARGET:-23 LUFS    M: -12.7 S: -15.1     I: -16.5 LUFS       LRA:   2.9 LU  FTPK:  -2.7 dBFS  TPK:  -1.4 dBFS
[Parsed_ebur128_0 @ 0x146a064a0] t: 122.899979 TARGET:-23 LUFS    M: -13.1 S: -14.8     I: -16.5 LUFS       LRA:   2.9 LU  FTPK:  -1.5 dBFS  TPK:  -1.4 dBFS
[Parsed_ebur128_0 @ 0x146a064a0] t: 122.999979 TARGET:-23 LUFS    M: -12.2 S: -14.8     I: -16.5 LUFS       LRA:   2.9 LU  FTPK:  -2.6 dBFS  TPK:  -1.4 dBFS
[Parsed_ebur128_0 @ 0x146a064a0] t: 123.099979 TARGET:-23 LUFS    M: -12.7 S: -14.8     I: -16.5 LUFS       LRA:   3.0 LU  FTPK:  -1.5 dBFS  TPK:  -1.4 dBFS
[Parsed_ebur128_0 @ 0x146a064a0] t: 123.199979 TARGET:-23 LUFS    M: -13.3 S: -14.8     I: -16.5 LUFS       LRA:   3.0 LU  FTPK:  -2.4 dBFS  TPK:  -1.4 dBFS
[Parsed_ebur128_0 @ 0x146a064a0] t: 123.299979 TARGET:-23 LUFS    M: -14.1 S: -14.9     I: -16.4 LUFS       LRA:   3.0 LU  FTPK:  -5.4 dBFS  TPK:  -1.4 dBFS
[Parsed_ebur128_0 @ 0x146a064a0] t: 123.399979 TARGET:-23 LUFS    M: -14.3 S: -14.9     I: -16.4 LUFS       LRA:   3.0 LU  FTPK:  -3.1 dBFS  TPK:  -1.4 dBFS
[Parsed_ebur128_0 @ 0x146a064a0] t: 123.499979 TARGET:-23 LUFS    M: -15.0 S: -14.9     I: -16.4 LUFS       LRA:   3.0 LU  FTPK:  -1.5 dBFS  TPK:  -1.4 dBFS
[Parsed_ebur128_0 @ 0x146a064a0] t: 123.599979 TARGET:-23 LUFS    M: -16.4 S: -14.9     I: -16.4 LUFS       LRA:   3.0 LU  FTPK: -17.4 dBFS  TPK:  -1.4 dBFS
[Parsed_ebur128_0 @ 0x146a064a0] t: 123.699979 TARGET:-23 LUFS    M: -17.6 S: -15.1     I: -16.4 LUFS       LRA:   3.0 LU  FTPK: -29.1 dBFS  TPK:  -1.4 dBFS
[Parsed_ebur128_0 @ 0x146a064a0] t: 123.799979 TARGET:-23 LUFS    M: -21.5 S: -15.2     I: -16.4 LUFS       LRA:   3.0 LU  FTPK: -49.1 dBFS  TPK:  -1.4 dBFS
[Parsed_ebur128_0 @ 0x146a064a0] t: 123.899979 TARGET:-23 LUFS    M: -37.3 S: -15.3     I: -16.5 LUFS       LRA:   3.0 LU  FTPK: -51.4 dBFS  TPK:  -1.4 dBFS
[Parsed_ebur128_0 @ 0x146a064a0] t: 123.999979 TARGET:-23 LUFS    M: -46.9 S: -15.4     I: -16.5 LUFS       LRA:   3.0 LU  FTPK: -49.5 dBFS  TPK:  -1.4 dBFS
[Parsed_ebur128_0 @ 0x146a064a0] t: 124.099979 TARGET:-23 LUFS    M: -45.0 S: -15.7     I: -16.5 LUFS       LRA:   3.0 LU  FTPK: -24.7 dBFS  TPK:  -1.4 dBFS
[Parsed_ebur128_0 @ 0x146a064a0] t: 124.199979 TARGET:-23 LUFS    M: -20.1 S: -15.5     I: -16.5 LUFS       LRA:   3.0 LU  FTPK:  -1.5 dBFS  TPK:  -1.4 dBFS
[Parsed_ebur128_0 @ 0x146a064a0] t: 124.299979 TARGET:-23 LUFS    M: -17.8 S: -15.4     I: -16.5 LUFS       LRA:   3.0 LU  FTPK:  -1.5 dBFS  TPK:  -1.4 dBFS
[Parsed_ebur128_0 @ 0x146a064a0] t: 124.399979 TARGET:-23 LUFS    M: -15.8 S: -15.3     I: -16.5 LUFS       LRA:   3.0 LU  FTPK:  -1.5 dBFS  TPK:  -1.4 dBFS
[Parsed_ebur128_0 @ 0x146a064a0] t: 124.499979 TARGET:-23 LUFS    M: -14.3 S: -15.1     I: -16.5 LUFS       LRA:   3.0 LU  FTPK:  -1.5 dBFS  TPK:  -1.4 dBFS
[Parsed_ebur128_0 @ 0x146a064a0] t: 124.599979 TARGET:-23 LUFS    M: -14.9 S: -15.0     I: -16.4 LUFS       LRA:   3.0 LU  FTPK:  -4.0 dBFS  TPK:  -1.4 dBFS
[Parsed_ebur128_0 @ 0x146a064a0] t: 124.699979 TARGET:-23 LUFS    M: -14.1 S: -14.8     I: -16.4 LUFS       LRA:   3.0 LU  FTPK:  -1.5 dBFS  TPK:  -1.4 dBFS
[Parsed_ebur128_0 @ 0x146a064a0] t: 124.799979 TARGET:-23 LUFS    M: -14.9 S: -14.7     I: -16.4 LUFS       LRA:   3.0 LU  FTPK:  -2.2 dBFS  TPK:  -1.4 dBFS
[Parsed_ebur128_0 @ 0x146a064a0] t: 124.899979 TARGET:-23 LUFS    M: -16.1 S: -14.8     I: -16.4 LUFS       LRA:   3.1 LU  FTPK:  -6.4 dBFS  TPK:  -1.4 dBFS
[Parsed_ebur128_0 @ 0x146a064a0] t: 124.999979 TARGET:-23 LUFS    M: -16.5 S: -14.8     I: -16.4 LUFS       LRA:   3.1 LU  FTPK:  -6.5 dBFS  TPK:  -1.4 dBFS
[Parsed_ebur128_0 @ 0x146a064a0] t: 125.099979 TARGET:-23 LUFS    M: -20.0 S: -15.1     I: -16.4 LUFS       LRA:   3.1 LU  FTPK: -12.4 dBFS  TPK:  -1.4 dBFS
[Parsed_ebur128_0 @ 0x146a064a0] t: 125.199979 TARGET:-23 LUFS    M: -21.2 S: -15.3     I: -16.4 LUFS       LRA:   3.1 LU  FTPK: -13.2 dBFS  TPK:  -1.4 dBFS
[Parsed_ebur128_0 @ 0x146a064a0] t: 125.299979 TARGET:-23 LUFS    M: -23.6 S: -15.6     I: -16.5 LUFS       LRA:   3.1 LU  FTPK: -32.9 dBFS  TPK:  -1.4 dBFS
[Parsed_ebur128_0 @ 0x146a064a0] t: 125.399979 TARGET:-23 LUFS    M: -27.9 S: -15.9     I: -16.5 LUFS       LRA:   3.1 LU  FTPK: -48.4 dBFS  TPK:  -1.4 dBFS
[Parsed_ebur128_0 @ 0x146a064a0] t: 125.499979 TARGET:-23 LUFS    M: -31.1 S: -16.4     I: -16.5 LUFS       LRA:   3.1 LU  FTPK: -67.8 dBFS  TPK:  -1.4 dBFS
[Parsed_ebur128_0 @ 0x146a064a0] t: 125.599979 TARGET:-23 LUFS    M: -53.6 S: -16.4     I: -16.5 LUFS       LRA:   3.1 LU  FTPK: -53.2 dBFS  TPK:  -1.4 dBFS
[Parsed_ebur128_0 @ 0x146a064a0] t: 125.699979 TARGET:-23 LUFS    M: -22.7 S: -16.8     I: -16.5 LUFS       LRA:   3.1 LU  FTPK:  -1.5 dBFS  TPK:  -1.4 dBFS
[Parsed_ebur128_0 @ 0x146a064a0] t: 125.799979 TARGET:-23 LUFS    M: -18.3 S: -17.0     I: -16.5 LUFS       LRA:   3.1 LU  FTPK:  -2.2 dBFS  TPK:  -1.4 dBFS
[Parsed_ebur128_0 @ 0x146a064a0] t: 125.899979 TARGET:-23 LUFS    M: -17.4 S: -17.3     I: -16.5 LUFS       LRA:   3.1 LU  FTPK: -10.0 dBFS  TPK:  -1.4 dBFS
[Parsed_ebur128_0 @ 0x146a064a0] t: 125.999979 TARGET:-23 LUFS    M: -15.1 S: -17.3     I: -16.5 LUFS       LRA:   3.1 LU  FTPK:  -2.9 dBFS  TPK:  -1.4 dBFS
[Parsed_ebur128_0 @ 0x146a064a0] t: 126.099979 TARGET:-23 LUFS    M: -14.8 S: -17.4     I: -16.5 LUFS       LRA:   3.1 LU  FTPK:  -3.7 dBFS  TPK:  -1.4 dBFS
[Parsed_ebur128_0 @ 0x146a064a0] t: 126.199979 TARGET:-23 LUFS    M: -14.7 S: -17.4     I: -16.5 LUFS       LRA:   3.1 LU  FTPK:  -1.5 dBFS  TPK:  -1.4 dBFS
[Parsed_ebur128_0 @ 0x146a064a0] t: 126.299979 TARGET:-23 LUFS    M: -13.4 S: -17.1     I: -16.4 LUFS       LRA:   3.1 LU  FTPK:  -1.7 dBFS  TPK:  -1.4 dBFS
[Parsed_ebur128_0 @ 0x146a064a0] t: 126.399979 TARGET:-23 LUFS    M: -13.5 S: -17.0     I: -16.4 LUFS       LRA:   3.1 LU  FTPK:  -2.5 dBFS  TPK:  -1.4 dBFS
[Parsed_ebur128_0 @ 0x146a064a0] t: 126.499979 TARGET:-23 LUFS    M: -14.4 S: -17.2     I: -16.4 LUFS       LRA:   3.1 LU  FTPK: -15.2 dBFS  TPK:  -1.4 dBFS
[Parsed_ebur128_0 @ 0x146a064a0] t: 126.599979 TARGET:-23 LUFS    M: -14.5 S: -17.0     I: -16.4 LUFS       LRA:   3.1 LU  FTPK:  -1.5 dBFS  TPK:  -1.4 dBFS
[Parsed_ebur128_0 @ 0x146a064a0] t: 126.699979 TARGET:-23 LUFS    M: -15.5 S: -16.8     I: -16.4 LUFS       LRA:   3.1 LU  FTPK:  -1.5 dBFS  TPK:  -1.4 dBFS
[Parsed_ebur128_0 @ 0x146a064a0] t: 126.799979 TARGET:-23 LUFS    M: -16.7 S: -16.6     I: -16.4 LUFS       LRA:   3.1 LU  FTPK:  -5.9 dBFS  TPK:  -1.4 dBFS
[Parsed_ebur128_0 @ 0x146a064a0] t: 126.899979 TARGET:-23 LUFS    M: -16.8 S: -16.6     I: -16.4 LUFS       LRA:   3.1 LU  FTPK: -26.0 dBFS  TPK:  -1.4 dBFS
[Parsed_ebur128_0 @ 0x146a064a0] t: 126.999979 TARGET:-23 LUFS    M: -19.2 S: -16.6     I: -16.4 LUFS       LRA:   3.1 LU  FTPK: -49.8 dBFS  TPK:  -1.4 dBFS
[Parsed_ebur128_0 @ 0x146a064a0] t: 127.099979 TARGET:-23 LUFS    M: -19.1 S: -16.4     I: -16.4 LUFS       LRA:   3.1 LU  FTPK:  -1.5 dBFS  TPK:  -1.4 dBFS
[Parsed_ebur128_0 @ 0x146a064a0] t: 127.199979 TARGET:-23 LUFS    M: -18.4 S: -16.5     I: -16.4 LUFS       LRA:   3.1 LU  FTPK:  -2.1 dBFS  TPK:  -1.4 dBFS
[Parsed_ebur128_0 @ 0x146a064a0] t: 127.299979 TARGET:-23 LUFS    M: -18.3 S: -16.7     I: -16.4 LUFS       LRA:   3.1 LU  FTPK: -10.3 dBFS  TPK:  -1.4 dBFS
[Parsed_ebur128_0 @ 0x146a064a0] t: 127.399979 TARGET:-23 LUFS    M: -16.7 S: -16.8     I: -16.4 LUFS       LRA:   3.1 LU  FTPK:  -1.5 dBFS  TPK:  -1.4 dBFS
[Parsed_ebur128_0 @ 0x146a064a0] t: 127.499979 TARGET:-23 LUFS    M: -17.3 S: -16.9     I: -16.4 LUFS       LRA:   3.1 LU  FTPK:  -4.5 dBFS  TPK:  -1.4 dBFS
[Parsed_ebur128_0 @ 0x146a064a0] t: 127.599979 TARGET:-23 LUFS    M: -18.9 S: -17.1     I: -16.4 LUFS       LRA:   3.1 LU  FTPK: -17.8 dBFS  TPK:  -1.4 dBFS
[Parsed_ebur128_0 @ 0x146a064a0] t: 127.699979 TARGET:-23 LUFS    M: -18.0 S: -17.4     I: -16.4 LUFS       LRA:   3.1 LU  FTPK:  -1.5 dBFS  TPK:  -1.4 dBFS
[Parsed_ebur128_0 @ 0x146a064a0] t: 127.799979 TARGET:-23 LUFS    M: -18.6 S: -17.3     I: -16.5 LUFS       LRA:   3.1 LU  FTPK:  -1.7 dBFS  TPK:  -1.4 dBFS
[Parsed_ebur128_0 @ 0x146a064a0] t: 127.899979 TARGET:-23 LUFS    M: -16.8 S: -17.0     I: -16.5 LUFS       LRA:   3.1 LU  FTPK:  -2.8 dBFS  TPK:  -1.4 dBFS
[Parsed_ebur128_0 @ 0x146a064a0] t: 127.999979 TARGET:-23 LUFS    M: -13.9 S: -16.6     I: -16.4 LUFS       LRA:   3.1 LU  FTPK:  -2.2 dBFS  TPK:  -1.4 dBFS
[Parsed_ebur128_0 @ 0x146a064a0] t: 128.099979 TARGET:-23 LUFS    M: -13.8 S: -16.5     I: -16.4 LUFS       LRA:   3.1 LU  FTPK:  -5.4 dBFS  TPK:  -1.4 dBFS
[Parsed_ebur128_0 @ 0x146a064a0] t: 128.199979 TARGET:-23 LUFS    M: -13.6 S: -16.3     I: -16.4 LUFS       LRA:   3.1 LU  FTPK:  -5.0 dBFS  TPK:  -1.4 dBFS
[Parsed_ebur128_0 @ 0x146a064a0] t: 128.299979 TARGET:-23 LUFS    M: -14.4 S: -16.2     I: -16.4 LUFS       LRA:   3.1 LU  FTPK:  -1.5 dBFS  TPK:  -1.4 dBFS
[Parsed_ebur128_0 @ 0x146a064a0] t: 128.399979 TARGET:-23 LUFS    M: -16.6 S: -16.1     I: -16.4 LUFS       LRA:   3.1 LU  FTPK:  -3.5 dBFS  TPK:  -1.4 dBFS
[Parsed_ebur128_0 @ 0x146a064a0] t: 128.499979 TARGET:-23 LUFS    M: -16.8 S: -16.0     I: -16.4 LUFS       LRA:   3.1 LU  FTPK:  -7.8 dBFS  TPK:  -1.4 dBFS
[Parsed_ebur128_0 @ 0x146a064a0] t: 128.599979 TARGET:-23 LUFS    M: -18.2 S: -16.0     I: -16.4 LUFS       LRA:   3.1 LU  FTPK: -26.9 dBFS  TPK:  -1.4 dBFS
[Parsed_ebur128_0 @ 0x146a064a0] t: 128.699979 TARGET:-23 LUFS    M: -20.5 S: -16.1     I: -16.4 LUFS       LRA:   3.1 LU  FTPK: -36.7 dBFS  TPK:  -1.4 dBFS
[Parsed_ebur128_0 @ 0x146a064a0] t: 128.799979 TARGET:-23 LUFS    M: -24.4 S: -16.3     I: -16.4 LUFS       LRA:   3.1 LU  FTPK: -40.4 dBFS  TPK:  -1.4 dBFS
[Parsed_ebur128_0 @ 0x146a064a0] t: 128.899979 TARGET:-23 LUFS    M: -19.1 S: -16.1     I: -16.4 LUFS       LRA:   3.1 LU  FTPK:  -1.5 dBFS  TPK:  -1.4 dBFS
[Parsed_ebur128_0 @ 0x146a064a0] t: 128.999979 TARGET:-23 LUFS    M: -18.2 S: -16.3     I: -16.4 LUFS       LRA:   3.1 LU  FTPK:  -4.1 dBFS  TPK:  -1.4 dBFS
[Parsed_ebur128_0 @ 0x146a064a0] t: 129.099979 TARGET:-23 LUFS    M: -16.4 S: -16.3     I: -16.4 LUFS       LRA:   3.1 LU  FTPK:  -1.5 dBFS  TPK:  -1.4 dBFS
[Parsed_ebur128_0 @ 0x146a064a0] t: 129.199979 TARGET:-23 LUFS    M: -13.5 S: -16.1     I: -16.4 LUFS       LRA:   3.1 LU  FTPK:  -1.5 dBFS  TPK:  -1.4 dBFS
[Parsed_ebur128_0 @ 0x146a064a0] t: 129.299979 TARGET:-23 LUFS    M: -14.6 S: -16.4     I: -16.4 LUFS       LRA:   3.1 LU  FTPK:  -2.6 dBFS  TPK:  -1.4 dBFS
[Parsed_ebur128_0 @ 0x146a064a0] t: 129.399979 TARGET:-23 LUFS    M: -14.3 S: -16.5     I: -16.4 LUFS       LRA:   3.1 LU  FTPK:  -3.9 dBFS  TPK:  -1.4 dBFS
[Parsed_ebur128_0 @ 0x146a064a0] t: 129.499979 TARGET:-23 LUFS    M: -14.6 S: -16.4     I: -16.4 LUFS       LRA:   3.1 LU  FTPK:  -3.5 dBFS  TPK:  -1.4 dBFS
[Parsed_ebur128_0 @ 0x146a064a0] t: 129.599979 TARGET:-23 LUFS    M: -16.8 S: -16.4     I: -16.4 LUFS       LRA:   3.1 LU  FTPK:  -1.8 dBFS  TPK:  -1.4 dBFS
[Parsed_ebur128_0 @ 0x146a064a0] t: 129.699979 TARGET:-23 LUFS    M: -17.0 S: -16.6     I: -16.4 LUFS       LRA:   3.1 LU  FTPK:  -8.7 dBFS  TPK:  -1.4 dBFS
[Parsed_ebur128_0 @ 0x146a064a0] t: 129.799979 TARGET:-23 LUFS    M: -18.1 S: -16.7     I: -16.4 LUFS       LRA:   3.1 LU  FTPK: -14.0 dBFS  TPK:  -1.4 dBFS
[Parsed_ebur128_0 @ 0x146a064a0] t: 129.899979 TARGET:-23 LUFS    M: -20.0 S: -16.7     I: -16.4 LUFS       LRA:   3.1 LU  FTPK: -39.6 dBFS  TPK:  -1.4 dBFS
[Parsed_ebur128_0 @ 0x146a064a0] t: 129.999979 TARGET:-23 LUFS    M: -26.5 S: -16.7     I: -16.4 LUFS       LRA:   3.1 LU  FTPK: -44.9 dBFS  TPK:  -1.4 dBFS
[Parsed_ebur128_0 @ 0x146a064a0] t: 130.099979 TARGET:-23 LUFS    M: -33.3 S: -16.9     I: -16.4 LUFS       LRA:   3.1 LU  FTPK: -44.6 dBFS  TPK:  -1.4 dBFS
[Parsed_ebur128_0 @ 0x146a064a0] t: 130.199979 TARGET:-23 LUFS    M: -53.3 S: -17.1     I: -16.4 LUFS       LRA:   3.1 LU  FTPK: -45.2 dBFS  TPK:  -1.4 dBFS
[Parsed_ebur128_0 @ 0x146a064a0] t: 130.299979 TARGET:-23 LUFS    M: -56.3 S: -17.1     I: -16.4 LUFS       LRA:   3.1 LU  FTPK: -48.2 dBFS  TPK:  -1.4 dBFS
[Parsed_ebur128_0 @ 0x146a064a0] t: 130.399979 TARGET:-23 LUFS    M: -59.3 S: -17.3     I: -16.4 LUFS       LRA:   3.0 LU  FTPK:  -inf dBFS  TPK:  -1.4 dBFS
[Parsed_ebur128_0 @ 0x146a064a0] t: 130.499979 TARGET:-23 LUFS    M: -62.8 S: -17.5     I: -16.4 LUFS       LRA:   3.0 LU  FTPK:  -inf dBFS  TPK:  -1.4 dBFS
[Parsed_ebur128_0 @ 0x146a064a0] t: 130.599979 TARGET:-23 LUFS    M: -32.4 S: -17.5     I: -16.4 LUFS       LRA:   3.0 LU  FTPK: -10.2 dBFS  TPK:  -1.4 dBFS
[Parsed_ebur128_0 @ 0x146a064a0] t: 130.699979 TARGET:-23 LUFS    M: -16.6 S: -16.9     I: -16.4 LUFS       LRA:   3.0 LU  FTPK:  -1.5 dBFS  TPK:  -1.4 dBFS
[Parsed_ebur128_0 @ 0x146a064a0] t: 130.799979 TARGET:-23 LUFS    M: -15.8 S: -16.9     I: -16.4 LUFS       LRA:   3.0 LU  FTPK:  -3.2 dBFS  TPK:  -1.4 dBFS
[Parsed_ebur128_0 @ 0x146a064a0] t: 130.899979 TARGET:-23 LUFS    M: -14.3 S: -17.0     I: -16.4 LUFS       LRA:   3.0 LU  FTPK:  -1.5 dBFS  TPK:  -1.4 dBFS
[Parsed_ebur128_0 @ 0x146a064a0] t: 130.999979 TARGET:-23 LUFS    M: -13.2 S: -17.2     I: -16.4 LUFS       LRA:   3.0 LU  FTPK:  -1.6 dBFS  TPK:  -1.4 dBFS
[Parsed_ebur128_0 @ 0x146a064a0] t: 131.099979 TARGET:-23 LUFS    M: -15.7 S: -17.4     I: -16.4 LUFS       LRA:   3.0 LU  FTPK: -15.5 dBFS  TPK:  -1.4 dBFS
[Parsed_ebur128_0 @ 0x146a064a0] t: 131.199979 TARGET:-23 LUFS    M: -15.8 S: -17.4     I: -16.4 LUFS       LRA:   3.0 LU  FTPK:  -5.9 dBFS  TPK:  -1.4 dBFS
[Parsed_ebur128_0 @ 0x146a064a0] t: 131.299979 TARGET:-23 LUFS    M: -16.6 S: -17.4     I: -16.4 LUFS       LRA:   3.0 LU  FTPK:  -2.3 dBFS  TPK:  -1.4 dBFS
[Parsed_ebur128_0 @ 0x146a064a0] t: 131.399979 TARGET:-23 LUFS    M: -19.1 S: -17.5     I: -16.4 LUFS       LRA:   3.0 LU  FTPK:  -5.0 dBFS  TPK:  -1.4 dBFS
[Parsed_ebur128_0 @ 0x146a064a0] t: 131.499979 TARGET:-23 LUFS    M: -16.7 S: -17.4     I: -16.4 LUFS       LRA:   3.0 LU  FTPK:  -1.5 dBFS  TPK:  -1.4 dBFS
[Parsed_ebur128_0 @ 0x146a064a0] t: 131.599979 TARGET:-23 LUFS    M: -17.3 S: -17.3     I: -16.4 LUFS       LRA:   3.0 LU  FTPK:  -4.0 dBFS  TPK:  -1.4 dBFS
[Parsed_ebur128_0 @ 0x146a064a0] t: 131.699979 TARGET:-23 LUFS    M: -16.4 S: -17.0     I: -16.4 LUFS       LRA:   3.0 LU  FTPK:  -5.1 dBFS  TPK:  -1.4 dBFS
[Parsed_ebur128_0 @ 0x146a064a0] t: 131.799979 TARGET:-23 LUFS    M: -16.3 S: -16.9     I: -16.4 LUFS       LRA:   3.0 LU  FTPK:  -5.5 dBFS  TPK:  -1.4 dBFS
[Parsed_ebur128_0 @ 0x146a064a0] t: 131.899979 TARGET:-23 LUFS    M: -16.2 S: -17.0     I: -16.4 LUFS       LRA:   3.0 LU  FTPK:  -1.5 dBFS  TPK:  -1.4 dBFS
[Parsed_ebur128_0 @ 0x146a064a0] t: 131.999979 TARGET:-23 LUFS    M: -15.6 S: -17.0     I: -16.4 LUFS       LRA:   3.0 LU  FTPK:  -5.5 dBFS  TPK:  -1.4 dBFS
[Parsed_ebur128_0 @ 0x146a064a0] t: 132.099979 TARGET:-23 LUFS    M: -17.4 S: -17.2     I: -16.4 LUFS       LRA:   3.0 LU  FTPK:  -3.3 dBFS  TPK:  -1.4 dBFS
[Parsed_ebur128_0 @ 0x146a064a0] t: 132.199979 TARGET:-23 LUFS    M: -16.3 S: -17.6     I: -16.4 LUFS       LRA:   3.0 LU  FTPK:  -1.5 dBFS  TPK:  -1.4 dBFS
[Parsed_ebur128_0 @ 0x146a064a0] t: 132.299979 TARGET:-23 LUFS    M: -18.7 S: -17.7     I: -16.4 LUFS       LRA:   3.0 LU  FTPK: -20.6 dBFS  TPK:  -1.4 dBFS
[Parsed_ebur128_0 @ 0x146a064a0] t: 132.399979 TARGET:-23 LUFS    M: -20.0 S: -17.8     I: -16.4 LUFS       LRA:   3.0 LU  FTPK: -10.9 dBFS  TPK:  -1.4 dBFS
[Parsed_ebur128_0 @ 0x146a064a0] t: 132.499979 TARGET:-23 LUFS    M: -18.4 S: -17.8     I: -16.4 LUFS       LRA:   3.0 LU  FTPK:  -1.5 dBFS  TPK:  -1.4 dBFS
[Parsed_ebur128_0 @ 0x146a064a0] t: 132.599979 TARGET:-23 LUFS    M: -17.6 S: -17.7     I: -16.4 LUFS       LRA:   3.0 LU  FTPK:  -1.8 dBFS  TPK:  -1.4 dBFS
[Parsed_ebur128_0 @ 0x146a064a0] t: 132.699979 TARGET:-23 LUFS    M: -16.3 S: -17.6     I: -16.4 LUFS       LRA:   3.0 LU  FTPK:  -7.4 dBFS  TPK:  -1.4 dBFS
[Parsed_ebur128_0 @ 0x146a064a0] t: 132.799979 TARGET:-23 LUFS    M: -14.6 S: -17.2     I: -16.4 LUFS       LRA:   3.0 LU  FTPK:  -3.6 dBFS  TPK:  -1.4 dBFS
[Parsed_ebur128_0 @ 0x146a064a0] t: 132.899979 TARGET:-23 LUFS    M: -14.7 S: -17.0     I: -16.4 LUFS       LRA:   3.0 LU  FTPK:  -5.8 dBFS  TPK:  -1.4 dBFS
[Parsed_ebur128_0 @ 0x146a064a0] t: 132.999979 TARGET:-23 LUFS    M: -16.2 S: -17.0     I: -16.4 LUFS       LRA:   3.0 LU  FTPK: -12.9 dBFS  TPK:  -1.4 dBFS
[Parsed_ebur128_0 @ 0x146a064a0] t: 133.099979 TARGET:-23 LUFS    M: -16.9 S: -16.9     I: -16.4 LUFS       LRA:   3.0 LU  FTPK:  -5.6 dBFS  TPK:  -1.4 dBFS
[Parsed_ebur128_0 @ 0x146a064a0] t: 133.199979 TARGET:-23 LUFS    M: -20.0 S: -16.9     I: -16.4 LUFS       LRA:   3.0 LU  FTPK: -11.4 dBFS  TPK:  -1.4 dBFS
[Parsed_ebur128_0 @ 0x146a064a0] t: 133.299979 TARGET:-23 LUFS    M: -21.2 S: -16.8     I: -16.4 LUFS       LRA:   3.0 LU  FTPK:  -8.3 dBFS  TPK:  -1.4 dBFS
[Parsed_ebur128_0 @ 0x146a064a0] t: 133.399979 TARGET:-23 LUFS    M: -21.0 S: -16.8     I: -16.4 LUFS       LRA:   3.0 LU  FTPK:  -7.9 dBFS  TPK:  -1.4 dBFS
[Parsed_ebur128_0 @ 0x146a064a0] t: 133.499979 TARGET:-23 LUFS    M: -17.9 S: -16.5     I: -16.5 LUFS       LRA:   3.0 LU  FTPK:  -1.7 dBFS  TPK:  -1.4 dBFS
[Parsed_ebur128_0 @ 0x146a064a0] t: 133.599979 TARGET:-23 LUFS    M: -17.5 S: -16.4     I: -16.5 LUFS       LRA:   3.0 LU  FTPK:  -3.6 dBFS  TPK:  -1.4 dBFS
[Parsed_ebur128_0 @ 0x146a064a0] t: 133.699979 TARGET:-23 LUFS    M: -17.1 S: -16.9     I: -16.5 LUFS       LRA:   3.0 LU  FTPK:  -4.8 dBFS  TPK:  -1.4 dBFS
[Parsed_ebur128_0 @ 0x146a064a0] t: 133.799979 TARGET:-23 LUFS    M: -16.4 S: -16.9     I: -16.5 LUFS       LRA:   3.0 LU  FTPK:  -3.3 dBFS  TPK:  -1.4 dBFS
[Parsed_ebur128_0 @ 0x146a064a0] t: 133.899979 TARGET:-23 LUFS    M: -18.1 S: -17.1     I: -16.5 LUFS       LRA:   3.0 LU  FTPK:  -4.8 dBFS  TPK:  -1.4 dBFS
[Parsed_ebur128_0 @ 0x146a064a0] t: 133.999979 TARGET:-23 LUFS    M: -18.9 S: -17.4     I: -16.5 LUFS       LRA:   3.0 LU  FTPK: -11.5 dBFS  TPK:  -1.4 dBFS
[Parsed_ebur128_0 @ 0x146a064a0] t: 134.099979 TARGET:-23 LUFS    M: -20.4 S: -17.4     I: -16.5 LUFS       LRA:   3.0 LU  FTPK: -19.0 dBFS  TPK:  -1.4 dBFS
[Parsed_ebur128_0 @ 0x146a064a0] t: 134.199979 TARGET:-23 LUFS    M: -22.8 S: -17.5     I: -16.5 LUFS       LRA:   3.0 LU  FTPK: -18.5 dBFS  TPK:  -1.4 dBFS
[Parsed_ebur128_0 @ 0x146a064a0] t: 134.299979 TARGET:-23 LUFS    M: -29.6 S: -17.8     I: -16.5 LUFS       LRA:   3.0 LU  FTPK: -50.0 dBFS  TPK:  -1.4 dBFS
[Parsed_ebur128_0 @ 0x146a064a0] t: 134.399979 TARGET:-23 LUFS    M: -31.9 S: -17.8     I: -16.5 LUFS       LRA:   3.0 LU  FTPK: -59.9 dBFS  TPK:  -1.4 dBFS
[Parsed_ebur128_0 @ 0x146a064a0] t: 134.499979 TARGET:-23 LUFS    M: -34.2 S: -18.2     I: -16.5 LUFS       LRA:   3.0 LU  FTPK: -46.2 dBFS  TPK:  -1.4 dBFS
[Parsed_ebur128_0 @ 0x146a064a0] t: 134.599979 TARGET:-23 LUFS    M: -19.5 S: -17.8     I: -16.5 LUFS       LRA:   3.0 LU  FTPK:  -2.0 dBFS  TPK:  -1.4 dBFS
[Parsed_ebur128_0 @ 0x146a064a0] t: 134.699979 TARGET:-23 LUFS    M: -19.3 S: -18.2     I: -16.5 LUFS       LRA:   3.0 LU  FTPK:  -7.9 dBFS  TPK:  -1.4 dBFS
[Parsed_ebur128_0 @ 0x146a064a0] t: 134.799979 TARGET:-23 LUFS    M: -19.3 S: -18.3     I: -16.5 LUFS       LRA:   3.0 LU  FTPK: -18.5 dBFS  TPK:  -1.4 dBFS
[Parsed_ebur128_0 @ 0x146a064a0] t: 134.899979 TARGET:-23 LUFS    M: -18.2 S: -18.5     I: -16.5 LUFS       LRA:   3.0 LU  FTPK:  -1.5 dBFS  TPK:  -1.4 dBFS
[Parsed_ebur128_0 @ 0x146a064a0] t: 134.999979 TARGET:-23 LUFS    M: -18.2 S: -18.3     I: -16.5 LUFS       LRA:   3.0 LU  FTPK:  -1.9 dBFS  TPK:  -1.4 dBFS
[Parsed_ebur128_0 @ 0x146a064a0] t: 135.099979 TARGET:-23 LUFS    M: -15.6 S: -17.8     I: -16.5 LUFS       LRA:   3.0 LU  FTPK:  -2.3 dBFS  TPK:  -1.4 dBFS
[Parsed_ebur128_0 @ 0x146a064a0] t: 135.199979 TARGET:-23 LUFS    M: -14.5 S: -17.8     I: -16.5 LUFS       LRA:   3.0 LU  FTPK:  -6.1 dBFS  TPK:  -1.4 dBFS
[Parsed_ebur128_0 @ 0x146a064a0] t: 135.299979 TARGET:-23 LUFS    M: -13.5 S: -17.4     I: -16.5 LUFS       LRA:   3.0 LU  FTPK:  -2.9 dBFS  TPK:  -1.4 dBFS
[Parsed_ebur128_0 @ 0x146a064a0] t: 135.399979 TARGET:-23 LUFS    M: -13.8 S: -17.2     I: -16.5 LUFS       LRA:   3.0 LU  FTPK:  -5.6 dBFS  TPK:  -1.4 dBFS
[Parsed_ebur128_0 @ 0x146a064a0] t: 135.499979 TARGET:-23 LUFS    M: -15.3 S: -17.3     I: -16.5 LUFS       LRA:   3.0 LU  FTPK: -10.9 dBFS  TPK:  -1.4 dBFS
[Parsed_ebur128_0 @ 0x146a064a0] t: 135.599979 TARGET:-23 LUFS    M: -15.5 S: -17.4     I: -16.5 LUFS       LRA:   3.0 LU  FTPK:  -6.5 dBFS  TPK:  -1.4 dBFS
[Parsed_ebur128_0 @ 0x146a064a0] t: 135.699979 TARGET:-23 LUFS    M: -17.3 S: -17.5     I: -16.5 LUFS       LRA:   3.0 LU  FTPK:  -6.6 dBFS  TPK:  -1.4 dBFS
[Parsed_ebur128_0 @ 0x146a064a0] t: 135.799979 TARGET:-23 LUFS    M: -16.6 S: -17.6     I: -16.5 LUFS       LRA:   3.0 LU  FTPK:  -1.5 dBFS  TPK:  -1.4 dBFS
[Parsed_ebur128_0 @ 0x146a064a0] t: 135.899979 TARGET:-23 LUFS    M: -16.7 S: -17.7     I: -16.5 LUFS       LRA:   3.0 LU  FTPK:  -8.4 dBFS  TPK:  -1.4 dBFS
[Parsed_ebur128_0 @ 0x146a064a0] t: 135.999979 TARGET:-23 LUFS    M: -18.0 S: -17.7     I: -16.5 LUFS       LRA:   3.0 LU  FTPK: -10.4 dBFS  TPK:  -1.4 dBFS
[Parsed_ebur128_0 @ 0x146a064a0] t: 136.099979 TARGET:-23 LUFS    M: -18.5 S: -17.8     I: -16.5 LUFS       LRA:   3.0 LU  FTPK: -15.0 dBFS  TPK:  -1.4 dBFS
[Parsed_ebur128_0 @ 0x146a064a0] t: 136.199979 TARGET:-23 LUFS    M: -23.8 S: -17.8     I: -16.5 LUFS       LRA:   3.0 LU  FTPK: -15.6 dBFS  TPK:  -1.4 dBFS
[Parsed_ebur128_0 @ 0x146a064a0] t: 136.299979 TARGET:-23 LUFS    M: -25.3 S: -17.9     I: -16.5 LUFS       LRA:   3.0 LU  FTPK: -34.6 dBFS  TPK:  -1.4 dBFS
[Parsed_ebur128_0 @ 0x146a064a0] t: 136.399979 TARGET:-23 LUFS    M: -28.0 S: -17.9     I: -16.5 LUFS       LRA:   3.0 LU  FTPK: -49.5 dBFS  TPK:  -1.4 dBFS
[Parsed_ebur128_0 @ 0x146a064a0] t: 136.499979 TARGET:-23 LUFS    M: -31.0 S: -18.3     I: -16.5 LUFS       LRA:   3.0 LU  FTPK: -17.1 dBFS  TPK:  -1.4 dBFS
[Parsed_ebur128_0 @ 0x146a064a0] t: 136.599979 TARGET:-23 LUFS    M: -20.9 S: -18.1     I: -16.5 LUFS       LRA:   3.0 LU  FTPK:  -3.5 dBFS  TPK:  -1.4 dBFS
[Parsed_ebur128_0 @ 0x146a064a0] t: 136.699979 TARGET:-23 LUFS    M: -16.7 S: -17.8     I: -16.5 LUFS       LRA:   3.0 LU  FTPK:  -1.5 dBFS  TPK:  -1.4 dBFS
[Parsed_ebur128_0 @ 0x146a064a0] t: 136.799979 TARGET:-23 LUFS    M: -15.0 S: -17.6     I: -16.5 LUFS       LRA:   3.0 LU  FTPK:  -2.5 dBFS  TPK:  -1.4 dBFS
[Parsed_ebur128_0 @ 0x146a064a0] t: 136.899979 TARGET:-23 LUFS    M: -14.8 S: -17.7     I: -16.5 LUFS       LRA:   3.0 LU  FTPK: -12.1 dBFS  TPK:  -1.4 dBFS
[Parsed_ebur128_0 @ 0x146a064a0] t: 136.999979 TARGET:-23 LUFS    M: -15.9 S: -17.7     I: -16.5 LUFS       LRA:   3.0 LU  FTPK:  -7.1 dBFS  TPK:  -1.4 dBFS
[Parsed_ebur128_0 @ 0x146a064a0] t: 137.099979 TARGET:-23 LUFS    M: -14.9 S: -17.1     I: -16.5 LUFS       LRA:   3.0 LU  FTPK:  -1.9 dBFS  TPK:  -1.4 dBFS
[Parsed_ebur128_0 @ 0x146a064a0] t: 137.199979 TARGET:-23 LUFS    M: -14.4 S: -16.7     I: -16.5 LUFS       LRA:   3.0 LU  FTPK:  -1.9 dBFS  TPK:  -1.4 dBFS
[Parsed_ebur128_0 @ 0x146a064a0] t: 137.299979 TARGET:-23 LUFS    M: -13.1 S: -16.3     I: -16.5 LUFS       LRA:   3.0 LU  FTPK:  -1.5 dBFS  TPK:  -1.4 dBFS
[Parsed_ebur128_0 @ 0x146a064a0] t: 137.399979 TARGET:-23 LUFS    M: -12.7 S: -16.2     I: -16.5 LUFS       LRA:   3.0 LU  FTPK:  -4.1 dBFS  TPK:  -1.4 dBFS
[Parsed_ebur128_0 @ 0x146a064a0] t: 137.499979 TARGET:-23 LUFS    M: -13.8 S: -16.0     I: -16.4 LUFS       LRA:   3.0 LU  FTPK:  -4.3 dBFS  TPK:  -1.4 dBFS
[Parsed_ebur128_0 @ 0x146a064a0] t: 137.599979 TARGET:-23 LUFS    M: -15.5 S: -16.2     I: -16.4 LUFS       LRA:   3.0 LU  FTPK: -11.9 dBFS  TPK:  -1.4 dBFS
[Parsed_ebur128_0 @ 0x146a064a0] t: 137.699979 TARGET:-23 LUFS    M: -18.5 S: -16.2     I: -16.4 LUFS       LRA:   3.0 LU  FTPK: -39.8 dBFS  TPK:  -1.4 dBFS
[Parsed_ebur128_0 @ 0x146a064a0] t: 137.799979 TARGET:-23 LUFS    M: -20.9 S: -16.2     I: -16.5 LUFS       LRA:   3.0 LU  FTPK: -47.2 dBFS  TPK:  -1.4 dBFS
[Parsed_ebur128_0 @ 0x146a064a0] t: 137.899979 TARGET:-23 LUFS    M: -33.0 S: -16.3     I: -16.5 LUFS       LRA:   3.0 LU  FTPK: -48.9 dBFS  TPK:  -1.4 dBFS
[Parsed_ebur128_0 @ 0x146a064a0] t: 137.999979 TARGET:-23 LUFS    M: -19.4 S: -16.3     I: -16.5 LUFS       LRA:   3.0 LU  FTPK:  -1.5 dBFS  TPK:  -1.4 dBFS
[Parsed_ebur128_0 @ 0x146a064a0] t: 138.099979 TARGET:-23 LUFS    M: -18.7 S: -16.6     I: -16.5 LUFS       LRA:   3.0 LU  FTPK:  -6.4 dBFS  TPK:  -1.4 dBFS
[Parsed_ebur128_0 @ 0x146a064a0] t: 138.199979 TARGET:-23 LUFS    M: -18.5 S: -16.8     I: -16.5 LUFS       LRA:   3.0 LU  FTPK: -17.3 dBFS  TPK:  -1.4 dBFS
[Parsed_ebur128_0 @ 0x146a064a0] t: 138.299979 TARGET:-23 LUFS    M: -17.3 S: -17.0     I: -16.5 LUFS       LRA:   3.0 LU  FTPK:  -1.5 dBFS  TPK:  -1.4 dBFS
[Parsed_ebur128_0 @ 0x146a064a0] t: 138.399979 TARGET:-23 LUFS    M: -16.0 S: -16.7     I: -16.5 LUFS       LRA:   3.0 LU  FTPK:  -1.5 dBFS  TPK:  -1.4 dBFS
[Parsed_ebur128_0 @ 0x146a064a0] t: 138.499979 TARGET:-23 LUFS    M: -14.7 S: -16.5     I: -16.5 LUFS       LRA:   3.0 LU  FTPK:  -3.5 dBFS  TPK:  -1.4 dBFS
[Parsed_ebur128_0 @ 0x146a064a0] t: 138.599979 TARGET:-23 LUFS    M: -14.2 S: -16.5     I: -16.5 LUFS       LRA:   3.0 LU  FTPK:  -7.0 dBFS  TPK:  -1.4 dBFS
[Parsed_ebur128_0 @ 0x146a064a0] t: 138.699979 TARGET:-23 LUFS    M: -13.8 S: -16.4     I: -16.4 LUFS       LRA:   3.0 LU  FTPK:  -1.5 dBFS  TPK:  -1.4 dBFS
[Parsed_ebur128_0 @ 0x146a064a0] t: 138.799979 TARGET:-23 LUFS    M: -14.8 S: -16.4     I: -16.4 LUFS       LRA:   3.0 LU  FTPK:  -2.2 dBFS  TPK:  -1.4 dBFS
[Parsed_ebur128_0 @ 0x146a064a0] t: 138.899979 TARGET:-23 LUFS    M: -16.5 S: -16.5     I: -16.4 LUFS       LRA:   3.0 LU  FTPK: -20.9 dBFS  TPK:  -1.4 dBFS
[Parsed_ebur128_0 @ 0x146a064a0] t: 138.999979 TARGET:-23 LUFS    M: -17.5 S: -16.5     I: -16.4 LUFS       LRA:   3.0 LU  FTPK: -47.1 dBFS  TPK:  -1.4 dBFS
[Parsed_ebur128_0 @ 0x146a064a0] t: 139.099979 TARGET:-23 LUFS    M: -18.4 S: -16.4     I: -16.4 LUFS       LRA:   3.0 LU  FTPK:  -1.5 dBFS  TPK:  -1.4 dBFS
[Parsed_ebur128_0 @ 0x146a064a0] t: 139.199979 TARGET:-23 LUFS    M: -18.5 S: -16.2     I: -16.5 LUFS       LRA:   3.0 LU  FTPK:  -1.4 dBFS  TPK:  -1.4 dBFS
[Parsed_ebur128_0 @ 0x146a064a0] t: 139.299979 TARGET:-23 LUFS    M: -16.9 S: -16.0     I: -16.5 LUFS       LRA:   3.0 LU  FTPK:  -3.3 dBFS  TPK:  -1.4 dBFS
[Parsed_ebur128_0 @ 0x146a064a0] t: 139.399979 TARGET:-23 LUFS    M: -15.8 S: -15.9     I: -16.5 LUFS       LRA:   2.9 LU  FTPK:  -5.8 dBFS  TPK:  -1.4 dBFS
[Parsed_ebur128_0 @ 0x146a064a0] t: 139.499979 TARGET:-23 LUFS    M: -16.2 S: -15.8     I: -16.4 LUFS       LRA:   2.9 LU  FTPK:  -7.1 dBFS  TPK:  -1.4 dBFS
[Parsed_ebur128_0 @ 0x146a064a0] t: 139.599979 TARGET:-23 LUFS    M: -17.5 S: -15.9     I: -16.5 LUFS       LRA:   2.9 LU  FTPK:  -7.2 dBFS  TPK:  -1.4 dBFS
[Parsed_ebur128_0 @ 0x146a064a0] t: 139.699979 TARGET:-23 LUFS    M: -18.8 S: -16.2     I: -16.5 LUFS       LRA:   2.9 LU  FTPK: -12.1 dBFS  TPK:  -1.4 dBFS
[Parsed_ebur128_0 @ 0x146a064a0] t: 139.799979 TARGET:-23 LUFS    M: -21.1 S: -16.5     I: -16.5 LUFS       LRA:   2.9 LU  FTPK: -30.2 dBFS  TPK:  -1.4 dBFS
[Parsed_ebur128_0 @ 0x146a064a0] t: 139.899979 TARGET:-23 LUFS    M: -23.1 S: -16.5     I: -16.5 LUFS       LRA:   2.9 LU  FTPK: -47.6 dBFS  TPK:  -1.4 dBFS
[Parsed_ebur128_0 @ 0x146a064a0] t: 139.999979 TARGET:-23 LUFS    M: -27.3 S: -16.5     I: -16.5 LUFS       LRA:   2.9 LU  FTPK: -47.4 dBFS  TPK:  -1.4 dBFS
[Parsed_ebur128_0 @ 0x146a064a0] t: 140.099979 TARGET:-23 LUFS    M: -21.6 S: -16.9     I: -16.5 LUFS       LRA:   2.9 LU  FTPK:  -2.3 dBFS  TPK:  -1.4 dBFS
[Parsed_ebur128_0 @ 0x146a064a0] t: 140.199979 TARGET:-23 LUFS    M: -18.9 S: -17.1     I: -16.5 LUFS       LRA:   2.9 LU  FTPK:  -4.0 dBFS  TPK:  -1.4 dBFS
[Parsed_ebur128_0 @ 0x146a064a0] t: 140.299979 TARGET:-23 LUFS    M: -16.6 S: -17.3     I: -16.5 LUFS       LRA:   2.9 LU  FTPK:  -1.3 dBFS  TPK:  -1.3 dBFS
[Parsed_ebur128_0 @ 0x146a064a0] t: 140.399979 TARGET:-23 LUFS    M: -15.7 S: -17.3     I: -16.5 LUFS       LRA:   2.9 LU  FTPK:  -1.5 dBFS  TPK:  -1.3 dBFS
[Parsed_ebur128_0 @ 0x146a064a0] t: 140.499979 TARGET:-23 LUFS    M: -14.6 S: -17.1     I: -16.5 LUFS       LRA:   2.9 LU  FTPK:  -1.5 dBFS  TPK:  -1.3 dBFS
[Parsed_ebur128_0 @ 0x146a064a0] t: 140.599979 TARGET:-23 LUFS    M: -14.0 S: -16.8     I: -16.5 LUFS       LRA:   2.9 LU  FTPK:  -1.8 dBFS  TPK:  -1.3 dBFS
[Parsed_ebur128_0 @ 0x146a064a0] t: 140.699979 TARGET:-23 LUFS    M: -14.4 S: -16.6     I: -16.5 LUFS       LRA:   2.9 LU  FTPK:  -2.3 dBFS  TPK:  -1.3 dBFS
[Parsed_ebur128_0 @ 0x146a064a0] t: 140.799979 TARGET:-23 LUFS    M: -13.8 S: -16.4     I: -16.5 LUFS       LRA:   2.9 LU  FTPK:  -1.6 dBFS  TPK:  -1.3 dBFS
[Parsed_ebur128_0 @ 0x146a064a0] t: 140.899979 TARGET:-23 LUFS    M: -15.3 S: -16.3     I: -16.5 LUFS       LRA:   2.9 LU  FTPK:  -5.1 dBFS  TPK:  -1.3 dBFS
[Parsed_ebur128_0 @ 0x146a064a0] t: 140.999979 TARGET:-23 LUFS    M: -17.3 S: -16.6     I: -16.5 LUFS       LRA:   2.9 LU  FTPK: -20.9 dBFS  TPK:  -1.3 dBFS
[Parsed_ebur128_0 @ 0x146a064a0] t: 141.099979 TARGET:-23 LUFS    M: -19.0 S: -16.7     I: -16.5 LUFS       LRA:   2.9 LU  FTPK: -36.9 dBFS  TPK:  -1.3 dBFS
[Parsed_ebur128_0 @ 0x146a064a0] t: 141.199979 TARGET:-23 LUFS    M: -26.3 S: -16.7     I: -16.5 LUFS       LRA:   2.9 LU  FTPK: -38.9 dBFS  TPK:  -1.3 dBFS
[Parsed_ebur128_0 @ 0x146a064a0] t: 141.299979 TARGET:-23 LUFS    M: -39.0 S: -16.8     I: -16.5 LUFS       LRA:   2.9 LU  FTPK: -40.6 dBFS  TPK:  -1.3 dBFS
[Parsed_ebur128_0 @ 0x146a064a0] t: 141.399979 TARGET:-23 LUFS    M: -26.0 S: -17.3     I: -16.5 LUFS       LRA:   2.9 LU  FTPK:  -4.7 dBFS  TPK:  -1.3 dBFS
[Parsed_ebur128_0 @ 0x146a064a0] t: 141.499979 TARGET:-23 LUFS    M: -16.4 S: -17.0     I: -16.5 LUFS       LRA:   2.9 LU  FTPK:  -1.5 dBFS  TPK:  -1.3 dBFS
[Parsed_ebur128_0 @ 0x146a064a0] t: 141.599979 TARGET:-23 LUFS    M: -15.1 S: -16.9     I: -16.5 LUFS       LRA:   2.9 LU  FTPK:  -2.7 dBFS  TPK:  -1.3 dBFS
[Parsed_ebur128_0 @ 0x146a064a0] t: 141.699979 TARGET:-23 LUFS    M: -14.1 S: -16.9     I: -16.5 LUFS       LRA:   2.9 LU  FTPK:  -3.0 dBFS  TPK:  -1.3 dBFS
[Parsed_ebur128_0 @ 0x146a064a0] t: 141.799979 TARGET:-23 LUFS    M: -13.5 S: -16.9     I: -16.5 LUFS       LRA:   2.9 LU  FTPK:  -4.5 dBFS  TPK:  -1.3 dBFS
[Parsed_ebur128_0 @ 0x146a064a0] t: 141.899979 TARGET:-23 LUFS    M: -15.2 S: -16.8     I: -16.5 LUFS       LRA:   2.9 LU  FTPK:  -5.8 dBFS  TPK:  -1.3 dBFS
[Parsed_ebur128_0 @ 0x146a064a0] t: 141.999979 TARGET:-23 LUFS    M: -15.3 S: -16.6     I: -16.4 LUFS       LRA:   2.9 LU  FTPK:  -2.1 dBFS  TPK:  -1.3 dBFS
[Parsed_ebur128_0 @ 0x146a064a0] t: 142.099979 TARGET:-23 LUFS    M: -15.4 S: -16.5     I: -16.4 LUFS       LRA:   2.9 LU  FTPK:  -3.6 dBFS  TPK:  -1.3 dBFS
[Parsed_ebur128_0 @ 0x146a064a0] t: 142.199979 TARGET:-23 LUFS    M: -16.8 S: -16.7     I: -16.4 LUFS       LRA:   2.9 LU  FTPK: -26.1 dBFS  TPK:  -1.3 dBFS
[Parsed_ebur128_0 @ 0x146a064a0] t: 142.299979 TARGET:-23 LUFS    M: -17.8 S: -16.9     I: -16.4 LUFS       LRA:   2.9 LU  FTPK:  -6.9 dBFS  TPK:  -1.3 dBFS
[Parsed_ebur128_0 @ 0x146a064a0] t: 142.399979 TARGET:-23 LUFS    M: -20.4 S: -17.0     I: -16.5 LUFS       LRA:   2.9 LU  FTPK: -19.9 dBFS  TPK:  -1.3 dBFS
[Parsed_ebur128_0 @ 0x146a064a0] t: 142.499979 TARGET:-23 LUFS    M: -19.7 S: -16.9     I: -16.5 LUFS       LRA:   2.9 LU  FTPK:  -4.2 dBFS  TPK:  -1.3 dBFS
[Parsed_ebur128_0 @ 0x146a064a0] t: 142.599979 TARGET:-23 LUFS    M: -18.1 S: -16.8     I: -16.5 LUFS       LRA:   2.9 LU  FTPK:  -5.8 dBFS  TPK:  -1.3 dBFS
[Parsed_ebur128_0 @ 0x146a064a0] t: 142.699979 TARGET:-23 LUFS    M: -17.6 S: -16.8     I: -16.5 LUFS       LRA:   2.9 LU  FTPK:  -6.4 dBFS  TPK:  -1.3 dBFS
[Parsed_ebur128_0 @ 0x146a064a0] t: 142.799979 TARGET:-23 LUFS    M: -16.3 S: -16.6     I: -16.5 LUFS       LRA:   2.9 LU  FTPK:  -1.5 dBFS  TPK:  -1.3 dBFS
[Parsed_ebur128_0 @ 0x146a064a0] t: 142.899979 TARGET:-23 LUFS    M: -17.1 S: -16.5     I: -16.5 LUFS       LRA:   2.9 LU  FTPK:  -1.5 dBFS  TPK:  -1.3 dBFS
[Parsed_ebur128_0 @ 0x146a064a0] t: 142.999979 TARGET:-23 LUFS    M: -18.2 S: -16.5     I: -16.5 LUFS       LRA:   2.9 LU  FTPK: -12.0 dBFS  TPK:  -1.3 dBFS
[Parsed_ebur128_0 @ 0x146a064a0] t: 143.099979 TARGET:-23 LUFS    M: -16.9 S: -16.4     I: -16.5 LUFS       LRA:   2.9 LU  FTPK:  -1.5 dBFS  TPK:  -1.3 dBFS
[Parsed_ebur128_0 @ 0x146a064a0] t: 143.199979 TARGET:-23 LUFS    M: -17.8 S: -16.5     I: -16.5 LUFS       LRA:   2.9 LU  FTPK:  -4.8 dBFS  TPK:  -1.3 dBFS
[Parsed_ebur128_0 @ 0x146a064a0] t: 143.299979 TARGET:-23 LUFS    M: -19.4 S: -16.7     I: -16.5 LUFS       LRA:   2.9 LU  FTPK: -13.0 dBFS  TPK:  -1.3 dBFS
[Parsed_ebur128_0 @ 0x146a064a0] t: 143.399979 TARGET:-23 LUFS    M: -19.4 S: -16.9     I: -16.5 LUFS       LRA:   2.9 LU  FTPK: -15.5 dBFS  TPK:  -1.3 dBFS
[Parsed_ebur128_0 @ 0x146a064a0] t: 143.499979 TARGET:-23 LUFS    M: -26.3 S: -17.3     I: -16.5 LUFS       LRA:   2.9 LU  FTPK: -43.3 dBFS  TPK:  -1.3 dBFS
[Parsed_ebur128_0 @ 0x146a064a0] t: 143.599979 TARGET:-23 LUFS    M: -34.2 S: -17.7     I: -16.5 LUFS       LRA:   2.9 LU  FTPK: -49.8 dBFS  TPK:  -1.3 dBFS
[Parsed_ebur128_0 @ 0x146a064a0] t: 143.699979 TARGET:-23 LUFS    M: -43.6 S: -17.9     I: -16.5 LUFS       LRA:   2.9 LU  FTPK: -48.9 dBFS  TPK:  -1.3 dBFS
[Parsed_ebur128_0 @ 0x146a064a0] t: 143.799979 TARGET:-23 LUFS    M: -65.0 S: -18.2     I: -16.5 LUFS       LRA:   2.9 LU  FTPK: -129.3 dBFS  TPK:  -1.3 dBFS
[Parsed_ebur128_0 @ 0x146a064a0] t: 143.899979 TARGET:-23 LUFS    M: -72.9 S: -18.3     I: -16.5 LUFS       LRA:   2.9 LU  FTPK:  -inf dBFS  TPK:  -1.3 dBFS
[Parsed_ebur128_0 @ 0x146a064a0] t: 143.999979 TARGET:-23 LUFS    M: -79.1 S: -18.3     I: -16.5 LUFS       LRA:   2.9 LU  FTPK: -124.7 dBFS  TPK:  -1.3 dBFS
[Parsed_ebur128_0 @ 0x146a064a0] t: 144.099979 TARGET:-23 LUFS    M: -26.3 S: -18.2     I: -16.5 LUFS       LRA:   2.9 LU  FTPK:  -9.0 dBFS  TPK:  -1.3 dBFS
[Parsed_ebur128_0 @ 0x146a064a0] t: 144.199979 TARGET:-23 LUFS    M: -16.3 S: -17.5     I: -16.5 LUFS       LRA:   2.9 LU  FTPK:  -1.5 dBFS  TPK:  -1.3 dBFS
[Parsed_ebur128_0 @ 0x146a064a0] t: 144.299979 TARGET:-23 LUFS    M: -14.5 S: -17.1     I: -16.5 LUFS       LRA:   2.9 LU  FTPK:  -1.5 dBFS  TPK:  -1.3 dBFS
[Parsed_ebur128_0 @ 0x146a064a0] t: 144.399979 TARGET:-23 LUFS    M: -13.1 S: -16.8     I: -16.5 LUFS       LRA:   2.9 LU  FTPK:  -1.5 dBFS  TPK:  -1.3 dBFS
[Parsed_ebur128_0 @ 0x146a064a0] t: 144.499979 TARGET:-23 LUFS    M: -12.6 S: -17.2     I: -16.5 LUFS       LRA:   2.9 LU  FTPK:  -5.6 dBFS  TPK:  -1.3 dBFS
[Parsed_ebur128_0 @ 0x146a064a0] t: 144.599979 TARGET:-23 LUFS    M: -14.0 S: -17.2     I: -16.5 LUFS       LRA:   2.9 LU  FTPK:  -3.5 dBFS  TPK:  -1.3 dBFS
[Parsed_ebur128_0 @ 0x146a064a0] t: 144.699979 TARGET:-23 LUFS    M: -14.1 S: -17.1     I: -16.5 LUFS       LRA:   2.9 LU  FTPK:  -3.4 dBFS  TPK:  -1.3 dBFS
[Parsed_ebur128_0 @ 0x146a064a0] t: 144.799979 TARGET:-23 LUFS    M: -15.8 S: -17.4     I: -16.5 LUFS       LRA:   2.9 LU  FTPK: -11.6 dBFS  TPK:  -1.3 dBFS
[Parsed_ebur128_0 @ 0x146a064a0] t: 144.899979 TARGET:-23 LUFS    M: -15.9 S: -17.3     I: -16.5 LUFS       LRA:   2.9 LU  FTPK:  -1.6 dBFS  TPK:  -1.3 dBFS
[Parsed_ebur128_0 @ 0x146a064a0] t: 144.999979 TARGET:-23 LUFS    M: -16.5 S: -17.4     I: -16.5 LUFS       LRA:   2.9 LU  FTPK:  -3.5 dBFS  TPK:  -1.3 dBFS
[Parsed_ebur128_0 @ 0x146a064a0] t: 145.099979 TARGET:-23 LUFS    M: -19.6 S: -17.7     I: -16.5 LUFS       LRA:   2.9 LU  FTPK: -34.7 dBFS  TPK:  -1.3 dBFS
[Parsed_ebur128_0 @ 0x146a064a0] t: 145.199979 TARGET:-23 LUFS    M: -19.8 S: -17.7     I: -16.5 LUFS       LRA:   2.9 LU  FTPK: -27.3 dBFS  TPK:  -1.3 dBFS
[Parsed_ebur128_0 @ 0x146a064a0] t: 145.299979 TARGET:-23 LUFS    M: -17.2 S: -17.2     I: -16.5 LUFS       LRA:   2.9 LU  FTPK:  -1.5 dBFS  TPK:  -1.3 dBFS
[Parsed_ebur128_0 @ 0x146a064a0] t: 145.399979 TARGET:-23 LUFS    M: -15.4 S: -16.9     I: -16.5 LUFS       LRA:   2.9 LU  FTPK:  -2.3 dBFS  TPK:  -1.3 dBFS
[Parsed_ebur128_0 @ 0x146a064a0] t: 145.499979 TARGET:-23 LUFS    M: -15.3 S: -17.1     I: -16.5 LUFS       LRA:   2.9 LU  FTPK: -12.5 dBFS  TPK:  -1.3 dBFS
[Parsed_ebur128_0 @ 0x146a064a0] t: 145.599979 TARGET:-23 LUFS    M: -15.3 S: -17.2     I: -16.5 LUFS       LRA:   2.9 LU  FTPK: -33.5 dBFS  TPK:  -1.3 dBFS
[Parsed_ebur128_0 @ 0x146a064a0] t: 145.699979 TARGET:-23 LUFS    M: -18.2 S: -17.3     I: -16.5 LUFS       LRA:   2.9 LU  FTPK:  -9.8 dBFS  TPK:  -1.3 dBFS
[Parsed_ebur128_0 @ 0x146a064a0] t: 145.799979 TARGET:-23 LUFS    M: -14.8 S: -16.6     I: -16.4 LUFS       LRA:   2.9 LU  FTPK:  -1.9 dBFS  TPK:  -1.3 dBFS
[Parsed_ebur128_0 @ 0x146a064a0] t: 145.899979 TARGET:-23 LUFS    M: -14.7 S: -16.7     I: -16.4 LUFS       LRA:   2.9 LU  FTPK:  -6.0 dBFS  TPK:  -1.3 dBFS
[Parsed_ebur128_0 @ 0x146a064a0] t: 145.999979 TARGET:-23 LUFS    M: -13.8 S: -16.5     I: -16.4 LUFS       LRA:   2.9 LU  FTPK:  -2.0 dBFS  TPK:  -1.3 dBFS
[Parsed_ebur128_0 @ 0x146a064a0] t: 146.099979 TARGET:-23 LUFS    M: -13.9 S: -16.7     I: -16.4 LUFS       LRA:   2.9 LU  FTPK:  -4.3 dBFS  TPK:  -1.3 dBFS
[Parsed_ebur128_0 @ 0x146a064a0] t: 146.199979 TARGET:-23 LUFS    M: -19.2 S: -16.7     I: -16.4 LUFS       LRA:   2.9 LU  FTPK: -20.8 dBFS  TPK:  -1.3 dBFS
[Parsed_ebur128_0 @ 0x146a064a0] t: 146.299979 TARGET:-23 LUFS    M: -19.9 S: -16.7     I: -16.4 LUFS       LRA:   2.9 LU  FTPK: -42.1 dBFS  TPK:  -1.3 dBFS
[Parsed_ebur128_0 @ 0x146a064a0] t: 146.399979 TARGET:-23 LUFS    M: -25.4 S: -16.7     I: -16.4 LUFS       LRA:   2.9 LU  FTPK: -43.7 dBFS  TPK:  -1.3 dBFS
[Parsed_ebur128_0 @ 0x146a064a0] t: 146.499979 TARGET:-23 LUFS    M: -22.1 S: -16.6     I: -16.4 LUFS       LRA:   2.9 LU  FTPK:  -1.9 dBFS  TPK:  -1.3 dBFS
[Parsed_ebur128_0 @ 0x146a064a0] t: 146.599979 TARGET:-23 LUFS    M: -19.6 S: -16.4     I: -16.5 LUFS       LRA:   2.9 LU  FTPK:  -2.2 dBFS  TPK:  -1.3 dBFS
[Parsed_ebur128_0 @ 0x146a064a0] t: 146.699979 TARGET:-23 LUFS    M: -18.6 S: -16.4     I: -16.5 LUFS       LRA:   2.9 LU  FTPK:  -2.1 dBFS  TPK:  -1.3 dBFS
[Parsed_ebur128_0 @ 0x146a064a0] t: 146.799979 TARGET:-23 LUFS    M: -14.8 S: -15.9     I: -16.5 LUFS       LRA:   2.9 LU  FTPK:  -1.5 dBFS  TPK:  -1.3 dBFS
[Parsed_ebur128_0 @ 0x146a064a0] t: 146.899979 TARGET:-23 LUFS    M: -13.5 S: -15.5     I: -16.4 LUFS       LRA:   2.9 LU  FTPK:  -1.5 dBFS  TPK:  -1.3 dBFS
[Parsed_ebur128_0 @ 0x146a064a0] t: 146.999979 TARGET:-23 LUFS    M: -12.7 S: -15.3     I: -16.4 LUFS       LRA:   2.9 LU  FTPK:  -1.5 dBFS  TPK:  -1.3 dBFS
[Parsed_ebur128_0 @ 0x146a064a0] t: 147.099979 TARGET:-23 LUFS    M: -12.4 S: -15.2     I: -16.4 LUFS       LRA:   2.9 LU  FTPK:  -4.5 dBFS  TPK:  -1.3 dBFS
[Parsed_ebur128_0 @ 0x146a064a0] t: 147.199979 TARGET:-23 LUFS    M: -13.6 S: -15.5     I: -16.4 LUFS       LRA:   2.9 LU  FTPK:  -8.0 dBFS  TPK:  -1.3 dBFS
[Parsed_ebur128_0 @ 0x146a064a0] t: 147.299979 TARGET:-23 LUFS    M: -14.0 S: -15.4     I: -16.4 LUFS       LRA:   2.9 LU  FTPK:  -1.5 dBFS  TPK:  -1.3 dBFS
[Parsed_ebur128_0 @ 0x146a064a0] t: 147.399979 TARGET:-23 LUFS    M: -15.4 S: -15.7     I: -16.4 LUFS       LRA:   2.9 LU  FTPK:  -7.4 dBFS  TPK:  -1.3 dBFS
[Parsed_ebur128_0 @ 0x146a064a0] t: 147.499979 TARGET:-23 LUFS    M: -14.8 S: -15.6     I: -16.4 LUFS       LRA:   2.9 LU  FTPK:  -3.0 dBFS  TPK:  -1.3 dBFS
[Parsed_ebur128_0 @ 0x146a064a0] t: 147.599979 TARGET:-23 LUFS    M: -14.4 S: -15.5     I: -16.4 LUFS       LRA:   2.9 LU  FTPK:  -1.5 dBFS  TPK:  -1.3 dBFS
[Parsed_ebur128_0 @ 0x146a064a0] t: 147.699979 TARGET:-23 LUFS    M: -15.1 S: -15.6     I: -16.4 LUFS       LRA:   2.9 LU  FTPK:  -1.5 dBFS  TPK:  -1.3 dBFS
[Parsed_ebur128_0 @ 0x146a064a0] t: 147.799979 TARGET:-23 LUFS    M: -14.9 S: -15.5     I: -16.4 LUFS       LRA:   2.9 LU  FTPK:  -5.0 dBFS  TPK:  -1.3 dBFS
[Parsed_ebur128_0 @ 0x146a064a0] t: 147.899979 TARGET:-23 LUFS    M: -16.4 S: -15.7     I: -16.4 LUFS       LRA:   2.9 LU  FTPK: -12.3 dBFS  TPK:  -1.3 dBFS
[Parsed_ebur128_0 @ 0x146a064a0] t: 147.999979 TARGET:-23 LUFS    M: -18.2 S: -15.7     I: -16.4 LUFS       LRA:   2.9 LU  FTPK: -15.3 dBFS  TPK:  -1.3 dBFS
[Parsed_ebur128_0 @ 0x146a064a0] t: 148.099979 TARGET:-23 LUFS    M: -22.0 S: -15.7     I: -16.4 LUFS       LRA:   2.9 LU  FTPK: -17.7 dBFS  TPK:  -1.3 dBFS
[Parsed_ebur128_0 @ 0x146a064a0] t: 148.199979 TARGET:-23 LUFS    M: -26.5 S: -15.7     I: -16.4 LUFS       LRA:   2.9 LU  FTPK: -51.9 dBFS  TPK:  -1.3 dBFS
[Parsed_ebur128_0 @ 0x146a064a0] t: 148.299979 TARGET:-23 LUFS    M: -29.4 S: -16.1     I: -16.4 LUFS       LRA:   2.9 LU  FTPK:  -5.6 dBFS  TPK:  -1.3 dBFS
[Parsed_ebur128_0 @ 0x146a064a0] t: 148.399979 TARGET:-23 LUFS    M: -16.7 S: -15.9     I: -16.4 LUFS       LRA:   2.9 LU  FTPK:  -1.5 dBFS  TPK:  -1.3 dBFS
[Parsed_ebur128_0 @ 0x146a064a0] t: 148.499979 TARGET:-23 LUFS    M: -16.1 S: -15.8     I: -16.4 LUFS       LRA:   2.9 LU  FTPK:  -7.4 dBFS  TPK:  -1.3 dBFS
[Parsed_ebur128_0 @ 0x146a064a0] t: 148.599979 TARGET:-23 LUFS    M: -14.5 S: -15.6     I: -16.4 LUFS       LRA:   2.9 LU  FTPK:  -4.9 dBFS  TPK:  -1.3 dBFS
[Parsed_ebur128_0 @ 0x146a064a0] t: 148.699979 TARGET:-23 LUFS    M: -13.7 S: -15.5     I: -16.4 LUFS       LRA:   2.9 LU  FTPK:  -7.1 dBFS  TPK:  -1.3 dBFS
[Parsed_ebur128_0 @ 0x146a064a0] t: 148.799979 TARGET:-23 LUFS    M: -15.7 S: -16.0     I: -16.4 LUFS       LRA:   2.9 LU  FTPK:  -8.2 dBFS  TPK:  -1.3 dBFS
[Parsed_ebur128_0 @ 0x146a064a0] t: 148.899979 TARGET:-23 LUFS    M: -14.6 S: -15.8     I: -16.4 LUFS       LRA:   2.9 LU  FTPK:  -1.5 dBFS  TPK:  -1.3 dBFS
[Parsed_ebur128_0 @ 0x146a064a0] t: 148.999979 TARGET:-23 LUFS    M: -16.1 S: -15.9     I: -16.4 LUFS       LRA:   2.9 LU  FTPK: -10.9 dBFS  TPK:  -1.3 dBFS
[Parsed_ebur128_0 @ 0x146a064a0] t: 149.099979 TARGET:-23 LUFS    M: -16.5 S: -15.9     I: -16.4 LUFS       LRA:   2.9 LU  FTPK:  -8.7 dBFS  TPK:  -1.3 dBFS
[Parsed_ebur128_0 @ 0x146a064a0] t: 149.199979 TARGET:-23 LUFS    M: -17.0 S: -15.8     I: -16.4 LUFS       LRA:   2.9 LU  FTPK:  -8.4 dBFS  TPK:  -1.3 dBFS
[Parsed_ebur128_0 @ 0x146a064a0] t: 149.299979 TARGET:-23 LUFS    M: -17.8 S: -15.7     I: -16.4 LUFS       LRA:   2.9 LU  FTPK:  -3.9 dBFS  TPK:  -1.3 dBFS
[Parsed_ebur128_0 @ 0x146a064a0] t: 149.399979 TARGET:-23 LUFS    M: -18.0 S: -15.7     I: -16.4 LUFS       LRA:   2.9 LU  FTPK: -12.8 dBFS  TPK:  -1.3 dBFS
[Parsed_ebur128_0 @ 0x146a064a0] t: 149.499979 TARGET:-23 LUFS    M: -19.8 S: -15.8     I: -16.4 LUFS       LRA:   2.9 LU  FTPK: -18.1 dBFS  TPK:  -1.3 dBFS
[Parsed_ebur128_0 @ 0x146a064a0] t: 149.599979 TARGET:-23 LUFS    M: -17.7 S: -15.7     I: -16.4 LUFS       LRA:   2.9 LU  FTPK:  -1.5 dBFS  TPK:  -1.3 dBFS
[Parsed_ebur128_0 @ 0x146a064a0] t: 149.699979 TARGET:-23 LUFS    M: -19.3 S: -15.7     I: -16.4 LUFS       LRA:   2.9 LU  FTPK:  -6.6 dBFS  TPK:  -1.3 dBFS
[Parsed_ebur128_0 @ 0x146a064a0] t: 149.799979 TARGET:-23 LUFS    M: -18.1 S: -16.0     I: -16.4 LUFS       LRA:   2.9 LU  FTPK:  -8.9 dBFS  TPK:  -1.3 dBFS
[Parsed_ebur128_0 @ 0x146a064a0] t: 149.899979 TARGET:-23 LUFS    M: -17.1 S: -16.4     I: -16.4 LUFS       LRA:   2.9 LU  FTPK:  -5.2 dBFS  TPK:  -1.3 dBFS
[Parsed_ebur128_0 @ 0x146a064a0] t: 149.999979 TARGET:-23 LUFS    M: -18.0 S: -16.6     I: -16.4 LUFS       LRA:   2.9 LU  FTPK:  -4.6 dBFS  TPK:  -1.3 dBFS
[Parsed_ebur128_0 @ 0x146a064a0] t: 150.099979 TARGET:-23 LUFS    M: -18.5 S: -16.8     I: -16.4 LUFS       LRA:   2.9 LU  FTPK: -12.9 dBFS  TPK:  -1.3 dBFS
[Parsed_ebur128_0 @ 0x146a064a0] t: 150.199979 TARGET:-23 LUFS    M: -19.3 S: -16.9     I: -16.4 LUFS       LRA:   2.9 LU  FTPK: -13.5 dBFS  TPK:  -1.3 dBFS
[Parsed_ebur128_0 @ 0x146a064a0] t: 150.299979 TARGET:-23 LUFS    M: -21.2 S: -17.3     I: -16.4 LUFS       LRA:   2.9 LU  FTPK: -24.4 dBFS  TPK:  -1.3 dBFS
[Parsed_ebur128_0 @ 0x146a064a0] t: 150.399979 TARGET:-23 LUFS    M: -26.4 S: -17.4     I: -16.4 LUFS       LRA:   2.9 LU  FTPK: -41.8 dBFS  TPK:  -1.3 dBFS
[Parsed_ebur128_0 @ 0x146a064a0] t: 150.499979 TARGET:-23 LUFS    M: -27.8 S: -17.7     I: -16.4 LUFS       LRA:   2.9 LU  FTPK: -42.5 dBFS  TPK:  -1.3 dBFS
[Parsed_ebur128_0 @ 0x146a064a0] t: 150.599979 TARGET:-23 LUFS    M: -37.2 S: -18.0     I: -16.4 LUFS       LRA:   2.9 LU  FTPK: -11.0 dBFS  TPK:  -1.3 dBFS
[Parsed_ebur128_0 @ 0x146a064a0] t: 150.699979 TARGET:-23 LUFS    M: -25.6 S: -18.3     I: -16.4 LUFS       LRA:   2.9 LU  FTPK:  -4.2 dBFS  TPK:  -1.3 dBFS
[Parsed_ebur128_0 @ 0x146a064a0] t: 150.799979 TARGET:-23 LUFS    M: -21.1 S: -18.2     I: -16.4 LUFS       LRA:   2.9 LU  FTPK:  -1.5 dBFS  TPK:  -1.3 dBFS
[Parsed_ebur128_0 @ 0x146a064a0] t: 150.899979 TARGET:-23 LUFS    M: -17.0 S: -17.8     I: -16.4 LUFS       LRA:   2.9 LU  FTPK:  -1.5 dBFS  TPK:  -1.3 dBFS
[Parsed_ebur128_0 @ 0x146a064a0] t: 150.999979 TARGET:-23 LUFS    M: -15.9 S: -17.6     I: -16.4 LUFS       LRA:   2.9 LU  FTPK:  -4.0 dBFS  TPK:  -1.3 dBFS
[Parsed_ebur128_0 @ 0x146a064a0] t: 151.099979 TARGET:-23 LUFS    M: -15.9 S: -17.6     I: -16.4 LUFS       LRA:   2.9 LU  FTPK:  -7.3 dBFS  TPK:  -1.3 dBFS
[Parsed_ebur128_0 @ 0x146a064a0] t: 151.199979 TARGET:-23 LUFS    M: -15.0 S: -17.2     I: -16.4 LUFS       LRA:   2.9 LU  FTPK:  -1.5 dBFS  TPK:  -1.3 dBFS
[Parsed_ebur128_0 @ 0x146a064a0] t: 151.299979 TARGET:-23 LUFS    M: -16.5 S: -17.1     I: -16.4 LUFS       LRA:   2.9 LU  FTPK:  -1.5 dBFS  TPK:  -1.3 dBFS
[Parsed_ebur128_0 @ 0x146a064a0] t: 151.399979 TARGET:-23 LUFS    M: -16.0 S: -17.5     I: -16.4 LUFS       LRA:   2.9 LU  FTPK:  -6.0 dBFS  TPK:  -1.3 dBFS
[Parsed_ebur128_0 @ 0x146a064a0] t: 151.499979 TARGET:-23 LUFS    M: -15.1 S: -17.3     I: -16.4 LUFS       LRA:   2.9 LU  FTPK:  -5.2 dBFS  TPK:  -1.3 dBFS
[Parsed_ebur128_0 @ 0x146a064a0] t: 151.599979 TARGET:-23 LUFS    M: -16.9 S: -17.7     I: -16.4 LUFS       LRA:   2.9 LU  FTPK: -19.5 dBFS  TPK:  -1.3 dBFS
[Parsed_ebur128_0 @ 0x146a064a0] t: 151.699979 TARGET:-23 LUFS    M: -17.6 S: -18.0     I: -16.4 LUFS       LRA:   2.9 LU  FTPK: -39.7 dBFS  TPK:  -1.3 dBFS
[Parsed_ebur128_0 @ 0x146a064a0] t: 151.799979 TARGET:-23 LUFS    M: -20.5 S: -18.1     I: -16.4 LUFS       LRA:   2.9 LU  FTPK: -42.7 dBFS  TPK:  -1.3 dBFS
[Parsed_ebur128_0 @ 0x146a064a0] t: 151.899979 TARGET:-23 LUFS    M: -38.2 S: -18.6     I: -16.4 LUFS       LRA:   2.9 LU  FTPK: -42.4 dBFS  TPK:  -1.3 dBFS
[Parsed_ebur128_0 @ 0x146a064a0] t: 151.999979 TARGET:-23 LUFS    M: -21.1 S: -18.3     I: -16.4 LUFS       LRA:   2.9 LU  FTPK:  -1.5 dBFS  TPK:  -1.3 dBFS
[Parsed_ebur128_0 @ 0x146a064a0] t: 152.099979 TARGET:-23 LUFS    M: -18.6 S: -18.3     I: -16.5 LUFS       LRA:   2.9 LU  FTPK:  -3.0 dBFS  TPK:  -1.3 dBFS
[Parsed_ebur128_0 @ 0x146a064a0] t: 152.199979 TARGET:-23 LUFS    M: -17.1 S: -18.2     I: -16.5 LUFS       LRA:   2.9 LU  FTPK:  -2.8 dBFS  TPK:  -1.3 dBFS
[Parsed_ebur128_0 @ 0x146a064a0] t: 152.299979 TARGET:-23 LUFS    M: -17.0 S: -18.5     I: -16.5 LUFS       LRA:   2.9 LU  FTPK: -16.6 dBFS  TPK:  -1.3 dBFS
[Parsed_ebur128_0 @ 0x146a064a0] t: 152.399979 TARGET:-23 LUFS    M: -16.4 S: -18.1     I: -16.5 LUFS       LRA:   2.9 LU  FTPK:  -1.7 dBFS  TPK:  -1.3 dBFS
[Parsed_ebur128_0 @ 0x146a064a0] t: 152.499979 TARGET:-23 LUFS    M: -15.2 S: -17.6     I: -16.4 LUFS       LRA:   2.9 LU  FTPK:  -1.5 dBFS  TPK:  -1.3 dBFS
[Parsed_ebur128_0 @ 0x146a064a0] t: 152.599979 TARGET:-23 LUFS    M: -14.6 S: -17.5     I: -16.4 LUFS       LRA:   2.9 LU  FTPK:  -1.9 dBFS  TPK:  -1.3 dBFS
[Parsed_ebur128_0 @ 0x146a064a0] t: 152.699979 TARGET:-23 LUFS    M: -13.5 S: -17.3     I: -16.4 LUFS       LRA:   2.9 LU  FTPK:  -3.0 dBFS  TPK:  -1.3 dBFS
[Parsed_ebur128_0 @ 0x146a064a0] t: 152.799979 TARGET:-23 LUFS    M: -14.3 S: -17.3     I: -16.4 LUFS       LRA:   2.9 LU  FTPK:  -6.1 dBFS  TPK:  -1.3 dBFS
[Parsed_ebur128_0 @ 0x146a064a0] t: 152.899979 TARGET:-23 LUFS    M: -16.2 S: -17.4     I: -16.4 LUFS       LRA:   2.9 LU  FTPK: -11.6 dBFS  TPK:  -1.3 dBFS
[Parsed_ebur128_0 @ 0x146a064a0] t: 152.999979 TARGET:-23 LUFS    M: -18.7 S: -17.6     I: -16.4 LUFS       LRA:   2.9 LU  FTPK: -24.1 dBFS  TPK:  -1.3 dBFS
[Parsed_ebur128_0 @ 0x146a064a0] t: 153.099979 TARGET:-23 LUFS    M: -23.9 S: -17.6     I: -16.4 LUFS       LRA:   2.9 LU  FTPK: -41.4 dBFS  TPK:  -1.3 dBFS
[Parsed_ebur128_0 @ 0x146a064a0] t: 153.199979 TARGET:-23 LUFS    M: -31.3 S: -17.7     I: -16.4 LUFS       LRA:   2.9 LU  FTPK: -16.7 dBFS  TPK:  -1.3 dBFS
[Parsed_ebur128_0 @ 0x146a064a0] t: 153.299979 TARGET:-23 LUFS    M: -19.5 S: -17.3     I: -16.4 LUFS       LRA:   2.9 LU  FTPK:  -1.5 dBFS  TPK:  -1.3 dBFS
[Parsed_ebur128_0 @ 0x146a064a0] t: 153.399979 TARGET:-23 LUFS    M: -17.6 S: -17.1     I: -16.4 LUFS       LRA:   2.9 LU  FTPK:  -2.3 dBFS  TPK:  -1.3 dBFS
[Parsed_ebur128_0 @ 0x146a064a0] t: 153.499979 TARGET:-23 LUFS    M: -17.4 S: -17.1     I: -16.4 LUFS       LRA:   2.9 LU  FTPK: -10.6 dBFS  TPK:  -1.3 dBFS
[Parsed_ebur128_0 @ 0x146a064a0] t: 153.599979 TARGET:-23 LUFS    M: -17.5 S: -17.1     I: -16.5 LUFS       LRA:   2.9 LU  FTPK: -17.2 dBFS  TPK:  -1.3 dBFS
[Parsed_ebur128_0 @ 0x146a064a0] t: 153.699979 TARGET:-23 LUFS    M: -17.8 S: -16.9     I: -16.5 LUFS       LRA:   2.9 LU  FTPK:  -1.6 dBFS  TPK:  -1.3 dBFS
[Parsed_ebur128_0 @ 0x146a064a0] t: 153.799979 TARGET:-23 LUFS    M: -18.0 S: -16.9     I: -16.5 LUFS       LRA:   2.9 LU  FTPK:  -5.2 dBFS  TPK:  -1.3 dBFS
[Parsed_ebur128_0 @ 0x146a064a0] t: 153.899979 TARGET:-23 LUFS    M: -16.0 S: -17.0     I: -16.5 LUFS       LRA:   2.9 LU  FTPK:  -1.5 dBFS  TPK:  -1.3 dBFS
[Parsed_ebur128_0 @ 0x146a064a0] t: 153.999979 TARGET:-23 LUFS    M: -15.1 S: -17.0     I: -16.5 LUFS       LRA:   2.8 LU  FTPK:  -1.5 dBFS  TPK:  -1.3 dBFS
[Parsed_ebur128_0 @ 0x146a064a0] t: 154.099979 TARGET:-23 LUFS    M: -14.1 S: -16.5     I: -16.4 LUFS       LRA:   2.8 LU  FTPK:  -1.5 dBFS  TPK:  -1.3 dBFS
[Parsed_ebur128_0 @ 0x146a064a0] t: 154.199979 TARGET:-23 LUFS    M: -14.6 S: -16.8     I: -16.4 LUFS       LRA:   2.8 LU  FTPK:  -7.2 dBFS  TPK:  -1.3 dBFS
[Parsed_ebur128_0 @ 0x146a064a0] t: 154.299979 TARGET:-23 LUFS    M: -16.0 S: -16.9     I: -16.4 LUFS       LRA:   2.8 LU  FTPK: -20.5 dBFS  TPK:  -1.3 dBFS
[Parsed_ebur128_0 @ 0x146a064a0] t: 154.399979 TARGET:-23 LUFS    M: -17.2 S: -17.1     I: -16.4 LUFS       LRA:   2.8 LU  FTPK: -18.3 dBFS  TPK:  -1.3 dBFS
[Parsed_ebur128_0 @ 0x146a064a0] t: 154.499979 TARGET:-23 LUFS    M: -20.8 S: -17.2     I: -16.4 LUFS       LRA:   2.8 LU  FTPK:  -7.0 dBFS  TPK:  -1.3 dBFS
[Parsed_ebur128_0 @ 0x146a064a0] t: 154.599979 TARGET:-23 LUFS    M: -16.0 S: -16.7     I: -16.4 LUFS       LRA:   2.8 LU  FTPK:  -1.5 dBFS  TPK:  -1.3 dBFS
[Parsed_ebur128_0 @ 0x146a064a0] t: 154.699979 TARGET:-23 LUFS    M: -16.0 S: -16.7     I: -16.4 LUFS       LRA:   2.8 LU  FTPK: -21.0 dBFS  TPK:  -1.3 dBFS
[Parsed_ebur128_0 @ 0x146a064a0] t: 154.799979 TARGET:-23 LUFS    M: -14.9 S: -16.5     I: -16.4 LUFS       LRA:   2.8 LU  FTPK:  -1.5 dBFS  TPK:  -1.3 dBFS
[Parsed_ebur128_0 @ 0x146a064a0] t: 154.899979 TARGET:-23 LUFS    M: -15.2 S: -16.4     I: -16.4 LUFS       LRA:   2.8 LU  FTPK:  -4.8 dBFS  TPK:  -1.3 dBFS
[Parsed_ebur128_0 @ 0x146a064a0] t: 154.999979 TARGET:-23 LUFS    M: -19.0 S: -16.5     I: -16.4 LUFS       LRA:   2.8 LU  FTPK: -11.1 dBFS  TPK:  -1.3 dBFS
[Parsed_ebur128_0 @ 0x146a064a0] t: 155.099979 TARGET:-23 LUFS    M: -19.0 S: -16.7     I: -16.4 LUFS       LRA:   2.8 LU  FTPK: -31.8 dBFS  TPK:  -1.3 dBFS
[Parsed_ebur128_0 @ 0x146a064a0] t: 155.199979 TARGET:-23 LUFS    M: -19.2 S: -16.7     I: -16.5 LUFS       LRA:   2.8 LU  FTPK:  -1.5 dBFS  TPK:  -1.3 dBFS
[Parsed_ebur128_0 @ 0x146a064a0] t: 155.299979 TARGET:-23 LUFS    M: -19.7 S: -16.6     I: -16.5 LUFS       LRA:   2.8 LU  FTPK:  -2.6 dBFS  TPK:  -1.3 dBFS
[Parsed_ebur128_0 @ 0x146a064a0] t: 155.399979 TARGET:-23 LUFS    M: -19.0 S: -16.8     I: -16.5 LUFS       LRA:   2.8 LU  FTPK: -10.2 dBFS  TPK:  -1.3 dBFS
[Parsed_ebur128_0 @ 0x146a064a0] t: 155.499979 TARGET:-23 LUFS    M: -16.0 S: -16.9     I: -16.5 LUFS       LRA:   2.8 LU  FTPK:  -1.6 dBFS  TPK:  -1.3 dBFS
[Parsed_ebur128_0 @ 0x146a064a0] t: 155.599979 TARGET:-23 LUFS    M: -16.5 S: -17.0     I: -16.5 LUFS       LRA:   2.8 LU  FTPK:  -3.1 dBFS  TPK:  -1.3 dBFS
[Parsed_ebur128_0 @ 0x146a064a0] t: 155.699979 TARGET:-23 LUFS    M: -16.9 S: -17.3     I: -16.5 LUFS       LRA:   2.8 LU  FTPK: -11.3 dBFS  TPK:  -1.3 dBFS
[Parsed_ebur128_0 @ 0x146a064a0] t: 155.799979 TARGET:-23 LUFS    M: -15.2 S: -17.0     I: -16.5 LUFS       LRA:   2.8 LU  FTPK:  -1.5 dBFS  TPK:  -1.3 dBFS
[Parsed_ebur128_0 @ 0x146a064a0] t: 155.899979 TARGET:-23 LUFS    M: -16.2 S: -16.8     I: -16.5 LUFS       LRA:   2.8 LU  FTPK:  -2.3 dBFS  TPK:  -1.3 dBFS
[Parsed_ebur128_0 @ 0x146a064a0] t: 155.999979 TARGET:-23 LUFS    M: -16.5 S: -16.8     I: -16.5 LUFS       LRA:   2.8 LU  FTPK:  -6.5 dBFS  TPK:  -1.3 dBFS
[Parsed_ebur128_0 @ 0x146a064a0] t: 156.099979 TARGET:-23 LUFS    M: -16.8 S: -16.8     I: -16.5 LUFS       LRA:   2.8 LU  FTPK: -10.1 dBFS  TPK:  -1.3 dBFS
[Parsed_ebur128_0 @ 0x146a064a0] t: 156.199979 TARGET:-23 LUFS    M: -20.4 S: -16.8     I: -16.5 LUFS       LRA:   2.8 LU  FTPK: -34.8 dBFS  TPK:  -1.3 dBFS
[Parsed_ebur128_0 @ 0x146a064a0] t: 156.299979 TARGET:-23 LUFS    M: -25.6 S: -17.1     I: -16.5 LUFS       LRA:   2.8 LU  FTPK: -36.8 dBFS  TPK:  -1.3 dBFS
[Parsed_ebur128_0 @ 0x146a064a0] t: 156.399979 TARGET:-23 LUFS    M: -32.1 S: -17.3     I: -16.5 LUFS       LRA:   2.8 LU  FTPK: -37.7 dBFS  TPK:  -1.3 dBFS
[Parsed_ebur128_0 @ 0x146a064a0] t: 156.499979 TARGET:-23 LUFS    M: -45.6 S: -17.3     I: -16.5 LUFS       LRA:   2.8 LU  FTPK: -39.9 dBFS  TPK:  -1.3 dBFS
[Parsed_ebur128_0 @ 0x146a064a0] t: 156.599979 TARGET:-23 LUFS    M: -47.6 S: -17.3     I: -16.5 LUFS       LRA:   2.8 LU  FTPK: -39.4 dBFS  TPK:  -1.3 dBFS
[Parsed_ebur128_0 @ 0x146a064a0] t: 156.699979 TARGET:-23 LUFS    M: -49.2 S: -17.6     I: -16.5 LUFS       LRA:   2.8 LU  FTPK:  -inf dBFS  TPK:  -1.3 dBFS
[Parsed_ebur128_0 @ 0x146a064a0] t: 156.799979 TARGET:-23 LUFS    M: -53.3 S: -17.8     I: -16.5 LUFS       LRA:   2.8 LU  FTPK:  -inf dBFS  TPK:  -1.3 dBFS
[Parsed_ebur128_0 @ 0x146a064a0] t: 156.899979 TARGET:-23 LUFS    M: -56.6 S: -18.2     I: -16.5 LUFS       LRA:   2.8 LU  FTPK:  -inf dBFS  TPK:  -1.3 dBFS
[Parsed_ebur128_0 @ 0x146a064a0] t: 156.999979 TARGET:-23 LUFS    M:-116.0 S: -18.4     I: -16.5 LUFS       LRA:   2.8 LU  FTPK:  -inf dBFS  TPK:  -1.3 dBFS
[Parsed_ebur128_0 @ 0x146a064a0] t: 157.099979 TARGET:-23 LUFS    M:-139.8 S: -19.2     I: -16.5 LUFS       LRA:   2.8 LU  FTPK:  -inf dBFS  TPK:  -1.3 dBFS
[Parsed_ebur128_0 @ 0x146a064a0] t: 157.199979 TARGET:-23 LUFS    M:-139.8 S: -19.2     I: -16.5 LUFS       LRA:   2.8 LU  FTPK:  -inf dBFS  TPK:  -1.3 dBFS
[Parsed_ebur128_0 @ 0x146a064a0] t: 157.299979 TARGET:-23 LUFS    M:-139.8 S: -19.2     I: -16.5 LUFS       LRA:   2.9 LU  FTPK:  -inf dBFS  TPK:  -1.3 dBFS
[Parsed_ebur128_0 @ 0x146a064a0] t: 157.399979 TARGET:-23 LUFS    M:-139.8 S: -19.2     I: -16.5 LUFS       LRA:   2.9 LU  FTPK:  -inf dBFS  TPK:  -1.3 dBFS
[Parsed_ebur128_0 @ 0x146a064a0] t: 157.499979 TARGET:-23 LUFS    M:-139.8 S: -19.6     I: -16.5 LUFS       LRA:   2.9 LU  FTPK:  -inf dBFS  TPK:  -1.3 dBFS
[Parsed_ebur128_0 @ 0x146a064a0] t: 157.599979 TARGET:-23 LUFS    M:-139.8 S: -20.7     I: -16.5 LUFS       LRA:   2.9 LU  FTPK:  -inf dBFS  TPK:  -1.3 dBFS
[Parsed_ebur128_0 @ 0x146a064a0] t: 157.699979 TARGET:-23 LUFS    M:-139.8 S: -20.7     I: -16.5 LUFS       LRA:   2.9 LU  FTPK:  -inf dBFS  TPK:  -1.3 dBFS
[Parsed_ebur128_0 @ 0x146a064a0] t: 157.799979 TARGET:-23 LUFS    M:-139.8 S: -21.2     I: -16.5 LUFS       LRA:   2.9 LU  FTPK:  -inf dBFS  TPK:  -1.3 dBFS
[Parsed_ebur128_0 @ 0x146a064a0] t: 157.899979 TARGET:-23 LUFS    M:-139.8 S: -21.6     I: -16.5 LUFS       LRA:   2.9 LU  FTPK:  -inf dBFS  TPK:  -1.3 dBFS
[Parsed_ebur128_0 @ 0x146a064a0] t: 157.999979 TARGET:-23 LUFS    M:-139.8 S: -21.6     I: -16.5 LUFS       LRA:   2.9 LU  FTPK:  -inf dBFS  TPK:  -1.3 dBFS
[Parsed_ebur128_0 @ 0x146a064a0] t: 158.099979 TARGET:-23 LUFS    M:-139.8 S: -21.6     I: -16.5 LUFS       LRA:   2.9 LU  FTPK:  -inf dBFS  TPK:  -1.3 dBFS
[Parsed_ebur128_0 @ 0x146a064a0] t: 158.199979 TARGET:-23 LUFS    M:-139.8 S: -22.2     I: -16.5 LUFS       LRA:   2.9 LU  FTPK:  -inf dBFS  TPK:  -1.3 dBFS
[Parsed_ebur128_0 @ 0x146a064a0] t: 158.299979 TARGET:-23 LUFS    M:-139.8 S: -22.6     I: -16.5 LUFS       LRA:   2.9 LU  FTPK:  -inf dBFS  TPK:  -1.3 dBFS
[Parsed_ebur128_0 @ 0x146a064a0] t: 158.399979 TARGET:-23 LUFS    M:-139.8 S: -22.8     I: -16.5 LUFS       LRA:   2.9 LU  FTPK:  -inf dBFS  TPK:  -1.3 dBFS
[Parsed_ebur128_0 @ 0x146a064a0] t: 158.499979 TARGET:-23 LUFS    M:-139.8 S: -24.4     I: -16.5 LUFS       LRA:   2.9 LU  FTPK:  -inf dBFS  TPK:  -1.3 dBFS
[Parsed_ebur128_0 @ 0x146a064a0] t: 158.599979 TARGET:-23 LUFS    M:-139.8 S: -25.2     I: -16.5 LUFS       LRA:   2.9 LU  FTPK:  -inf dBFS  TPK:  -1.3 dBFS
[Parsed_ebur128_0 @ 0x146a064a0] Summary:

  Integrated loudness:
    I:         -16.5 LUFS
    Threshold: -26.9 LUFS

  Loudness range:
    LRA:         2.9 LU
    Threshold: -37.0 LUFS
    LRA low:   -18.4 LUFS
    LRA high:  -15.5 LUFS

  True peak:
    Peak:       -1.3 dBFS
[out#0/null @ 0x135e082b0] video:2044KiB audio:14870KiB subtitle:0KiB other streams:0KiB global headers:0KiB muxing overhead: unknown
frame= 4758 fps=0.0 q=-0.0 Lsize=N/A time=00:02:38.60 bitrate=N/A speed= 229x    
